numExp,nSticks,stick1,stick2,p_isLong_1_L0,p_isLong_2_L0,p_isLong_1_L1,p_isLong_2_L1,isWEE,WEE
3596,5,0.975,0.925,0.76547987616099,0.9620098039215685,0.7125055366199815,0.9999994250358828,False,0.0
3597,5,0.975,0.975,0.76547987616099,0.7654798761609569,0.7071438166263214,0.7071438166263211,False,0.0
3598,5,0.975,0.975,0.76547987616099,0.7654798761609569,0.6913194854165554,0.6913194854165505,False,0.0
3599,5,0.975,0.975,0.76547987616099,0.7654798761609569,0.7125055366199815,0.7125055366198912,False,0.0
