model,experiment,lppd,pwaic2,elppd_waic,se_elppd_waic,loo,se_loo,mle
aa-hom-adding,replication,-28.27801982542067,0.5561912262209492,57.66842210328324,9.866837307544587,28.83409418213993,9.86683358565357,-28.05349599734921
mas-het-simple-adding,replication,6.679243623500632,1.043298911096341,-11.271889424808581,9.512064934467833,-5.636224626688346,9.5120504901049,8.230098976538551
mas-hom-adding,replication,7.662770547435208,1.0353653053714305,-13.254810484127557,9.622738492859789,-6.627696510635911,9.622723074342414,8.243400296645218
rsa-hom,replication,7.664633108482398,1.0084992813409817,-13.312267654282834,9.496697597981722,-6.656414214880849,9.496682659872336,8.114429436453628
rsa-het-simple,replication,6.233163243625789,1.0065741658113223,-10.453178155628933,9.26419815920349,-5.226767716039722,9.26419408737626,8.083887518621582
rsa-het-speakers,replication,10.173684306854867,1.9685608221032938,-16.410246969503145,9.120846739222614,-8.205780652716346,9.120807059388751,11.998937702129204
rsa-het-speakers-hi,replication,11.341333023999551,2.1762005306384227,-18.330264986722256,8.945310090589551,-9.165118269922038,8.945336320780886,16.201037729566117
