isLong,bias0,bias1,prob
long,2,-2,0.05985231289308163
short,2,-2,0.9401476871069274
