isLong,bias0,bias1,prob
long,5,-5,0.17725129810440543
short,5,-5,0.8227487018955942
