isLong,bias0,bias1,prob
long,2,-2,0.25159504288782303
short,2,-2,0.7484049571121765
