isLong,bias0,bias1,prob
long,5,-5,0.30698254375477907
short,5,-5,0.6930174562452207
