isLong,bias0,bias1,prob
long,2,-2,0.26862399243690543
short,2,-2,0.7313760075630951
