isLong,bias0,bias1,prob
long,5,-5,0.981511182159793
short,5,-5,0.018488817840207474
