isLong,bias0,bias1,prob
long,5,-5,0.4846938494756434
short,5,-5,0.5153061505243562
