isLong,bias0,bias1,prob
long,2,-2,0.7494614129301473
short,2,-2,0.25053858706985266
