isLong,bias0,bias1,prob
long,10,-10,0.6582263348599334
short,10,-10,0.34177366514006663
