isLong,bias0,bias1,prob
long,5,-5,0.3826782329623812
short,5,-5,0.6173217670376187
