isLong,bias0,bias1,prob
long,10,-10,0.8670061833127691
short,10,-10,0.1329938166872325
