isLong,bias0,bias1,prob
long,2,-2,0.3465317262683115
short,2,-2,0.6534682737316881
