isLong,bias0,bias1,prob
long,2,-2,0.0684257916892678
short,2,-2,0.931574208310732
