isLong,bias0,bias1,prob
long,2,-2,0.35112254698204054
short,2,-2,0.6488774530179592
