isLong,bias0,bias1,prob
long,2,-2,0.09223927413793265
short,2,-2,0.9077607258620674
