isLong,bias0,bias1,prob
long,5,-5,0.1460651038052927
short,5,-5,0.8539348961947072
