isLong,bias0,bias1,prob
long,10,-10,0.9908052812573608
short,10,-10,0.009194718742639784
