isLong,bias0,bias1,prob
long,5,-5,0.5874851424232537
short,5,-5,0.41251485757674633
