isLong,bias0,bias1,prob
long,2,-2,0.12046641893289821
short,2,-2,0.8795335810671018
