isLong,bias0,bias1,prob
long,10,-10,0.9999994179394942
short,10,-10,5.82060505418526e-7
