isLong,bias0,bias1,prob
long,5,-5,0.2641543879133067
short,5,-5,0.7358456120866925
