isLong,bias0,bias1,prob
long,10,-10,0.9634027500867961
short,10,-10,0.036597249913203254
