isLong,bias0,bias1,prob
long,10,-10,0.0413810324433398
short,10,-10,0.9586189675566601
