isLong,bias0,bias1,prob
long,10,-10,0.4442792440766516
short,10,-10,0.5557207559233484
