isLong,bias0,bias1,prob
long,5,-5,0.9998070024918736
short,5,-5,0.000192997508126514
