isLong,bias0,bias1,prob
long,10,-10,0.12643982191610317
short,10,-10,0.8735601780838965
