isLong,bias0,bias1,prob
long,2,-2,0.7830683099153003
short,2,-2,0.2169316900847001
