isLong,bias0,bias1,prob
long,2,-2,0.35320703071598336
short,2,-2,0.6467929692840169
