isLong,bias0,bias1,prob
long,2,-2,0.021165026776928858
short,2,-2,0.9788349732230709
