isLong,bias0,bias1,prob
long,5,-5,0.34144429636201573
short,5,-5,0.6585557036379848
