isLong,bias0,bias1,prob
long,5,-5,0.3841085026074178
short,5,-5,0.6158914973925822
