isLong,bias0,bias1,prob
long,2,-2,0.14948256589146422
short,2,-2,0.8505174341085361
