isLong,bias0,bias1,prob
long,10,-10,0.07025496499801108
short,10,-10,0.9297450350019892
