isLong,bias0,bias1,prob
long,10,-10,0.9957385999502294
short,10,-10,0.004261400049770879
