isLong,bias0,bias1,prob
long,5,-5,0.7777532771258009
short,5,-5,0.2222467228741999
