isLong,bias0,bias1,prob
long,5,-5,0.10581830357033595
short,5,-5,0.89418169642961
