isLong,bias0,bias1,prob
long,2,-2,0.2714079683597596
short,2,-2,0.7285920316402401
