isLong,bias0,bias1,prob
long,5,-5,0.07103076978440218
short,5,-5,0.9289692302155983
