isLong,bias0,bias1,prob
long,5,-5,0.19940937119426105
short,5,-5,0.8005906288057391
