isLong,bias0,bias1,prob
long,5,-5,0.3851067052252588
short,5,-5,0.6148932947747416
