isLong,bias0,bias1,prob
long,10,-10,0.239017063598294
short,10,-10,0.7609829364017069
