isLong,bias0,bias1,prob
long,2,-2,0.22921765193547045
short,2,-2,0.7707823480645297
