isLong,bias0,bias1,prob
long,10,-10,0.309011858925581
short,10,-10,0.6909881410744194
