isLong,bias0,bias1,prob
long,10,-10,0.0022741948763069122
short,10,-10,0.9977258051236929
