isLong,bias0,bias1,prob
long,10,-10,0.00003237020287446136
short,10,-10,0.9999676297971251
