isLong,bias0,bias1,prob
long,10,-10,0.0706525390423277
short,10,-10,0.929347460957672
