isLong,bias0,bias1,prob
long,10,-10,0.9882858311626671
short,10,-10,0.011714168837332941
