isLong,bias0,bias1,prob
long,2,-2,0.6574657248173019
short,2,-2,0.3425342751827476
