isLong,bias0,bias1,prob
long,5,-5,0.32720276038141366
short,5,-5,0.6727972396185872
