isLong,bias0,bias1,prob
long,2,-2,0.9619927746066473
short,2,-2,0.0380072253933526
