isLong,bias0,bias1,prob
long,2,-2,0.09122655713438732
short,2,-2,0.9087734428656123
