isLong,bias0,bias1,prob
long,2,-2,0.5963444098848768
short,2,-2,0.4036555901151222
