isLong,bias0,bias1,prob
long,2,-2,0.4331716004863078
short,2,-2,0.5668283995136919
