isLong,bias0,bias1,prob
long,5,-5,0.9154955130375264
short,5,-5,0.08450448696247377
