isLong,bias0,bias1,prob
long,2,-2,0.24422305298383576
short,2,-2,0.755776947016164
