isLong,bias0,bias1,prob
long,5,-5,0.9336902364523546
short,5,-5,0.06630976354764609
