isLong,bias0,bias1,prob
long,2,-2,0.004880770404139591
short,2,-2,0.9951192295958605
