isLong,bias0,bias1,prob
long,10,-10,0.26232870701381167
short,10,-10,0.7376712929861879
