isLong,bias0,bias1,prob
long,10,-10,0.5557773554737144
short,10,-10,0.44422264452628585
