isLong,bias0,bias1,prob
long,5,-5,0.04716952863184845
short,5,-5,0.9528304713681518
