isLong,bias0,bias1,prob
long,10,-10,0.2339428505998741
short,10,-10,0.7660571494001263
