isLong,bias0,bias1,prob
long,10,-10,0.16874563752898372
short,10,-10,0.831254362471017
