isLong,bias0,bias1,prob
long,5,-5,0.20124123173992284
short,5,-5,0.7987587682601305
