isLong,bias0,bias1,prob
long,2,-2,0.488560258473909
short,2,-2,0.5114397415260907
