isLong,bias0,bias1,prob
long,2,-2,0.06674087086166608
short,2,-2,0.9332591291383343
