isLong,bias0,bias1,prob
long,2,-2,0.5801952301622206
short,2,-2,0.4198047698377789
