isLong,bias0,bias1,prob
long,5,-5,0.6845294638582855
short,5,-5,0.3154705361417145
