isLong,bias0,bias1,prob
long,5,-5,0.11636153908251166
short,5,-5,0.8836384609174875
