isLong,bias0,bias1,prob
long,5,-5,0.9873068516053559
short,5,-5,0.012693148394644518
