isLong,bias0,bias1,prob
long,5,-5,0.17001763444746426
short,5,-5,0.8299823655525359
