isLong,bias0,bias1,prob
long,5,-5,0.5245234047732439
short,5,-5,0.4754765952267568
