isLong,bias0,bias1,prob
long,5,-5,0.36727979841502256
short,5,-5,0.632720201585034
