isLong,bias0,bias1,prob
long,5,-5,0.0012589890080243315
short,5,-5,0.9987410109919754
