isLong,bias0,bias1,prob
long,5,-5,0.04283074835046819
short,5,-5,0.9571692516495318
