isLong,bias0,bias1,prob
long,10,-10,0.0389741602543989
short,10,-10,0.9610258397456013
