isLong,bias0,bias1,prob
long,10,-10,0.0011376730334636503
short,10,-10,0.9988623269665359
