isLong,bias0,bias1,prob
long,5,-5,0.5593027962191616
short,5,-5,0.4406972037808378
