isLong,bias0,bias1,prob
long,2,-2,0.44521388996910183
short,2,-2,0.5547861100308612
