isLong,bias0,bias1,prob
long,10,-10,0.9949691417410019
short,10,-10,0.005030858258997216
