isLong,bias0,bias1,prob
long,2,-2,0.3176830379181318
short,2,-2,0.6823169620818679
