isLong,bias0,bias1,prob
long,10,-10,0.026987445207949594
short,10,-10,0.9730125547920504
