isLong,bias0,bias1,prob
long,10,-10,0.011092221097863753
short,10,-10,0.9889077789021362
