isLong,bias0,bias1,prob
long,10,-10,0.7666286854258287
short,10,-10,0.23337131457417135
