isLong,bias0,bias1,prob
long,2,-2,0.4260581256594165
short,2,-2,0.5739418743405832
