isLong,bias0,bias1,prob
long,2,-2,0.4592408906183524
short,2,-2,0.5407591093816476
