isLong,bias0,bias1,prob
long,5,-5,0.9998700933924564
short,5,-5,0.00012990660754348934
