isLong,bias0,bias1,prob
long,10,-10,0.9997820454625992
short,10,-10,0.00021795453740110508
