isLong,bias0,bias1,prob
long,5,-5,0.960279589826452
short,5,-5,0.03972041017354845
