isLong,bias0,bias1,prob
long,2,-2,0.09365922915492414
short,2,-2,0.9063407708450761
