isLong,bias0,bias1,prob
long,10,-10,0.35479544934876023
short,10,-10,0.6452045506512388
