isLong,bias0,bias1,prob
long,2,-2,0.3280224679335073
short,2,-2,0.671977532066493
