isLong,bias0,bias1,prob
long,10,-10,0.10624364401497968
short,10,-10,0.8937563559850202
