isLong,bias0,bias1,prob
long,2,-2,0.6508306333688003
short,2,-2,0.34916936663119935
