isLong,bias0,bias1,prob
long,10,-10,0.0005747018690549615
short,10,-10,0.9994252981309448
