isLong,bias0,bias1,prob
long,10,-10,0.9999973038824984
short,10,-10,0.0000026961175008807405
