isLong,bias0,bias1,prob
long,10,-10,0.013827536776078614
short,10,-10,0.9861724632239217
