isLong,bias0,bias1,prob
long,2,-2,0.3031441489846257
short,2,-2,0.6968558510153742
