isLong,bias0,bias1,prob
long,5,-5,0.022363572173646797
short,5,-5,0.9776364278263536
