isLong,bias0,bias1,prob
long,2,-2,0.1526643839503955
short,2,-2,0.847335616049605
