isLong,bias0,bias1,prob
long,10,-10,0.0013393225711542723
short,10,-10,0.9986606774288459
