isLong,bias0,bias1,prob
long,5,-5,0.5977873148408706
short,5,-5,0.40221268515912895
