isLong,bias0,bias1,prob
long,2,-2,0.2744668325113264
short,2,-2,0.7255331674886734
