isLong,bias0,bias1,prob
long,2,-2,0.19132788716452054
short,2,-2,0.808672112835479
