isLong,bias0,bias1,prob
long,10,-10,0.00003965358742066304
short,10,-10,0.9999603464125791
