isLong,bias0,bias1,prob
long,2,-2,0.33926895513236577
short,2,-2,0.6607310448676342
