isLong,bias0,bias1,prob
long,5,-5,0.2548030300701117
short,5,-5,0.7451969699298886
