isLong,bias0,bias1,prob
long,5,-5,0.6320211030365787
short,5,-5,0.3679788969634208
