isLong,bias0,bias1,prob
long,2,-2,0.9864694016110661
short,2,-2,0.013530598388934348
