isLong,bias0,bias1,prob
long,10,-10,0.38966927310859284
short,10,-10,0.6103307268914068
