isLong,bias0,bias1,prob
long,2,-2,0.23299653485028538
short,2,-2,0.767003465149715
