isLong,bias0,bias1,prob
long,5,-5,0.46872099608758677
short,5,-5,0.5312790039124131
