isLong,bias0,bias1,prob
long,10,-10,0.23746868703465732
short,10,-10,0.7625313129653427
