isLong,bias0,bias1,prob
long,5,-5,0.9051773514666714
short,5,-5,0.09482264853332822
