isLong,bias0,bias1,prob
long,10,-10,0.6824002475826527
short,10,-10,0.31759975241734656
