isLong,bias0,bias1,prob
long,10,-10,0.11912531773260006
short,10,-10,0.8808746822673994
