isLong,bias0,bias1,prob
long,10,-10,0.004889163084704943
short,10,-10,0.9951108369152954
