isLong,bias0,bias1,prob
long,5,-5,0.0675630185060189
short,5,-5,0.9324369814939811
