isLong,bias0,bias1,prob
long,5,-5,0.06868023638627599
short,5,-5,0.9313197636137246
