isLong,bias0,bias1,prob
long,2,-2,0.7098118730624663
short,2,-2,0.29018812693753326
