isLong,bias0,bias1,prob
long,5,-5,0.2950593303876826
short,5,-5,0.704940669612317
