isLong,bias0,bias1,prob
long,5,-5,0.9923216399183173
short,5,-5,0.007678360081683152
