isLong,bias0,bias1,prob
long,2,-2,0.27767470708548775
short,2,-2,0.722325292914513
