isLong,bias0,bias1,prob
long,2,-2,0.8522774092860449
short,2,-2,0.1477225907139548
