isLong,bias0,bias1,prob
long,5,-5,0.2037825236348783
short,5,-5,0.7962174763651219
