isLong,bias0,bias1,prob
long,2,-2,0.6270690407981293
short,2,-2,0.3729309592018707
