isLong,bias0,bias1,prob
long,2,-2,0.20311533541592336
short,2,-2,0.7968846645840763
