isLong,bias0,bias1,prob
long,2,-2,0.36428685457556964
short,2,-2,0.6357131454244304
