isLong,bias0,bias1,prob
long,2,-2,0.26748451015582
short,2,-2,0.7325154898441797
