isLong,bias0,bias1,prob
long,10,-10,0.999840667398047
short,10,-10,0.00015933260195346216
