isLong,bias0,bias1,prob
long,10,-10,0.9782395107588361
short,10,-10,0.02176048924116327
