isLong,bias0,bias1,prob
long,10,-10,0.20045148644116279
short,10,-10,0.7995485135588375
