isLong,bias0,bias1,prob
long,2,-2,0.17684856620556583
short,2,-2,0.8231514337944339
