isLong,bias0,bias1,prob
long,5,-5,0.6270698970904551
short,5,-5,0.3729301029095452
