isLong,bias0,bias1,prob
long,2,-2,0.28103723354147014
short,2,-2,0.7189627664585296
