isLong,bias0,bias1,prob
long,10,-10,0.99312557568119
short,10,-10,0.0068744243188098636
