isLong,bias0,bias1,prob
long,10,-10,0.003223770589027288
short,10,-10,0.9967762294109727
