isLong,bias0,bias1,prob
long,2,-2,0.1547686686402514
short,2,-2,0.8452313313597485
