isLong,bias0,bias1,prob
long,2,-2,0.2699599195648691
short,2,-2,0.7300400804351306
