isLong,bias0,bias1,prob
long,2,-2,0.2282979266018779
short,2,-2,0.7717020733981226
