isLong,bias0,bias1,prob
long,5,-5,0.13860561165051918
short,5,-5,0.8613943883494807
