isLong,bias0,bias1,prob
long,5,-5,0.44776379906918473
short,5,-5,0.552236200930815
