isLong,bias0,bias1,prob
long,2,-2,0.4299609326958823
short,2,-2,0.5700390673041174
