isLong,bias0,bias1,prob
long,2,-2,0.6186782811657009
short,2,-2,0.3813217188342992
