isLong,bias0,bias1,prob
long,2,-2,0.430418345953411
short,2,-2,0.5695816540465892
