isLong,bias0,bias1,prob
long,2,-2,0.34625711342679705
short,2,-2,0.6537428865732025
