isLong,bias0,bias1,prob
long,5,-5,0.5606691042047969
short,5,-5,0.4393308957952033
