isLong,bias0,bias1,prob
long,2,-2,0.5933179808946244
short,2,-2,0.406682019105375
