isLong,bias0,bias1,prob
long,5,-5,0.0291346423898314
short,5,-5,0.9708653576101691
