isLong,bias0,bias1,prob
long,5,-5,0.47417085797972774
short,5,-5,0.5258291420202725
