isLong,bias0,bias1,prob
long,5,-5,0.05364180900897802
short,5,-5,0.9463581909910218
