isLong,bias0,bias1,prob
long,10,-10,0.9974830929768409
short,10,-10,0.0025169070231595165
