isLong,bias0,bias1,prob
long,2,-2,0.2049175230075937
short,2,-2,0.7950824769924063
