isLong,bias0,bias1,prob
long,10,-10,0.05772764350948541
short,10,-10,0.9422723564905143
