isLong,bias0,bias1,prob
long,10,-10,0.4993024123733271
short,10,-10,0.5006975876266729
