isLong,bias0,bias1,prob
long,10,-10,0.0862090755762491
short,10,-10,0.9137909244237512
