isLong,bias0,bias1,prob
long,2,-2,0.8680109042701248
short,2,-2,0.1319890957298755
