isLong,bias0,bias1,prob
long,5,-5,0.6205216447292748
short,5,-5,0.37947835527072515
