isLong,bias0,bias1,prob
long,5,-5,0.008893520867079988
short,5,-5,0.9911064791329192
