isLong,bias0,bias1,prob
long,5,-5,0.7188939624259064
short,5,-5,0.2811060375740938
