isLong,bias0,bias1,prob
long,2,-2,0.15348809662756305
short,2,-2,0.8465119033724369
