isLong,bias0,bias1,prob
long,10,-10,0.9261727892473705
short,10,-10,0.0738272107526294
