isLong,bias0,bias1,prob
long,2,-2,0.041022452092172354
short,2,-2,0.9589775479078275
