isLong,bias0,bias1,prob
long,5,-5,0.6219883927675887
short,5,-5,0.37801160723241084
