isLong,bias0,bias1,prob
long,10,-10,0.6316808716857917
short,10,-10,0.36831912831420766
