isLong,bias0,bias1,prob
long,2,-2,0.19105902688594192
short,2,-2,0.8089409731140583
