isLong,bias0,bias1,prob
long,2,-2,0.6503081217394118
short,2,-2,0.349691878260588
