isLong,bias0,bias1,prob
long,2,-2,0.15528271724757875
short,2,-2,0.844717282752421
