isLong,bias0,bias1,prob
long,10,-10,0.44519495610032217
short,10,-10,0.5548050438996764
