isLong,bias0,bias1,prob
long,10,-10,0.2411927613202912
short,10,-10,0.7588072386797088
