isLong,bias0,bias1,prob
long,2,-2,0.09402101602752608
short,2,-2,0.9059789839724735
