isLong,bias0,bias1,prob
long,2,-2,0.4127945534903582
short,2,-2,0.5872054465096416
