isLong,bias0,bias1,prob
long,2,-2,0.7477251555985022
short,2,-2,0.252274844401497
