isLong,bias0,bias1,prob
long,10,-10,0.0008654905009239607
short,10,-10,0.9991345094990756
