isLong,bias0,bias1,prob
long,10,-10,0.22962717460138687
short,10,-10,0.7703728253986137
