isLong,bias0,bias1,prob
long,5,-5,0.23129493944083251
short,5,-5,0.7687050605591672
