isLong,bias0,bias1,prob
long,10,-10,0.9161571591416773
short,10,-10,0.08384284085832158
