isLong,bias0,bias1,prob
long,10,-10,0.6278017246835155
short,10,-10,0.37219827531648475
