isLong,bias0,bias1,prob
long,2,-2,0.3205015027691739
short,2,-2,0.6794984972308464
