isLong,bias0,bias1,prob
long,10,-10,0.026779521195589413
short,10,-10,0.9732204788044101
