isLong,bias0,bias1,prob
long,5,-5,0.0465266929662832
short,5,-5,0.9534733070337172
