isLong,bias0,bias1,prob
long,2,-2,0.8316793783727708
short,2,-2,0.16832062162722894
