isLong,bias0,bias1,prob
long,5,-5,0.6418417212671428
short,5,-5,0.35815827873285766
