isLong,bias0,bias1,prob
long,5,-5,0.7600020910980448
short,5,-5,0.23999790890195533
