isLong,bias0,bias1,prob
long,10,-10,0.9157953554250793
short,10,-10,0.08420464457492041
