isLong,bias0,bias1,prob
long,10,-10,0.04849479015014081
short,10,-10,0.9515052098498616
