isLong,bias0,bias1,prob
long,2,-2,0.032581317870390314
short,2,-2,0.96741868212961
