isLong,bias0,bias1,prob
long,2,-2,0.5640907756170026
short,2,-2,0.435909224382998
