isLong,bias0,bias1,prob
long,2,-2,0.8944168421417404
short,2,-2,0.10558315785826
