isLong,bias0,bias1,prob
long,2,-2,0.9574347700440065
short,2,-2,0.04256522995599378
