isLong,bias0,bias1,prob
long,2,-2,0.9877455328873583
short,2,-2,0.012254467112641611
