isLong,bias0,bias1,prob
long,5,-5,0.8889511704700753
short,5,-5,0.11104882952992404
