isLong,bias0,bias1,prob
long,10,-10,0.6295829706136047
short,10,-10,0.37041702938639576
