isLong,bias0,bias1,prob
long,2,-2,0.2799199199158139
short,2,-2,0.7200800800841858
