isLong,bias0,bias1,prob
long,2,-2,0.5034994832788636
short,2,-2,0.4965005167211367
