isLong,bias0,bias1,prob
long,2,-2,0.20525721375174347
short,2,-2,0.7947427862482562
