isLong,bias0,bias1,prob
long,5,-5,0.46801035527744655
short,5,-5,0.5319896447225532
