isLong,bias0,bias1,prob
long,5,-5,0.941773079100641
short,5,-5,0.05822692089935873
