isLong,bias0,bias1,prob
long,5,-5,0.0922350338360906
short,5,-5,0.9077649661639093
