isLong,bias0,bias1,prob
long,10,-10,0.9473796346457679
short,10,-10,0.05262036535423245
