isLong,bias0,bias1,prob
long,5,-5,0.7719680251556138
short,5,-5,0.22803197484438542
