isLong,bias0,bias1,prob
long,2,-2,0.275011690223832
short,2,-2,0.7249883097761682
