isLong,bias0,bias1,prob
long,2,-2,0.38967019720354956
short,2,-2,0.6103298027964501
