isLong,bias0,bias1,prob
long,10,-10,0.9788490298410031
short,10,-10,0.021150970158996987
