isLong,bias0,bias1,prob
long,2,-2,0.009902124530096935
short,2,-2,0.9900978754699031
