isLong,bias0,bias1,prob
long,5,-5,0.9748217883566676
short,5,-5,0.025178211643332598
