isLong,bias0,bias1,prob
long,5,-5,0.40579532792879774
short,5,-5,0.5942046720712016
