isLong,bias0,bias1,prob
long,2,-2,0.3370016065170342
short,2,-2,0.6629983934829657
