isLong,bias0,bias1,prob
long,10,-10,0.5843427324828151
short,10,-10,0.4156572675171854
