isLong,bias0,bias1,prob
long,10,-10,0.9999815630848483
short,10,-10,0.000018436915151815406
