isLong,bias0,bias1,prob
long,5,-5,0.9999975202392146
short,5,-5,0.0000024797607850792335
