isLong,bias0,bias1,prob
long,2,-2,0.4214842271251182
short,2,-2,0.5785157728748813
