isLong,bias0,bias1,prob
long,5,-5,0.3941168652539415
short,5,-5,0.6058831347460588
