isLong,bias0,bias1,prob
long,5,-5,0.7085298046379068
short,5,-5,0.29147019536209323
