isLong,bias0,bias1,prob
long,2,-2,0.9885219994543188
short,2,-2,0.01147800054568112
