isLong,bias0,bias1,prob
long,2,-2,0.8511581994433909
short,2,-2,0.14884180055660892
