isLong,bias0,bias1,prob
long,2,-2,0.3793631571838253
short,2,-2,0.6206368428161304
