isLong,bias0,bias1,prob
long,5,-5,0.9963978244938294
short,5,-5,0.003602175506170692
