isLong,bias0,bias1,prob
long,10,-10,0.9999999999840821
short,10,-10,1.5918120691271383e-11
