isLong,bias0,bias1,prob
long,2,-2,0.5259589263881713
short,2,-2,0.47404107361182873
