isLong,bias0,bias1,prob
long,2,-2,0.7058118900373193
short,2,-2,0.29418810996273614
