isLong,bias0,bias1,prob
long,2,-2,0.2617110095209694
short,2,-2,0.7382889904790306
