isLong,bias0,bias1,prob
long,5,-5,0.45849678767470725
short,5,-5,0.5415032123252929
