isLong,bias0,bias1,prob
long,10,-10,0.7266925746549378
short,10,-10,0.2733074253451035
