isLong,bias0,bias1,prob
long,10,-10,0.04854313388076402
short,10,-10,0.9514568661192357
