isLong,bias0,bias1,prob
long,2,-2,0.06454859414115541
short,2,-2,0.9354514058588449
