isLong,bias0,bias1,prob
long,10,-10,0.021059623941158484
short,10,-10,0.9789403760588417
