isLong,bias0,bias1,prob
long,10,-10,0.9900373667670243
short,10,-10,0.009962633232976192
