isLong,bias0,bias1,prob
long,10,-10,0.000039653587420659235
short,10,-10,0.9999603464126156
