isLong,bias0,bias1,prob
long,2,-2,0.9497177311681011
short,2,-2,0.05028226883189822
