isLong,bias0,bias1,prob
long,2,-2,0.9678896382330071
short,2,-2,0.032110361766992244
