isLong,bias0,bias1,prob
long,10,-10,0.6858679649689565
short,10,-10,0.314132035031043
