isLong,bias0,bias1,prob
long,2,-2,0.511013559430603
short,2,-2,0.4889864405693971
