isLong,bias0,bias1,prob
long,10,-10,0.007415959787508451
short,10,-10,0.9925840402124912
