isLong,bias0,bias1,prob
long,5,-5,0.7971756628804515
short,5,-5,0.2028243371195487
