isLong,bias0,bias1,prob
long,5,-5,0.9721851859533154
short,5,-5,0.027814814046685017
