isLong,bias0,bias1,prob
long,5,-5,0.16975983558193208
short,5,-5,0.8302401644180687
