isLong,bias0,bias1,prob
long,2,-2,0.11484798481918336
short,2,-2,0.8851520151808162
