isLong,bias0,bias1,prob
long,5,-5,0.30817013277571575
short,5,-5,0.6918298672242842
