isLong,bias0,bias1,prob
long,5,-5,0.01065620704839245
short,5,-5,0.9893437929516069
