isLong,bias0,bias1,prob
long,10,-10,0.15945122137645729
short,10,-10,0.8405487786235419
