isLong,bias0,bias1,prob
long,5,-5,0.6464368387677015
short,5,-5,0.35356316123229875
