isLong,bias0,bias1,prob
long,5,-5,0.12850999984705724
short,5,-5,0.8714900001529431
