isLong,bias0,bias1,prob
long,10,-10,0.9999711811752838
short,10,-10,0.000028818824716195632
