isLong,bias0,bias1,prob
long,2,-2,0.7443229768946598
short,2,-2,0.2556770231053407
