isLong,bias0,bias1,prob
long,10,-10,0.03804340802995665
short,10,-10,0.9619565919700426
