isLong,bias0,bias1,prob
long,5,-5,0.03361771625258067
short,5,-5,0.9663822837474191
