isLong,bias0,bias1,prob
long,2,-2,0.21483338718669875
short,2,-2,0.7851666128133015
