isLong,bias0,bias1,prob
long,5,-5,0.06746150767102868
short,5,-5,0.9325384923289715
