isLong,bias0,bias1,prob
long,2,-2,0.2218776416134087
short,2,-2,0.7781223583865912
