isLong,bias0,bias1,prob
long,10,-10,0.9963514594000863
short,10,-10,0.0036485405999132432
