isLong,bias0,bias1,prob
long,5,-5,0.734147600377556
short,5,-5,0.2658523996224433
