isLong,bias0,bias1,prob
long,5,-5,0.1313251809708425
short,5,-5,0.8686748190291567
