isLong,bias0,bias1,prob
long,2,-2,0.04741538629251496
short,2,-2,0.9525846137074847
