isLong,bias0,bias1,prob
long,10,-10,0.928540356260727
short,10,-10,0.07145964373927177
