isLong,bias0,bias1,prob
long,5,-5,0.20296315554118452
short,5,-5,0.797036844458815
