isLong,bias0,bias1,prob
long,2,-2,0.29687278001188455
short,2,-2,0.7031272199881153
