isLong,bias0,bias1,prob
long,5,-5,0.12565516706660224
short,5,-5,0.8743448329333978
