isLong,bias0,bias1,prob
long,5,-5,0.9119950843354815
short,5,-5,0.08800491566451883
