isLong,bias0,bias1,prob
false,-5,0,0.05
true,-5,0,0.23
true,-5,-5,0.010000000000000005
true,-5,1,0.10000000000000002
false,-5,1,0.07
true,1,1,0.010000000000000005
true,5,1,0.07999999999999999
true,5,5,0.020000000000000004
true,5,0,0.06
true,-1,0,0.010000000000000005
true,1,0,0.029999999999999995
true,-5,-1,0.029999999999999995
true,0,-1,0.15999999999999998
true,0,0,0.05
true,5,-1,0.09000000000000002
