isLong,bias0,bias1,prob
long,2,-2,0.020205471831696672
short,2,-2,0.9797945281683031
