isLong,bias0,bias1,prob
long,2,-2,0.6841876445103052
short,2,-2,0.31581235548969444
