isLong,bias0,bias1,prob
long,5,-5,0.08918183272156119
short,5,-5,0.9108181672784567
