isLong,bias0,bias1,prob
long,2,-2,0.47774381327579696
short,2,-2,0.5222561867242026
