isLong,bias0,bias1,prob
long,2,-2,0.582175732893464
short,2,-2,0.41782426710653564
