isLong,bias0,bias1,prob
long,5,-5,0.03458300711754724
short,5,-5,0.9654169928824526
