isLong,bias0,bias1,prob
long,10,-10,0.1650687361696934
short,10,-10,0.8349312638303065
