isLong,bias0,bias1,prob
long,2,-2,0.41458745179519085
short,2,-2,0.5854125482048087
