isLong,bias0,bias1,prob
long,10,-10,0.7596952053414756
short,10,-10,0.24030479465852406
