isLong,bias0,bias1,prob
long,10,-10,0.10385573178123643
short,10,-10,0.8961442682187634
