isLong,bias0,bias1,prob
long,2,-2,0.8603198228818234
short,2,-2,0.13968017711817696
