isLong,bias0,bias1,prob
long,5,-5,0.861327980384223
short,5,-5,0.1386720196157762
