isLong,bias0,bias1,prob
long,10,-10,0.958341586992293
short,10,-10,0.0416584130077064
