isLong,bias0,bias1,prob
long,5,-5,0.9567248629412841
short,5,-5,0.043275137058715794
