isLong,bias0,bias1,prob
long,2,-2,0.5681263042535483
short,2,-2,0.43187369574645185
