isLong,bias0,bias1,prob
long,10,-10,0.9980985598286087
short,10,-10,0.0019014401713914504
