isLong,bias0,bias1,prob
long,5,-5,0.5773165871594532
short,5,-5,0.4226834128405471
