isLong,bias0,bias1,prob
long,10,-10,0.999990414822834
short,10,-10,0.000009585177166675055
