isLong,bias0,bias1,prob
long,10,-10,0.07145878931156804
short,10,-10,0.928541210688433
