isLong,bias0,bias1,prob
long,2,-2,0.7503162335388942
short,2,-2,0.24968376646110566
