isLong,bias0,bias1,prob
long,10,-10,0.9248823290064685
short,10,-10,0.07511767099353234
