isLong,bias0,bias1,prob
long,5,-5,0.026854553946626586
short,5,-5,0.973145446053373
