isLong,bias0,bias1,prob
long,5,-5,0.8334135191427955
short,5,-5,0.16658648085720437
