isLong,bias0,bias1,prob
long,10,-10,0.0010238288689751157
short,10,-10,0.9989761711310248
