isLong,bias0,bias1,prob
long,5,-5,0.8268215130767427
short,5,-5,0.17317848692325677
