isLong,bias0,bias1,prob
long,10,-10,0.08403024166298818
short,10,-10,0.9159697583370114
