isLong,bias0,bias1,prob
long,5,-5,0.9890256379617403
short,5,-5,0.010974362038260304
