isLong,bias0,bias1,prob
long,2,-2,0.3809923397648196
short,2,-2,0.61900766023518
