isLong,bias0,bias1,prob
long,10,-10,0.971309662929499
short,10,-10,0.028690337070500463
