isLong,bias0,bias1,prob
long,10,-10,0.0006456053966949872
short,10,-10,0.9993543946033053
