isLong,bias0,bias1,prob
long,10,-10,0.2209740589199679
short,10,-10,0.7790259410800324
