isLong,bias0,bias1,prob
long,2,-2,0.15128653873628034
short,2,-2,0.8487134612637198
