isLong,bias0,bias1,prob
long,2,-2,0.5604185648326306
short,2,-2,0.4395814351673691
