isLong,bias0,bias1,prob
long,10,-10,0.4706581946124208
short,10,-10,0.5293418053875795
