isLong,bias0,bias1,prob
long,10,-10,0.47822813007584397
short,10,-10,0.5217718699241561
