isLong,bias0,bias1,prob
long,10,-10,0.8318293318090245
short,10,-10,0.1681706681909754
