isLong,bias0,bias1,prob
long,2,-2,0.12060054534627654
short,2,-2,0.8793994546537234
