isLong,bias0,bias1,prob
long,2,-2,0.6246617347446047
short,2,-2,0.37533826525539504
