isLong,bias0,bias1,prob
long,5,-5,0.04796977428976711
short,5,-5,0.9520302257102327
