isLong,bias0,bias1,prob
long,10,-10,0.006886331374967353
short,10,-10,0.993113668625024
