isLong,bias0,bias1,prob
long,5,-5,0.9390181132349925
short,5,-5,0.06098188676500674
