isLong,bias0,bias1,prob
long,2,-2,0.1206897966703235
short,2,-2,0.8793102033296765
