isLong,bias0,bias1,prob
long,10,-10,0.16341256826362954
short,10,-10,0.8365874317363702
