isLong,bias0,bias1,prob
long,5,-5,0.1720225066254525
short,5,-5,0.827977493374545
