isLong,bias0,bias1,prob
long,10,-10,0.022094227324087223
short,10,-10,0.9779057726759125
