isLong,bias0,bias1,prob
long,10,-10,0.38631667194247976
short,10,-10,0.6136833280575207
