isLong,bias0,bias1,prob
long,10,-10,0.012208999460349989
short,10,-10,0.9877910005396497
