isLong,bias0,bias1,prob
long,10,-10,0.8819310230405032
short,10,-10,0.11806897695949695
