isLong,bias0,bias1,prob
long,10,-10,0.003807749460296787
short,10,-10,0.9961922505397035
