isLong,bias0,bias1,prob
long,5,-5,0.9999986302948073
short,5,-5,0.0000013697051926051936
