isLong,bias0,bias1,prob
long,2,-2,0.5812967514165004
short,2,-2,0.41870324858349967
