isLong,bias0,bias1,prob
long,2,-2,0.35136104410663116
short,2,-2,0.648638955893369
