isLong,bias0,bias1,prob
long,10,-10,0.9889532340516082
short,10,-10,0.011046765948391395
