isLong,bias0,bias1,prob
long,10,-10,0.00560664542233218
short,10,-10,0.9943933545776393
