isLong,bias0,bias1,prob
long,2,-2,0.2408432707708362
short,2,-2,0.7591567292291637
