isLong,bias0,bias1,prob
long,10,-10,0.8769372200609256
short,10,-10,0.12306277993907438
