isLong,bias0,bias1,prob
long,5,-5,0.04702013898857291
short,5,-5,0.9529798610114273
