isLong,bias0,bias1,prob
long,5,-5,0.8125915306813916
short,5,-5,0.1874084693186089
