isLong,bias0,bias1,prob
long,5,-5,0.8220907133115768
short,5,-5,0.1779092866884227
