isLong,bias0,bias1,prob
long,10,-10,0.9543987588134468
short,10,-10,0.04560124118655316
