isLong,bias0,bias1,prob
long,5,-5,0.9394697228198174
short,5,-5,0.06053027718018239
