isLong,bias0,bias1,prob
long,5,-5,0.20124123174000452
short,5,-5,0.7987587682599954
