isLong,bias0,bias1,prob
long,10,-10,0.9989899777936491
short,10,-10,0.0010100222063511534
