isLong,bias0,bias1,prob
long,5,-5,0.014946609083434525
short,5,-5,0.9850533909165146
