isLong,bias0,bias1,prob
long,5,-5,0.4877997712783994
short,5,-5,0.512200228721601
