isLong,bias0,bias1,prob
long,10,-10,0.1485624562425041
short,10,-10,0.8514375437575108
