isLong,bias0,bias1,prob
long,10,-10,0.10169372518526772
short,10,-10,0.8983062748147324
