isLong,bias0,bias1,prob
long,2,-2,0.5311203255565654
short,2,-2,0.4688796744434342
