isLong,bias0,bias1,prob
long,5,-5,0.5056966607800336
short,5,-5,0.4943033392199669
