isLong,bias0,bias1,prob
long,5,-5,0.8121346074987481
short,5,-5,0.18786539250125178
