isLong,bias0,bias1,prob
long,10,-10,0.5159966762863367
short,10,-10,0.4840033237136627
