isLong,bias0,bias1,prob
long,10,-10,0.9987984943384268
short,10,-10,0.0012015056615721094
