isLong,bias0,bias1,prob
long,2,-2,0.42503124672137355
short,2,-2,0.5749687532786267
