isLong,bias0,bias1,prob
long,2,-2,0.794883160410014
short,2,-2,0.20511683958998642
