isLong,bias0,bias1,prob
long,10,-10,0.0006059137804525259
short,10,-10,0.9993940862195472
