isLong,bias0,bias1,prob
long,2,-2,0.9339532090142618
short,2,-2,0.06604679098573829
