isLong,bias0,bias1,prob
long,5,-5,0.9305524272034476
short,5,-5,0.06944757279655331
