isLong,bias0,bias1,prob
long,2,-2,0.7876376420426505
short,2,-2,0.2123623579573497
