isLong,bias0,bias1,prob
long,2,-2,0.5370584679844329
short,2,-2,0.462941532015567
