isLong,bias0,bias1,prob
long,2,-2,0.6033671675930959
short,2,-2,0.3966328324069044
