isLong,bias0,bias1,prob
long,5,-5,0.9999982381051455
short,5,-5,0.000001761894854810507
