isLong,bias0,bias1,prob
long,10,-10,0.9995501837214338
short,10,-10,0.0004498162785656715
