isLong,bias0,bias1,prob
long,5,-5,0.6979037761327206
short,5,-5,0.3020962238672796
