isLong,bias0,bias1,prob
long,10,-10,0.7913529943558093
short,10,-10,0.20864700564418925
