isLong,bias0,bias1,prob
long,5,-5,0.30726021091688427
short,5,-5,0.6927397890831162
