isLong,bias0,bias1,prob
long,5,-5,0.07586867210289316
short,5,-5,0.9241313278970903
