isLong,bias0,bias1,prob
long,2,-2,0.8322426936733506
short,2,-2,0.16775730632664906
