isLong,bias0,bias1,prob
long,5,-5,0.3998159169026
short,5,-5,0.6001840830974
