isLong,bias0,bias1,prob
long,10,-10,0.0028871511745284907
short,10,-10,0.9971128488254707
