isLong,bias0,bias1,prob
long,10,-10,0.3003468975025486
short,10,-10,0.6996531024974506
