isLong,bias0,bias1,prob
long,5,-5,0.9483459486851713
short,5,-5,0.051654051314829384
