isLong,bias0,bias1,prob
long,10,-10,0.32568494425982464
short,10,-10,0.6743150557401754
