isLong,bias0,bias1,prob
long,2,-2,0.27113142695570447
short,2,-2,0.7288685730442952
