isLong,bias0,bias1,prob
long,5,-5,0.7777908112633335
short,5,-5,0.2222091887366659
