isLong,bias0,bias1,prob
long,2,-2,0.37936315718404157
short,2,-2,0.6206368428159584
