isLong,bias0,bias1,prob
long,2,-2,0.48679553619931487
short,2,-2,0.513204463800721
