isLong,bias0,bias1,prob
long,5,-5,0.2699500906622087
short,5,-5,0.7300499093378365
