isLong,bias0,bias1,prob
long,5,-5,0.34130698686287625
short,5,-5,0.6586930131371235
