isLong,bias0,bias1,prob
long,2,-2,0.6317685818035437
short,2,-2,0.3682314181964562
