isLong,bias0,bias1,prob
long,5,-5,0.1619214906053867
short,5,-5,0.8380785093946141
