isLong,bias0,bias1,prob
long,2,-2,0.3081818233480745
short,2,-2,0.6918181766519252
