isLong,bias0,bias1,prob
long,10,-10,0.07231359595752274
short,10,-10,0.9276864040424765
