isLong,bias0,bias1,prob
long,10,-10,0.33200650914964525
short,10,-10,0.667993490850355
