isLong,bias0,bias1,prob
long,10,-10,0.9125921037716802
short,10,-10,0.08740789622831964
