isLong,bias0,bias1,prob
long,10,-10,0.999497468763596
short,10,-10,0.0005025312364047497
