isLong,bias0,bias1,prob
long,10,-10,0.2271403625442074
short,10,-10,0.7728596374557929
