isLong,bias0,bias1,prob
long,5,-5,0.9757909346836906
short,5,-5,0.02420906531630923
