isLong,bias0,bias1,prob
long,10,-10,0.9999316972081526
short,10,-10,0.00006830279184747658
