isLong,bias0,bias1,prob
long,5,-5,0.2496433232652439
short,5,-5,0.7503566767347557
