isLong,bias0,bias1,prob
long,2,-2,0.09462854493985293
short,2,-2,0.9053714550601473
