isLong,bias0,bias1,prob
long,10,-10,0.00691106009615444
short,10,-10,0.9930889399038456
