isLong,bias0,bias1,prob
long,5,-5,0.9736751636435839
short,5,-5,0.026324836356415773
