isLong,bias0,bias1,prob
long,5,-5,0.286157025915923
short,5,-5,0.7138429740840773
