isLong,bias0,bias1,prob
long,10,-10,0.010607275097412498
short,10,-10,0.9893927249025877
