isLong,bias0,bias1,prob
long,5,-5,0.03337992620654309
short,5,-5,0.9666200737934568
