isLong,bias0,bias1,prob
long,2,-2,0.3943350559133225
short,2,-2,0.6056649440866779
