isLong,bias0,bias1,prob
long,2,-2,0.5127402722555359
short,2,-2,0.48725972774446424
