isLong,bias0,bias1,prob
long,2,-2,0.5530658472969292
short,2,-2,0.446934152703071
