isLong,bias0,bias1,prob
long,5,-5,0.11170316448342063
short,5,-5,0.8882968355165789
