isLong,bias0,bias1,prob
long,2,-2,0.11985208418208972
short,2,-2,0.8801479158179102
