isLong,bias0,bias1,prob
long,2,-2,0.43441327581708267
short,2,-2,0.5655867241829171
