isLong,bias0,bias1,prob
long,2,-2,0.6933955552984646
short,2,-2,0.3066044447015351
