isLong,bias0,bias1,prob
long,10,-10,0.5770728047031447
short,10,-10,0.42292719529685585
