isLong,bias0,bias1,prob
long,10,-10,0.9836879966291632
short,10,-10,0.016312003370836867
