isLong,bias0,bias1,prob
long,2,-2,0.9647710014777754
short,2,-2,0.0352289985222243
