isLong,bias0,bias1,prob
long,10,-10,0.00015865978616152972
short,10,-10,0.999841340213839
