isLong,bias0,bias1,prob
long,5,-5,0.09325819485585063
short,5,-5,0.9067418051441491
