isLong,bias0,bias1,prob
long,5,-5,0.007910152096521164
short,5,-5,0.9920898479034789
