isLong,bias0,bias1,prob
long,10,-10,0.22467190423138755
short,10,-10,0.7753280957685732
