isLong,bias0,bias1,prob
long,10,-10,0.4194361826564482
short,10,-10,0.5805638173435529
