isLong,bias0,bias1,prob
long,10,-10,0.9690292917211882
short,10,-10,0.03097070827881282
