isLong,bias0,bias1,prob
long,10,-10,0.9999634766511891
short,10,-10,0.0000365233488111033
