isLong,bias0,bias1,prob
long,5,-5,0.854850802637266
short,5,-5,0.14514919736273402
