isLong,bias0,bias1,prob
long,5,-5,0.9870149114625422
short,5,-5,0.012985088537457619
