isLong,bias0,bias1,prob
long,10,-10,0.9954457737207585
short,10,-10,0.004554226279240147
