isLong,bias0,bias1,prob
long,2,-2,0.38524034385617684
short,2,-2,0.6147596561438228
