isLong,bias0,bias1,prob
long,2,-2,0.7724465996004645
short,2,-2,0.22755340039953553
