isLong,bias0,bias1,prob
long,5,-5,0.4546025085651112
short,5,-5,0.5453974914348888
