isLong,bias0,bias1,prob
long,5,-5,0.5397215433894266
short,5,-5,0.46027845661057365
