isLong,bias0,bias1,prob
long,5,-5,0.9927188842722444
short,5,-5,0.0072811157277553416
