isLong,bias0,bias1,prob
long,10,-10,0.03254192346098489
short,10,-10,0.9674580765390156
