isLong,bias0,bias1,prob
long,10,-10,0.9993263495122587
short,10,-10,0.0006736504877419922
