isLong,bias0,bias1,prob
long,2,-2,0.9983130275451481
short,2,-2,0.0016869724548516894
