isLong,bias0,bias1,prob
long,10,-10,0.7823307908499766
short,10,-10,0.21766920915002347
