isLong,bias0,bias1,prob
long,10,-10,0.7952163142064974
short,10,-10,0.20478368579350198
