isLong,bias0,bias1,prob
long,2,-2,0.7058118900372321
short,2,-2,0.2941881099627679
