isLong,bias0,bias1,prob
long,5,-5,0.06348266501497773
short,5,-5,0.9365173349850213
