isLong,bias0,bias1,prob
long,2,-2,0.5230398658632259
short,2,-2,0.4769601341367737
