isLong,bias0,bias1,prob
long,5,-5,0.6454299032427584
short,5,-5,0.35457009675724943
