isLong,bias0,bias1,prob
long,10,-10,0.9613360184877292
short,10,-10,0.038663981512269664
