isLong,bias0,bias1,prob
long,5,-5,0.9976641270194972
short,5,-5,0.0023358729805025404
