isLong,bias0,bias1,prob
long,2,-2,0.5454833430965752
short,2,-2,0.45451665690342563
