isLong,bias0,bias1,prob
long,10,-10,0.35773476180583463
short,10,-10,0.6422652381941651
