isLong,bias0,bias1,prob
long,5,-5,0.7162666363024071
short,5,-5,0.28373336369759306
