isLong,bias0,bias1,prob
long,5,-5,0.8635651129919786
short,5,-5,0.13643488700802153
