isLong,bias0,bias1,prob
long,5,-5,0.3327297383212411
short,5,-5,0.6672702616787585
