isLong,bias0,bias1,prob
long,10,-10,0.47698013065411754
short,10,-10,0.5230198693458822
