isLong,bias0,bias1,prob
long,10,-10,0.9999350527470552
short,10,-10,0.00006494725294458902
