isLong,bias0,bias1,prob
long,5,-5,0.23129493944069848
short,5,-5,0.7687050605593426
