isLong,bias0,bias1,prob
long,5,-5,0.3107622314511854
short,5,-5,0.6892377685488122
