isLong,bias0,bias1,prob
long,2,-2,0.6790618565057999
short,2,-2,0.3209381434941998
