isLong,bias0,bias1,prob
long,5,-5,0.15922710406555912
short,5,-5,0.8407728959344409
