isLong,bias0,bias1,prob
long,10,-10,0.999822779994335
short,10,-10,0.00017722000566496295
