isLong,bias0,bias1,prob
long,5,-5,0.21334415477096652
short,5,-5,0.7866558452290331
