isLong,bias0,bias1,prob
long,2,-2,0.308235559987312
short,2,-2,0.6917644400126878
