isLong,bias0,bias1,prob
long,10,-10,0.00009653931652764278
short,10,-10,0.9999034606834956
