isLong,bias0,bias1,prob
long,10,-10,0.9994604903049562
short,10,-10,0.0005395096950441517
