isLong,bias0,bias1,prob
long,10,-10,0.0003548291611139291
short,10,-10,0.9996451708388868
