isLong,bias0,bias1,prob
long,10,-10,0.9947382064127631
short,10,-10,0.005261793587237057
