isLong,bias0,bias1,prob
long,2,-2,0.5751175639738407
short,2,-2,0.4248824360261592
