isLong,bias0,bias1,prob
long,10,-10,0.9999999750737704
short,10,-10,2.4926229964267685e-8
