isLong,bias0,bias1,prob
long,2,-2,0.5355019273428197
short,2,-2,0.46449807265718057
