isLong,bias0,bias1,prob
long,2,-2,0.41581169716053434
short,2,-2,0.5841883028394659
