isLong,bias0,bias1,prob
long,5,-5,0.4160546235311917
short,5,-5,0.5839453764688078
