isLong,bias0,bias1,prob
long,10,-10,0.0004036416560307919
short,10,-10,0.9995963583439691
