isLong,bias0,bias1,prob
long,2,-2,0.4163330486709328
short,2,-2,0.5836669513290671
