isLong,bias0,bias1,prob
long,10,-10,0.9987788979911459
short,10,-10,0.001221102008853651
