isLong,bias0,bias1,prob
long,10,-10,0.04743478579232989
short,10,-10,0.9525652142076702
