isLong,bias0,bias1,prob
long,2,-2,0.49396256846549824
short,2,-2,0.5060374315345013
