isLong,bias0,bias1,prob
long,2,-2,0.29927043878247644
short,2,-2,0.7007295612175239
