isLong,bias0,bias1,prob
long,2,-2,0.726327994962227
short,2,-2,0.27367200503777267
