isLong,bias0,bias1,prob
long,5,-5,0.021924714890530078
short,5,-5,0.9780752851094695
