isLong,bias0,bias1,prob
long,10,-10,0.9763616498900655
short,10,-10,0.023638350109935955
