isLong,bias0,bias1,prob
long,10,-10,0.9999796972354641
short,10,-10,0.00002030276453676419
