isLong,bias0,bias1,prob
long,5,-5,0.8988943124676262
short,5,-5,0.10110568753237366
