isLong,bias0,bias1,prob
long,2,-2,0.19169374340749615
short,2,-2,0.8083062565925039
