isLong,bias0,bias1,prob
long,2,-2,0.48830347368983706
short,2,-2,0.5116965263101632
