isLong,bias0,bias1,prob
long,10,-10,0.00003554289600326579
short,10,-10,0.999964457103996
