isLong,bias0,bias1,prob
long,5,-5,0.2780106545955204
short,5,-5,0.7219893454044797
