isLong,bias0,bias1,prob
long,2,-2,0.517684408227059
short,2,-2,0.4823155917729415
