isLong,bias0,bias1,prob
long,10,-10,0.9654834622326319
short,10,-10,0.034516537767366635
