isLong,bias0,bias1,prob
long,2,-2,0.48992648066604744
short,2,-2,0.5100735193339522
