isLong,bias0,bias1,prob
long,10,-10,0.008855334580004303
short,10,-10,0.9911446654199957
