isLong,bias0,bias1,prob
long,10,-10,0.9995313957738875
short,10,-10,0.00046860422611230966
