isLong,bias0,bias1,prob
long,10,-10,0.9442736177793221
short,10,-10,0.05572638222067803
