isLong,bias0,bias1,prob
long,10,-10,0.014207610656214958
short,10,-10,0.9857923893437851
