isLong,bias0,bias1,prob
long,5,-5,0.25866741431623475
short,5,-5,0.741332585683766
