isLong,bias0,bias1,prob
long,5,-5,0.48424641571293986
short,5,-5,0.5157535842870609
