isLong,bias0,bias1,prob
long,10,-10,0.9999950359694729
short,10,-10,0.000004964030525665595
