isLong,bias0,bias1,prob
long,2,-2,0.4625651960365118
short,2,-2,0.537434803963488
