isLong,bias0,bias1,prob
long,5,-5,0.8121346074987662
short,5,-5,0.18786539250118736
