isLong,bias0,bias1,prob
long,5,-5,0.35065417948031874
short,5,-5,0.6493458205196816
