isLong,bias0,bias1,prob
long,2,-2,0.49685379005779534
short,2,-2,0.5031462099422056
