isLong,bias0,bias1,prob
long,10,-10,0.9902906352329132
short,10,-10,0.009709364767087631
