isLong,bias0,bias1,prob
long,2,-2,0.30913710604566613
short,2,-2,0.6908628939543343
