isLong,bias0,bias1,prob
long,5,-5,0.14394052657077197
short,5,-5,0.8560594734292282
