isLong,bias0,bias1,prob
long,5,-5,0.08405948930305979
short,5,-5,0.91594051069694
