isLong,bias0,bias1,prob
long,5,-5,0.3680702487844223
short,5,-5,0.6319297512155775
