isLong,bias0,bias1,prob
long,5,-5,0.3169963556501817
short,5,-5,0.6830036443498191
