isLong,bias0,bias1,prob
long,5,-5,0.611964342448847
short,5,-5,0.3880356575511532
