isLong,bias0,bias1,prob
long,5,-5,0.8192189638468881
short,5,-5,0.18078103615311109
