isLong,bias0,bias1,prob
long,2,-2,0.7948738038632918
short,2,-2,0.20512619613670843
