isLong,bias0,bias1,prob
long,2,-2,0.06581998916641622
short,2,-2,0.9341800108335838
