isLong,bias0,bias1,prob
long,10,-10,0.06288065129352599
short,10,-10,0.9371193487064733
