isLong,bias0,bias1,prob
long,2,-2,0.22380562857149827
short,2,-2,0.776194371428502
