isLong,bias0,bias1,prob
long,2,-2,0.3812510263210578
short,2,-2,0.6187489736789422
