isLong,bias0,bias1,prob
long,10,-10,0.017950003461019173
short,10,-10,0.9820499965389816
