isLong,bias0,bias1,prob
long,10,-10,0.012574748569227516
short,10,-10,0.9874252514307725
