isLong,bias0,bias1,prob
long,2,-2,0.22308835137622957
short,2,-2,0.77691164862377
