isLong,bias0,bias1,prob
long,10,-10,0.998145396762689
short,10,-10,0.0018546032373104703
