isLong,bias0,bias1,prob
long,5,-5,0.046732033888421676
short,5,-5,0.9532679661115783
