isLong,bias0,bias1,prob
long,5,-5,0.9942517130546551
short,5,-5,0.005748286945344294
