isLong,bias0,bias1,prob
long,2,-2,0.4319340758300396
short,2,-2,0.5680659241699599
