isLong,bias0,bias1,prob
long,10,-10,0.0003108335256724472
short,10,-10,0.9996891664743276
