isLong,bias0,bias1,prob
long,5,-5,0.978188977337356
short,5,-5,0.021811022662643714
