isLong,bias0,bias1,prob
long,2,-2,0.11277633023034465
short,2,-2,0.8872236697696549
