isLong,bias0,bias1,prob
true,5,1,0.04000000000000001
true,5,0,0.05
false,5,0,0.09000000000000002
false,-1,0,0.15
false,-5,0,0.12000000000000001
true,-5,0,0.029999999999999995
false,5,-5,0.029999999999999995
false,-5,-5,0.05
false,5,5,0.13
false,5,-1,0.04000000000000001
true,5,-1,0.020000000000000004
true,5,5,0.05
true,1,5,0.020000000000000004
false,1,5,0.07
false,1,-1,0.05
false,1,0,0.05
true,1,0,0.010000000000000005
