isLong,bias0,bias1,prob
long,10,-10,0.9107251910569393
short,10,-10,0.08927480894306036
