isLong,bias0,bias1,prob
long,2,-2,0.11631630242866768
short,2,-2,0.8836836975713497
