isLong,bias0,bias1,prob
long,2,-2,0.7646280039337504
short,2,-2,0.23537199606624984
