isLong,bias0,bias1,prob
long,5,-5,0.8775032944507656
short,5,-5,0.12249670554923446
