isLong,bias0,bias1,prob
long,5,-5,0.12484634026063864
short,5,-5,0.8751536597393199
