isLong,bias0,bias1,prob
long,10,-10,0.3693425722818935
short,10,-10,0.6306574277181064
