isLong,bias0,bias1,prob
long,10,-10,0.6922870545977438
short,10,-10,0.3077129454022556
