isLong,bias0,bias1,prob
long,2,-2,0.8503254618861935
short,2,-2,0.14967453811380638
