isLong,bias0,bias1,prob
long,2,-2,0.5282858197353323
short,2,-2,0.47171418026466827
