isLong,bias0,bias1,prob
long,5,-5,0.0013054027976524079
short,5,-5,0.9986945972023479
