isLong,bias0,bias1,prob
long,5,-5,0.2505663684626639
short,5,-5,0.7494336315373364
