isLong,bias0,bias1,prob
long,2,-2,0.6679449404479604
short,2,-2,0.33205505955204007
