isLong,bias0,bias1,prob
long,10,-10,0.9962547628233044
short,10,-10,0.0037452371766949384
