isLong,bias0,bias1,prob
long,10,-10,0.038772453432354886
short,10,-10,0.9612275465676446
