isLong,bias0,bias1,prob
long,2,-2,0.153934149951109
short,2,-2,0.8460658500488913
