isLong,bias0,bias1,prob
long,2,-2,0.835507053887421
short,2,-2,0.16449294611257853
