isLong,bias0,bias1,prob
long,10,-10,0.9838613680111543
short,10,-10,0.016138631988845513
