isLong,bias0,bias1,prob
long,5,-5,0.7670515207721735
short,5,-5,0.2329484792277818
