isLong,bias0,bias1,prob
long,5,-5,0.033253334263982165
short,5,-5,0.9667466657360179
