isLong,bias0,bias1,prob
long,10,-10,0.7759078950888134
short,10,-10,0.22409210491118658
