isLong,bias0,bias1,prob
true,1,-1,0.15999999999999998
false,1,-1,0.07
true,-1,-1,0.07999999999999999
false,-1,-1,0.06
true,1,1,0.029999999999999995
true,5,1,0.05
false,1,1,0.010000000000000005
false,1,5,0.07
false,-1,5,0.05
false,-1,1,0.21000000000000002
false,-1,-5,0.09000000000000002
true,-1,1,0.07999999999999999
false,5,1,0.04000000000000001
