isLong,bias0,bias1,prob
long,5,-5,0.21248827482085697
short,5,-5,0.7875117251791428
