isLong,bias0,bias1,prob
long,10,-10,0.48597970740899177
short,10,-10,0.5140202925910087
