isLong,bias0,bias1,prob
long,10,-10,0.9579297355872416
short,10,-10,0.04207026441275777
