isLong,bias0,bias1,prob
long,2,-2,0.8609771198945295
short,2,-2,0.13902288010547065
