isLong,bias0,bias1,prob
long,5,-5,0.5264681277591423
short,5,-5,0.4735318722408575
