isLong,bias0,bias1,prob
long,2,-2,0.20716063364009724
short,2,-2,0.7928393663599023
