isLong,bias0,bias1,prob
long,5,-5,0.38103581811696097
short,5,-5,0.6189641818830388
