isLong,bias0,bias1,prob
long,10,-10,0.9999782262442545
short,10,-10,0.000021773755745461098
