isLong,bias0,bias1,prob
long,5,-5,0.09562576444699908
short,5,-5,0.9043742355530002
