isLong,bias0,bias1,prob
long,5,-5,0.9911060956198668
short,5,-5,0.008893904380134033
