isLong,bias0,bias1,prob
long,2,-2,0.9139078246918861
short,2,-2,0.08609217530811386
