isLong,bias0,bias1,prob
long,5,-5,0.31527543961257964
short,5,-5,0.68472456038742
