isLong,bias0,bias1,prob
long,10,-10,0.154660229961282
short,10,-10,0.8453397700387184
