isLong,bias0,bias1,prob
long,5,-5,0.9796760900527345
short,5,-5,0.02032390994726587
