isLong,bias0,bias1,prob
long,2,-2,0.15529732303798902
short,2,-2,0.8447026769620107
