isLong,bias0,bias1,prob
long,5,-5,0.7496137031450055
short,5,-5,0.250386296854995
