isLong,bias0,bias1,prob
long,10,-10,0.9999998569124915
short,10,-10,1.4308750819442e-7
