isLong,bias0,bias1,prob
long,2,-2,0.4863186296230168
short,2,-2,0.5136813703769829
