isLong,bias0,bias1,prob
long,10,-10,0.14317656685474753
short,10,-10,0.8568234331452527
