isLong,bias0,bias1,prob
long,10,-10,0.8918166757119167
short,10,-10,0.10818332428808322
