isLong,bias0,bias1,prob
long,10,-10,0.03802741018832658
short,10,-10,0.9619725898116731
