isLong,bias0,bias1,prob
long,10,-10,0.9858863389518728
short,10,-10,0.014113661048125713
