isLong,bias0,bias1,prob
long,2,-2,0.8637403110564191
short,2,-2,0.13625968894358076
