isLong,bias0,bias1,prob
long,5,-5,0.9554700630834373
short,5,-5,0.04452993691656227
