isLong,bias0,bias1,prob
long,5,-5,0.021953838120975712
short,5,-5,0.9780461618790239
