isLong,bias0,bias1,prob
long,5,-5,0.27731392229889135
short,5,-5,0.7226860777011093
