isLong,bias0,bias1,prob
long,10,-10,0.05439343970857878
short,10,-10,0.945606560291421
