isLong,bias0,bias1,prob
long,5,-5,0.017408118094922462
short,5,-5,0.9825918819050781
