isLong,bias0,bias1,prob
long,10,-10,0.0028290940425722004
short,10,-10,0.9971709059574274
