isLong,bias0,bias1,prob
long,5,-5,0.12618780871724575
short,5,-5,0.8738121912827543
