isLong,bias0,bias1,prob
long,10,-10,0.654125073318107
short,10,-10,0.3458749266818836
