isLong,bias0,bias1,prob
long,5,-5,0.4221775116932926
short,5,-5,0.5778224883067076
