isLong,bias0,bias1,prob
long,5,-5,0.6689225724193526
short,5,-5,0.33107742758064695
