isLong,bias0,bias1,prob
long,5,-5,0.8113074305624473
short,5,-5,0.1886925694375523
