isLong,bias0,bias1,prob
long,2,-2,0.2145917460385503
short,2,-2,0.7854082539614495
