isLong,bias0,bias1,prob
long,10,-10,0.9617736321678362
short,10,-10,0.03822636783216335
