isLong,bias0,bias1,prob
long,10,-10,0.014207610656212876
short,10,-10,0.985792389343772
