isLong,bias0,bias1,prob
long,10,-10,0.4321631507836914
short,10,-10,0.567836849216309
