isLong,bias0,bias1,prob
long,10,-10,0.9796463124786414
short,10,-10,0.02035368752135804
