isLong,bias0,bias1,prob
long,5,-5,0.06869705745041017
short,5,-5,0.9313029425495895
