isLong,bias0,bias1,prob
long,10,-10,0.2297859104944714
short,10,-10,0.7702140895055294
