isLong,bias0,bias1,prob
long,10,-10,0.9934044137272491
short,10,-10,0.006595586272749205
