isLong,bias0,bias1,prob
long,2,-2,0.39150833543965136
short,2,-2,0.6084916645603484
