isLong,bias0,bias1,prob
long,10,-10,0.06493331491149035
short,10,-10,0.9350666850885097
