isLong,bias0,bias1,prob
long,5,-5,0.1521992385445804
short,5,-5,0.847800761455419
