isLong,bias0,bias1,prob
long,2,-2,0.6822425649041638
short,2,-2,0.31775743509583615
