isLong,bias0,bias1,prob
long,2,-2,0.5234630274233391
short,2,-2,0.47653697257666083
