isLong,bias0,bias1,prob
long,10,-10,0.301018357862311
short,10,-10,0.6989816421376893
