isLong,bias0,bias1,prob
long,5,-5,0.627073617091959
short,5,-5,0.37292638290804137
