isLong,bias0,bias1,prob
long,2,-2,0.2347698773372222
short,2,-2,0.7652301226627773
