isLong,bias0,bias1,prob
long,10,-10,0.001328068770710178
short,10,-10,0.9986719312292904
