isLong,bias0,bias1,prob
long,5,-5,0.006007038531977213
short,5,-5,0.9939929614680224
