isLong,bias0,bias1,prob
long,5,-5,0.613923559788793
short,5,-5,0.3860764402112076
