isLong,bias0,bias1,prob
long,2,-2,0.33209252652322174
short,2,-2,0.6679074734767783
