isLong,bias0,bias1,prob
long,2,-2,0.25884117431301507
short,2,-2,0.7411588256869849
