isLong,bias0,bias1,prob
long,10,-10,0.9306011180036636
short,10,-10,0.06939888199633708
