isLong,bias0,bias1,prob
long,5,-5,0.1614087207621682
short,5,-5,0.8385912792378315
