isLong,bias0,bias1,prob
long,5,-5,0.05311066314512496
short,5,-5,0.9468893368548821
