isLong,bias0,bias1,prob
long,5,-5,0.708529804637924
short,5,-5,0.2914701953620214
