isLong,bias0,bias1,prob
long,5,-5,0.08830834656091559
short,5,-5,0.9116916534390841
