isLong,bias0,bias1,prob
long,2,-2,0.7546197790713924
short,2,-2,0.24538022092861114
