isLong,bias0,bias1,prob
long,10,-10,0.3884293612777676
short,10,-10,0.6115706387222323
