isLong,bias0,bias1,prob
long,2,-2,0.3756262195062416
short,2,-2,0.6243737804937587
