isLong,bias0,bias1,prob
long,10,-10,0.08436403591771001
short,10,-10,0.9156359640822902
