isLong,bias0,bias1,prob
long,5,-5,0.14638085283485433
short,5,-5,0.8536191471651456
