isLong,bias0,bias1,prob
long,10,-10,0.9880523075843866
short,10,-10,0.011947692415615033
