isLong,bias0,bias1,prob
long,5,-5,0.6807322076455296
short,5,-5,0.3192677923544707
