isLong,bias0,bias1,prob
long,2,-2,0.20550384182043868
short,2,-2,0.7944961581795613
