isLong,bias0,bias1,prob
long,2,-2,0.25319475895315846
short,2,-2,0.7468052410468415
