isLong,bias0,bias1,prob
long,10,-10,0.7837533659061295
short,10,-10,0.21624663409387054
