isLong,bias0,bias1,prob
long,5,-5,0.5374961529378274
short,5,-5,0.4625038470621726
