isLong,bias0,bias1,prob
long,5,-5,0.2593247326637891
short,5,-5,0.7406752673362106
