isLong,bias0,bias1,prob
long,2,-2,0.5833475838190992
short,2,-2,0.41665241618090054
