isLong,bias0,bias1,prob
long,5,-5,0.1248463402606035
short,5,-5,0.8751536597393961
