isLong,bias0,bias1,prob
long,5,-5,0.039412118687455665
short,5,-5,0.9605878813125441
