isLong,bias0,bias1,prob
long,10,-10,0.6791635344405991
short,10,-10,0.32083646555940126
