isLong,bias0,bias1,prob
long,2,-2,0.9068050320815176
short,2,-2,0.09319496791848206
