isLong,bias0,bias1,prob
long,5,-5,0.9052357597213544
short,5,-5,0.09476424027864593
