isLong,bias0,bias1,prob
long,10,-10,0.638071625731718
short,10,-10,0.36192837426828117
