isLong,bias0,bias1,prob
long,2,-2,0.2330522658818801
short,2,-2,0.7669477341181199
