isLong,bias0,bias1,prob
long,5,-5,0.06302809073905478
short,5,-5,0.9369719092609453
