isLong,bias0,bias1,prob
long,2,-2,0.6959239577945939
short,2,-2,0.30407604220540574
