isLong,bias0,bias1,prob
long,2,-2,0.9395386279362608
short,2,-2,0.06046137206373922
