isLong,bias0,bias1,prob
long,5,-5,0.6338139528923235
short,5,-5,0.36618604710767666
