isLong,bias0,bias1,prob
long,10,-10,0.9999999999918545
short,10,-10,8.145696834235491e-12
