isLong,bias0,bias1,prob
long,2,-2,0.4823156580557738
short,2,-2,0.5176843419442253
