isLong,bias0,bias1,prob
long,10,-10,0.08807368939544367
short,10,-10,0.9119263106045555
