isLong,bias0,bias1,prob
long,2,-2,0.736155232786788
short,2,-2,0.2638447672132123
