isLong,bias0,bias1,prob
long,2,-2,0.48206814751202015
short,2,-2,0.51793185248798
