isLong,bias0,bias1,prob
long,5,-5,0.1070894417015978
short,5,-5,0.8929105582984023
