isLong,bias0,bias1,prob
long,5,-5,0.9864800309123376
short,5,-5,0.01351996908766163
