isLong,bias0,bias1,prob
long,10,-10,0.0069007245753341705
short,10,-10,0.9930992754246659
