isLong,bias0,bias1,prob
long,10,-10,0.5754371823738885
short,10,-10,0.4245628176261107
