isLong,bias0,bias1,prob
long,10,-10,0.7461479181787884
short,10,-10,0.25385208182121116
