isLong,bias0,bias1,prob
long,2,-2,0.5297819273924056
short,2,-2,0.4702180726075941
