isLong,bias0,bias1,prob
long,10,-10,0.92618106660622
short,10,-10,0.07381893339378048
