isLong,bias0,bias1,prob
long,5,-5,0.0057385402246248225
short,5,-5,0.9942614597753752
