isLong,bias0,bias1,prob
long,10,-10,0.04849479015012431
short,10,-10,0.951505209849876
