isLong,bias0,bias1,prob
long,5,-5,0.08105729747912645
short,5,-5,0.918942702520873
