isLong,bias0,bias1,prob
long,10,-10,0.9464469430016252
short,10,-10,0.053553056998374315
