isLong,bias0,bias1,prob
long,10,-10,0.870496253053765
short,10,-10,0.1295037469462335
