isLong,bias0,bias1,prob
long,2,-2,0.5792867529633914
short,2,-2,0.42071324703660873
