isLong,bias0,bias1,prob
long,10,-10,0.6948642224088928
short,10,-10,0.3051357775911073
