isLong,bias0,bias1,prob
long,10,-10,0.3588274549626842
short,10,-10,0.6411725450373165
