isLong,bias0,bias1,prob
long,10,-10,0.7822918486335027
short,10,-10,0.2177081513664973
