isLong,bias0,bias1,prob
long,5,-5,0.18313047552132686
short,5,-5,0.8168695244786737
