isLong,bias0,bias1,prob
long,10,-10,0.11262167132279582
short,10,-10,0.8873783286772042
