isLong,bias0,bias1,prob
long,5,-5,0.6425367764772161
short,5,-5,0.3574632235227838
