isLong,bias0,bias1,prob
long,2,-2,0.5443476099308955
short,2,-2,0.455652390069105
