isLong,bias0,bias1,prob
long,5,-5,0.9629385523642084
short,5,-5,0.03706144763579187
