isLong,bias0,bias1,prob
long,5,-5,0.005544095830631743
short,5,-5,0.9944559041693678
