isLong,bias0,bias1,prob
long,5,-5,0.9981911868891375
short,5,-5,0.0018088131108626327
