isLong,bias0,bias1,prob
long,5,-5,0.9791370946839825
short,5,-5,0.020862905316017297
