isLong,bias0,bias1,prob
long,10,-10,0.00826274559245646
short,10,-10,0.9917372544075432
