isLong,bias0,bias1,prob
long,10,-10,0.0006958555380863147
short,10,-10,0.9993041444619133
