isLong,bias0,bias1,prob
long,5,-5,0.01060882056625307
short,5,-5,0.9893911794337471
