isLong,bias0,bias1,prob
long,5,-5,0.9022645376149896
short,5,-5,0.09773546238500995
