isLong,bias0,bias1,prob
long,10,-10,0.9571311185618288
short,10,-10,0.04286888143817165
