isLong,bias0,bias1,prob
long,2,-2,0.46486137934084276
short,2,-2,0.5351386206591572
