isLong,bias0,bias1,prob
long,2,-2,0.4782084432361349
short,2,-2,0.5217915567638655
