isLong,bias0,bias1,prob
long,5,-5,0.4236748940327325
short,5,-5,0.5763251059672676
