isLong,bias0,bias1,prob
long,2,-2,0.3479395708989689
short,2,-2,0.6520604291010313
