isLong,bias0,bias1,prob
long,10,-10,0.8184319063950007
short,10,-10,0.1815680936049987
