isLong,bias0,bias1,prob
long,2,-2,0.4746000944343335
short,2,-2,0.5253999055656671
