isLong,bias0,bias1,prob
long,10,-10,0.20229630411801336
short,10,-10,0.7977036958819872
