isLong,bias0,bias1,prob
long,2,-2,0.48042515524687596
short,2,-2,0.5195748447531238
