isLong,bias0,bias1,prob
long,2,-2,0.31824757858801583
short,2,-2,0.6817524214119839
