isLong,bias0,bias1,prob
long,5,-5,0.9179579605235109
short,5,-5,0.08204203947648926
