isLong,bias0,bias1,prob
long,5,-5,0.25949859325892627
short,5,-5,0.740501406741073
