isLong,bias0,bias1,prob
long,5,-5,0.1179500614918561
short,5,-5,0.882049938508144
