isLong,bias0,bias1,prob
long,5,-5,0.460409914854023
short,5,-5,0.5395900851459773
