isLong,bias0,bias1,prob
long,5,-5,0.8312373359361329
short,5,-5,0.16876266406386775
