isLong,bias0,bias1,prob
long,5,-5,0.6594264326953418
short,5,-5,0.3405735673046577
