isLong,bias0,bias1,prob
true,5,5,0.04000000000000001
true,1,5,0.17
true,1,-5,0.05
true,0,5,0.020000000000000004
true,-5,5,0.17
true,5,-5,0.11000000000000001
true,-5,-5,0.32
false,-5,-5,0.010000000000000005
true,-1,-5,0.010000000000000005
true,0,-5,0.020000000000000004
true,5,1,0.04000000000000001
true,1,1,0.04000000000000001
