isLong,bias0,bias1,prob
long,5,-5,0.10581830357038022
short,5,-5,0.8941816964296195
