isLong,bias0,bias1,prob
long,10,-10,0.9829018568337092
short,10,-10,0.017098143166290967
