isLong,bias0,bias1,prob
long,10,-10,0.9846075310151315
short,10,-10,0.015392468984868329
