isLong,bias0,bias1,prob
long,10,-10,0.9629816434770442
short,10,-10,0.03701835652295632
