isLong,bias0,bias1,prob
long,10,-10,0.7266925746549022
short,10,-10,0.27330742534509805
