isLong,bias0,bias1,prob
long,2,-2,0.8619611877519587
short,2,-2,0.13803881224804176
