isLong,bias0,bias1,prob
long,10,-10,0.5417117248812753
short,10,-10,0.45828827511872394
