isLong,bias0,bias1,prob
long,2,-2,0.34283895445379575
short,2,-2,0.657161045546204
