isLong,bias0,bias1,prob
long,10,-10,0.040098817453835756
short,10,-10,0.9599011825461635
