isLong,bias0,bias1,prob
long,10,-10,0.9974468289314021
short,10,-10,0.002553171068598732
