isLong,bias0,bias1,prob
long,5,-5,0.1483891353986673
short,5,-5,0.8516108646013327
