isLong,bias0,bias1,prob
long,10,-10,0.09535131598883861
short,10,-10,0.904648684011162
