isLong,bias0,bias1,prob
long,10,-10,0.9552067361068091
short,10,-10,0.04479326389319081
