isLong,bias0,bias1,prob
long,2,-2,0.005003868277569087
short,2,-2,0.9949961317224307
