isLong,bias0,bias1,prob
long,5,-5,0.675828886940284
short,5,-5,0.3241711130597156
