isLong,bias0,bias1,prob
long,2,-2,0.5865848701320725
short,2,-2,0.413415129867928
