isLong,bias0,bias1,prob
long,2,-2,0.6001689122504325
short,2,-2,0.39983108774956805
