isLong,bias0,bias1,prob
long,2,-2,0.3902041480970975
short,2,-2,0.6097958519029026
