isLong,bias0,bias1,prob
long,5,-5,0.9961356084746112
short,5,-5,0.0038643915253886497
