isLong,bias0,bias1,prob
long,2,-2,0.19513152041264642
short,2,-2,0.8048684795873535
