isLong,bias0,bias1,prob
long,5,-5,0.009985382157012952
short,5,-5,0.9900146178429873
