isLong,bias0,bias1,prob
long,5,-5,0.442524863350845
short,5,-5,0.5574751366491552
