isLong,bias0,bias1,prob
long,10,-10,0.0044766040583332535
short,10,-10,0.9955233959416676
