isLong,bias0,bias1,prob
long,10,-10,0.9999999455895564
short,10,-10,5.441044321313976e-8
