isLong,bias0,bias1,prob
long,10,-10,0.2809024627476284
short,10,-10,0.7190975372523718
