isLong,bias0,bias1,prob
long,10,-10,0.6375321022340426
short,10,-10,0.36246789776595734
