isLong,bias0,bias1,prob
long,5,-5,0.014894562471896999
short,5,-5,0.9851054375281029
