isLong,bias0,bias1,prob
long,10,-10,0.16015770208679606
short,10,-10,0.8398422979132039
