isLong,bias0,bias1,prob
long,5,-5,0.724123664158431
short,5,-5,0.2758763358415687
