isLong,bias0,bias1,prob
long,5,-5,0.9596892734610596
short,5,-5,0.040310726538940286
