isLong,bias0,bias1,prob
long,2,-2,0.09417754307742879
short,2,-2,0.9058224569225715
