isLong,bias0,bias1,prob
long,2,-2,0.7690088475020391
short,2,-2,0.23099115249796073
