isLong,bias0,bias1,prob
long,5,-5,0.7667250028377818
short,5,-5,0.2332749971622183
