isLong,bias0,bias1,prob
long,10,-10,0.09746913711481009
short,10,-10,0.9025308628851898
