isLong,bias0,bias1,prob
long,5,-5,0.8498940219487037
short,5,-5,0.1501059780512969
