isLong,bias0,bias1,prob
long,10,-10,0.016671265514191964
short,10,-10,0.9833287344858079
