isLong,bias0,bias1,prob
long,10,-10,0.9604769336371373
short,10,-10,0.039523066362862874
