isLong,bias0,bias1,prob
long,10,-10,0.038929482501241765
short,10,-10,0.961070517498758
