isLong,bias0,bias1,prob
long,10,-10,0.00028715710695188703
short,10,-10,0.9997128428930481
