isLong,bias0,bias1,prob
long,5,-5,0.852220949570231
short,5,-5,0.14777905042976858
