isLong,bias0,bias1,prob
long,5,-5,0.07503726350530451
short,5,-5,0.9249627364946952
