isLong,bias0,bias1,prob
long,2,-2,0.831152444627884
short,2,-2,0.16884755537211557
