isLong,bias0,bias1,prob
long,5,-5,0.6306261661612136
short,5,-5,0.36937383383878575
