isLong,bias0,bias1,prob
long,2,-2,0.3348222442868688
short,2,-2,0.6651777557131313
