isLong,bias0,bias1,prob
long,10,-10,0.09650196474145813
short,10,-10,0.9034980352585416
