isLong,bias0,bias1,prob
long,2,-2,0.17584286175938835
short,2,-2,0.8241571382406114
