isLong,bias0,bias1,prob
long,5,-5,0.23816013989784923
short,5,-5,0.761839860102151
