isLong,bias0,bias1,prob
long,10,-10,0.7361381470839099
short,10,-10,0.2638618529160904
