isLong,bias0,bias1,prob
long,10,-10,0.007580960566753795
short,10,-10,0.9924190394332459
