isLong,bias0,bias1,prob
long,5,-5,0.02479732531470346
short,5,-5,0.9752026746852964
