isLong,bias0,bias1,prob
long,2,-2,0.3783838546142479
short,2,-2,0.6216161453857516
