isLong,bias0,bias1,prob
long,2,-2,0.7979818936453457
short,2,-2,0.20201810635465425
