isLong,bias0,bias1,prob
long,2,-2,0.14426189987111154
short,2,-2,0.8557381001288883
