isLong,bias0,bias1,prob
long,5,-5,0.38936603367955547
short,5,-5,0.6106339663204438
