isLong,bias0,bias1,prob
long,5,-5,0.9395510716600944
short,5,-5,0.060448928339905825
