isLong,bias0,bias1,prob
long,10,-10,0.06481826720214635
short,10,-10,0.935181732797854
