isLong,bias0,bias1,prob
long,2,-2,0.8588492461064853
short,2,-2,0.14115075389351406
