isLong,bias0,bias1,prob
long,5,-5,0.8692257792542964
short,5,-5,0.13077422074570377
