isLong,bias0,bias1,prob
long,10,-10,0.20173443426758067
short,10,-10,0.7982655657324201
