isLong,bias0,bias1,prob
long,10,-10,0.5491993686717798
short,10,-10,0.4508006313282217
