isLong,bias0,bias1,prob
long,5,-5,0.1973783047275242
short,5,-5,0.8026216952724758
