isLong,bias0,bias1,prob
long,10,-10,0.6118107949387672
short,10,-10,0.388189205061233
