isLong,bias0,bias1,prob
long,10,-10,0.0019315135959260092
short,10,-10,0.9980684864040749
