isLong,bias0,bias1,prob
long,10,-10,0.9891302497832916
short,10,-10,0.010869750216709394
