isLong,bias0,bias1,prob
long,10,-10,0.4577247533424587
short,10,-10,0.5422752466575416
