isLong,bias0,bias1,prob
long,10,-10,0.7878751656386329
short,10,-10,0.21212483436140522
