isLong,bias0,bias1,prob
long,2,-2,0.3063605136041689
short,2,-2,0.693639486395831
