isLong,bias0,bias1,prob
long,5,-5,0.33584639652991044
short,5,-5,0.664153603470089
