isLong,bias0,bias1,prob
long,2,-2,0.08817870460323127
short,2,-2,0.9118212953967689
