isLong,bias0,bias1,prob
long,10,-10,0.00688633137496386
short,10,-10,0.9931136686250364
