isLong,bias0,bias1,prob
long,10,-10,0.9818478095509852
short,10,-10,0.0181521904490152
