isLong,bias0,bias1,prob
long,2,-2,0.7953252794165913
short,2,-2,0.20467472058340913
