isLong,bias0,bias1,prob
long,5,-5,0.22526704321470414
short,5,-5,0.7747329567852956
