isLong,bias0,bias1,prob
long,5,-5,0.17202250662558113
short,5,-5,0.8279774933744192
