isLong,bias0,bias1,prob
long,10,-10,0.9997138067934662
short,10,-10,0.00028619320653392935
