isLong,bias0,bias1,prob
long,5,-5,0.0891818327215082
short,5,-5,0.9108181672784914
