isLong,bias0,bias1,prob
long,10,-10,0.7313827017469792
short,10,-10,0.26861729825301944
