isLong,bias0,bias1,prob
long,10,-10,0.11256396749341072
short,10,-10,0.8874360325065893
