isLong,bias0,bias1,prob
long,10,-10,0.9829022318056532
short,10,-10,0.017097768194346386
