isLong,bias0,bias1,prob
long,2,-2,0.5202447579721766
short,2,-2,0.4797552420278233
