isLong,bias0,bias1,prob
long,5,-5,0.7845296119726431
short,5,-5,0.21547038802735646
