isLong,bias0,bias1,prob
long,10,-10,0.064762073400441
short,10,-10,0.9352379265995591
