isLong,bias0,bias1,prob
long,2,-2,0.03149599620755564
short,2,-2,0.9685040037924446
