isLong,bias0,bias1,prob
long,5,-5,0.21319538875188823
short,5,-5,0.7868046112481115
