isLong,bias0,bias1,prob
long,2,-2,0.36821405061743606
short,2,-2,0.6317859493825645
