isLong,bias0,bias1,prob
long,10,-10,0.057758571322275035
short,10,-10,0.9422414286777246
