isLong,bias0,bias1,prob
long,10,-10,0.9982612715168387
short,10,-10,0.0017387284831616116
