isLong,bias0,bias1,prob
long,10,-10,0.26334165894983225
short,10,-10,0.7366583410501683
