isLong,bias0,bias1,prob
long,5,-5,0.4722105809901699
short,5,-5,0.5277894190098303
