isLong,bias0,bias1,prob
long,5,-5,0.029071775061624713
short,5,-5,0.9709282249383747
