isLong,bias0,bias1,prob
long,2,-2,0.3922190614361786
short,2,-2,0.6077809385638213
