isLong,bias0,bias1,prob
long,5,-5,0.5461365695252942
short,5,-5,0.45386343047470595
