isLong,bias0,bias1,prob
long,2,-2,0.23301182153078467
short,2,-2,0.7669881784692156
