isLong,bias0,bias1,prob
long,2,-2,0.14543971524652194
short,2,-2,0.8545602847534781
