isLong,bias0,bias1,prob
long,10,-10,0.9442722717830788
short,10,-10,0.05572772821692137
