isLong,bias0,bias1,prob
long,10,-10,0.021348417294863184
short,10,-10,0.9786515827051646
