isLong,bias0,bias1,prob
long,10,-10,0.7779959838032311
short,10,-10,0.2220040161967682
