isLong,bias0,bias1,prob
long,10,-10,0.9826943847658824
short,10,-10,0.017305615234117982
