isLong,bias0,bias1,prob
long,5,-5,0.27562836188791023
short,5,-5,0.7243716381120895
