isLong,bias0,bias1,prob
long,10,-10,0.6852813043679717
short,10,-10,0.31471869563202814
