isLong,bias0,bias1,prob
long,5,-5,0.30873927609002144
short,5,-5,0.6912607239099792
