isLong,bias0,bias1,prob
long,10,-10,0.32960056470576193
short,10,-10,0.6703994352942393
