isLong,bias0,bias1,prob
long,2,-2,0.3764651721346782
short,2,-2,0.6235348278653219
