isLong,bias0,bias1,prob
long,2,-2,0.1547955759729744
short,2,-2,0.8452044240270254
