isLong,bias0,bias1,prob
long,5,-5,0.9051506522308184
short,5,-5,0.09484934776918136
