isLong,bias0,bias1,prob
long,5,-5,0.8002469579904787
short,5,-5,0.1997530420095205
