isLong,bias0,bias1,prob
long,5,-5,0.4803576312499631
short,5,-5,0.5196423687500371
