isLong,bias0,bias1,prob
long,5,-5,0.4752616561747288
short,5,-5,0.5247383438252715
