isLong,bias0,bias1,prob
long,10,-10,0.952791415679095
short,10,-10,0.04720858432090653
