isLong,bias0,bias1,prob
long,5,-5,0.9605708633732465
short,5,-5,0.0394291366267535
