isLong,bias0,bias1,prob
long,10,-10,0.1626253929654442
short,10,-10,0.8373746070345556
