isLong,bias0,bias1,prob
long,5,-5,0.2740867665758178
short,5,-5,0.7259132334241818
