isLong,bias0,bias1,prob
long,2,-2,0.05026903143110333
short,2,-2,0.9497309685688968
