isLong,bias0,bias1,prob
long,2,-2,0.06803930393058591
short,2,-2,0.9319606960694138
