isLong,bias0,bias1,prob
long,5,-5,0.05311066314512515
short,5,-5,0.9468893368548745
