isLong,bias0,bias1,prob
long,5,-5,0.7977281110243483
short,5,-5,0.20227188897565143
