isLong,bias0,bias1,prob
long,2,-2,0.8867346261197073
short,2,-2,0.11326537388029245
