isLong,bias0,bias1,prob
long,5,-5,0.6303065631403113
short,5,-5,0.36969343685968953
