isLong,bias0,bias1,prob
long,5,-5,0.5611779854109764
short,5,-5,0.43882201458902365
