isLong,bias0,bias1,prob
long,2,-2,0.3513610441067761
short,2,-2,0.6486389558932091
