isLong,bias0,bias1,prob
long,5,-5,0.10162576494721964
short,5,-5,0.8983742350527806
