isLong,bias0,bias1,prob
long,2,-2,0.6965974490912367
short,2,-2,0.303402550908763
