isLong,bias0,bias1,prob
long,5,-5,0.998731458745565
short,5,-5,0.0012685412544353502
