isLong,bias0,bias1,prob
long,5,-5,0.47136981086380375
short,5,-5,0.5286301891361967
