isLong,bias0,bias1,prob
long,5,-5,0.7670515207721714
short,5,-5,0.23294847922782835
