isLong,bias0,bias1,prob
long,10,-10,0.003691738526414411
short,10,-10,0.996308261473585
