isLong,bias0,bias1,prob
long,5,-5,0.5437294788890178
short,5,-5,0.4562705211109831
