isLong,bias0,bias1,prob
long,10,-10,0.7050137071282288
short,10,-10,0.29498629287177036
