isLong,bias0,bias1,prob
long,5,-5,0.8800083475586636
short,5,-5,0.11999165244133603
