isLong,bias0,bias1,prob
long,2,-2,0.8879241978167512
short,2,-2,0.11207580218324888
