isLong,bias0,bias1,prob
long,2,-2,0.4079863651539605
short,2,-2,0.5920136348460397
