isLong,bias0,bias1,prob
long,10,-10,0.9205864006764416
short,10,-10,0.07941359932355906
