isLong,bias0,bias1,prob
long,10,-10,0.0035323070129830987
short,10,-10,0.9964676929870171
