isLong,bias0,bias1,prob
long,5,-5,0.22042684281920347
short,5,-5,0.7795731571807969
