isLong,bias0,bias1,prob
long,10,-10,0.6020650591786159
short,10,-10,0.39793494082138425
