isLong,bias0,bias1,prob
long,5,-5,0.1550295679391365
short,5,-5,0.8449704320608642
