isLong,bias0,bias1,prob
long,5,-5,0.09601038524557046
short,5,-5,0.9039896147544296
