isLong,bias0,bias1,prob
long,2,-2,0.1834620168542641
short,2,-2,0.8165379831457358
