isLong,bias0,bias1,prob
long,2,-2,0.049547155504427016
short,2,-2,0.9504528444955733
