isLong,bias0,bias1,prob
long,10,-10,0.8111742077237639
short,10,-10,0.18882579227623633
