isLong,bias0,bias1,prob
long,2,-2,0.5975062297119721
short,2,-2,0.402493770288028
