isLong,bias0,bias1,prob
long,2,-2,0.4814945142241124
short,2,-2,0.5185054857758868
