isLong,bias0,bias1,prob
long,5,-5,0.9245863822370755
short,5,-5,0.07541361776292523
