isLong,bias0,bias1,prob
long,2,-2,0.8354698707103376
short,2,-2,0.1645301292896623
