isLong,bias0,bias1,prob
long,2,-2,0.6302852546880136
short,2,-2,0.3697147453119867
