isLong,bias0,bias1,prob
long,5,-5,0.38254522742626446
short,5,-5,0.6174547725737352
