isLong,bias0,bias1,prob
long,2,-2,0.7881200165256739
short,2,-2,0.21187998347432618
