isLong,bias0,bias1,prob
long,2,-2,0.43967496621387925
short,2,-2,0.5603250337861202
