isLong,bias0,bias1,prob
long,5,-5,0.6030720982207319
short,5,-5,0.3969279017792688
