isLong,bias0,bias1,prob
long,5,-5,0.12956176441927636
short,5,-5,0.8704382355807234
