isLong,bias0,bias1,prob
long,5,-5,0.743679102913128
short,5,-5,0.2563208970868722
