isLong,bias0,bias1,prob
long,2,-2,0.2614797784410694
short,2,-2,0.7385202215589302
