isLong,bias0,bias1,prob
long,2,-2,0.6352842058811641
short,2,-2,0.3647157941188359
