isLong,bias0,bias1,prob
long,10,-10,0.6907758059850054
short,10,-10,0.3092241940149945
