isLong,bias0,bias1,prob
long,10,-10,0.9370783954293089
short,10,-10,0.06292160457069136
