isLong,bias0,bias1,prob
long,2,-2,0.8598810335092724
short,2,-2,0.14011896649072778
