isLong,bias0,bias1,prob
long,2,-2,0.13155767946697486
short,2,-2,0.8684423205330334
