isLong,bias0,bias1,prob
long,2,-2,0.6735981980775135
short,2,-2,0.32640180192248625
