isLong,bias0,bias1,prob
long,5,-5,0.7149581974342167
short,5,-5,0.2850418025657837
