isLong,bias0,bias1,prob
long,2,-2,0.8306088200819619
short,2,-2,0.16939117991803862
