isLong,bias0,bias1,prob
long,5,-5,0.9845427559438902
short,5,-5,0.015457244056109497
