isLong,bias0,bias1,prob
long,2,-2,0.16745238629824225
short,2,-2,0.8325476137017579
