isLong,bias0,bias1,prob
long,2,-2,0.23305226588207334
short,2,-2,0.7669477341179288
