isLong,bias0,bias1,prob
long,2,-2,0.4211080784781591
short,2,-2,0.5788919215218407
