isLong,bias0,bias1,prob
long,5,-5,0.4139443082573851
short,5,-5,0.5860556917426152
