isLong,bias0,bias1,prob
long,5,-5,0.07463042600281047
short,5,-5,0.9253695739971894
