isLong,bias0,bias1,prob
long,2,-2,0.7664241268009477
short,2,-2,0.233575873199052
