isLong,bias0,bias1,prob
long,10,-10,0.186859799161219
short,10,-10,0.8131402008387807
