isLong,bias0,bias1,prob
long,2,-2,0.7953162856074544
short,2,-2,0.20468371439253347
