isLong,bias0,bias1,prob
long,10,-10,0.4218662393321201
short,10,-10,0.5781337606678791
