isLong,bias0,bias1,prob
long,10,-10,0.9060009955264015
short,10,-10,0.09399900447359781
