isLong,bias0,bias1,prob
long,2,-2,0.21999565503305257
short,2,-2,0.7800043449669476
