isLong,bias0,bias1,prob
long,5,-5,0.00909410577712242
short,5,-5,0.9909058942228773
