isLong,bias0,bias1,prob
long,10,-10,0.013969058966515038
short,10,-10,0.9860309410334851
