isLong,bias0,bias1,prob
long,2,-2,0.6025619997576204
short,2,-2,0.3974380002423793
