isLong,bias0,bias1,prob
long,2,-2,0.7037963818320647
short,2,-2,0.29620361816793545
