isLong,bias0,bias1,prob
long,2,-2,0.308921223381119
short,2,-2,0.6910787766188807
