isLong,bias0,bias1,prob
long,2,-2,0.6550241356148734
short,2,-2,0.3449758643851265
