isLong,bias0,bias1,prob
long,5,-5,0.05819515811586301
short,5,-5,0.9418048418841367
