isLong,bias0,bias1,prob
long,2,-2,0.6038627314901902
short,2,-2,0.39613726850980985
