isLong,bias0,bias1,prob
long,5,-5,0.9913422725025014
short,5,-5,0.0086577274974987
