isLong,bias0,bias1,prob
long,10,-10,0.03424424375494134
short,10,-10,0.9657557562450583
