isLong,bias0,bias1,prob
long,2,-2,0.6037420696385398
short,2,-2,0.3962579303614603
