isLong,bias0,bias1,prob
long,10,-10,0.007231713064486473
short,10,-10,0.9927682869355128
