isLong,bias0,bias1,prob
long,2,-2,0.13155767946705432
short,2,-2,0.8684423205329455
