isLong,bias0,bias1,prob
long,2,-2,0.9123540485780897
short,2,-2,0.0876459514219103
