isLong,bias0,bias1,prob
long,5,-5,0.7488066898451144
short,5,-5,0.25119331015488555
