isLong,bias0,bias1,prob
long,10,-10,0.02134841729487494
short,10,-10,0.9786515827051246
