isLong,bias0,bias1,prob
long,2,-2,0.9544831488117331
short,2,-2,0.04551685118826617
