isLong,bias0,bias1,prob
long,2,-2,0.35079580502621244
short,2,-2,0.6492041949737875
