isLong,bias0,bias1,prob
long,5,-5,0.9385544312453552
short,5,-5,0.061445568754644075
