isLong,bias0,bias1,prob
long,2,-2,0.7306002118070855
short,2,-2,0.26939978819291427
