isLong,bias0,bias1,prob
long,2,-2,0.4127945534904863
short,2,-2,0.587205446509567
