isLong,bias0,bias1,prob
long,5,-5,0.3661811637899399
short,5,-5,0.6338188362100604
