isLong,bias0,bias1,prob
long,5,-5,0.0025714797625243113
short,5,-5,0.997428520237476
