isLong,bias0,bias1,prob
long,10,-10,0.4167392563921235
short,10,-10,0.5832607436078777
