isLong,bias0,bias1,prob
long,5,-5,0.5594014249450155
short,5,-5,0.44059857505498423
