isLong,bias0,bias1,prob
long,5,-5,0.8935323659151688
short,5,-5,0.10646763408483101
