isLong,bias0,bias1,prob
long,5,-5,0.825601654502543
short,5,-5,0.17439834549745722
