isLong,bias0,bias1,prob
long,10,-10,0.0588523740675431
short,10,-10,0.9411476259324569
