isLong,bias0,bias1,prob
long,5,-5,0.8111293186759378
short,5,-5,0.18887068132406232
