isLong,bias0,bias1,prob
long,2,-2,0.020616850748906564
short,2,-2,0.9793831492510933
