isLong,bias0,bias1,prob
long,5,-5,0.46541934967198234
short,5,-5,0.5345806503280173
