isLong,bias0,bias1,prob
long,5,-5,0.9985789685933332
short,5,-5,0.0014210314066676214
