isLong,bias0,bias1,prob
long,10,-10,0.01792146305049157
short,10,-10,0.9820785369495088
