isLong,bias0,bias1,prob
long,10,-10,0.850457078970405
short,10,-10,0.14954292102959554
