isLong,bias0,bias1,prob
long,2,-2,0.28992238285890276
short,2,-2,0.7100776171410972
