isLong,bias0,bias1,prob
long,10,-10,0.9045329989368719
short,10,-10,0.0954670010631274
