isLong,bias0,bias1,prob
long,10,-10,0.13481584981460285
short,10,-10,0.865184150185397
