isLong,bias0,bias1,prob
long,2,-2,0.8309141169727245
short,2,-2,0.16908588302727534
