isLong,bias0,bias1,prob
long,2,-2,0.6542145587092498
short,2,-2,0.34578544129075006
