isLong,bias0,bias1,prob
long,5,-5,0.10539047302457395
short,5,-5,0.8946095269754257
