isLong,bias0,bias1,prob
long,5,-5,0.01875859500598386
short,5,-5,0.9812414049940158
