isLong,bias0,bias1,prob
long,5,-5,0.8721544068086146
short,5,-5,0.12784559319138536
