isLong,bias0,bias1,prob
long,2,-2,0.18761033034334812
short,2,-2,0.8123896696566518
