isLong,bias0,bias1,prob
long,10,-10,0.0029133189949986163
short,10,-10,0.9970866810050005
