isLong,bias0,bias1,prob
long,10,-10,0.9998858913158111
short,10,-10,0.00011410868418840721
