isLong,bias0,bias1,prob
long,2,-2,0.48679553619945015
short,2,-2,0.5132044638005498
