isLong,bias0,bias1,prob
long,10,-10,0.021278793205597966
short,10,-10,0.9787212067944021
