isLong,bias0,bias1,prob
long,10,-10,0.9997043563155656
short,10,-10,0.00029564368443463614
