isLong,bias0,bias1,prob
long,5,-5,0.015488426694840986
short,5,-5,0.9845115733051589
