isLong,bias0,bias1,prob
long,2,-2,0.7573719205085798
short,2,-2,0.2426280794914198
