isLong,bias0,bias1,prob
long,2,-2,0.08984593511061609
short,2,-2,0.9101540648893837
