isLong,bias0,bias1,prob
long,2,-2,0.6370550745255994
short,2,-2,0.3629449254744007
