isLong,bias0,bias1,prob
long,10,-10,0.0000674058619630015
short,10,-10,0.9999325941380363
