isLong,bias0,bias1,prob
long,5,-5,0.7619443168095865
short,5,-5,0.23805568319041273
