isLong,bias0,bias1,prob
long,2,-2,0.6526796871864344
short,2,-2,0.3473203128135648
