isLong,bias0,bias1,prob
long,5,-5,0.8698327772756945
short,5,-5,0.1301672227243049
