isLong,bias0,bias1,prob
long,2,-2,0.4667369611820259
short,2,-2,0.5332630388179741
