isLong,bias0,bias1,prob
long,5,-5,0.9709035842117933
short,5,-5,0.0290964157882068
