isLong,bias0,bias1,prob
long,2,-2,0.4270411418029007
short,2,-2,0.5729588581970992
