isLong,bias0,bias1,prob
long,10,-10,0.9912129397282945
short,10,-10,0.008787060271706788
