isLong,bias0,bias1,prob
long,10,-10,0.017430651962447506
short,10,-10,0.9825693480375525
