isLong,bias0,bias1,prob
long,10,-10,0.024737746394715175
short,10,-10,0.9752622536052852
