isLong,bias0,bias1,prob
long,5,-5,0.3581869252124521
short,5,-5,0.6418130747875479
