isLong,bias0,bias1,prob
long,2,-2,0.179542423284823
short,2,-2,0.8204575767151203
