isLong,bias0,bias1,prob
long,10,-10,0.8791672239898316
short,10,-10,0.12083277601016783
