isLong,bias0,bias1,prob
long,2,-2,0.9235721763372096
short,2,-2,0.07642782366279045
