isLong,bias0,bias1,prob
long,5,-5,0.14652505441908795
short,5,-5,0.8534749455809124
