isLong,bias0,bias1,prob
long,5,-5,0.006128733736628395
short,5,-5,0.9938712662633561
