isLong,bias0,bias1,prob
long,5,-5,0.06806642082101849
short,5,-5,0.9319335791789812
