isLong,bias0,bias1,prob
long,2,-2,0.049983965159211455
short,2,-2,0.9500160348407888
