isLong,bias0,bias1,prob
long,10,-10,0.22467190423146566
short,10,-10,0.7753280957685342
