isLong,bias0,bias1,prob
long,10,-10,0.03254192346097969
short,10,-10,0.9674580765390276
