isLong,bias0,bias1,prob
long,10,-10,0.004476604058335472
short,10,-10,0.9955233959416553
