isLong,bias0,bias1,prob
long,2,-2,0.03228911393000107
short,2,-2,0.9677108860699986
