isLong,bias0,bias1,prob
long,10,-10,0.35975019197547387
short,10,-10,0.6402498080245247
