isLong,bias0,bias1,prob
long,10,-10,0.32809607120876244
short,10,-10,0.6719039287912376
