isLong,bias0,bias1,prob
long,2,-2,0.26138989261874046
short,2,-2,0.7386101073812597
