isLong,bias0,bias1,prob
long,2,-2,0.5762298097658108
short,2,-2,0.4237701902341893
