isLong,bias0,bias1,prob
long,10,-10,0.03037445881384213
short,10,-10,0.9696255411861575
