isLong,bias0,bias1,prob
long,10,-10,0.9996900045695389
short,10,-10,0.00030999543046097744
