isLong,bias0,bias1,prob
long,5,-5,0.8737128488280479
short,5,-5,0.12628715117195183
