isLong,bias0,bias1,prob
long,2,-2,0.20491752300759417
short,2,-2,0.7950824769924293
