isLong,bias0,bias1,prob
long,10,-10,0.6961250974658721
short,10,-10,0.303874902534128
