isLong,bias0,bias1,prob
long,10,-10,0.0004812182479705398
short,10,-10,0.9995187817520286
