isLong,bias0,bias1,prob
long,5,-5,0.016253987771185297
short,5,-5,0.9837460122288155
