isLong,bias0,bias1,prob
long,2,-2,0.4245173030079501
short,2,-2,0.5754826969920498
