isLong,bias0,bias1,prob
long,10,-10,0.017933004730933934
short,10,-10,0.9820669952690656
