isLong,bias0,bias1,prob
long,5,-5,0.7170374600053122
short,5,-5,0.2829625399946875
