isLong,bias0,bias1,prob
long,2,-2,0.7618433811683167
short,2,-2,0.23815661883168304
