isLong,bias0,bias1,prob
long,5,-5,0.7371376118255054
short,5,-5,0.26286238817449387
