isLong,bias0,bias1,prob
long,2,-2,0.4452138899690668
short,2,-2,0.5547861100309334
