isLong,bias0,bias1,prob
long,5,-5,0.46314748340480405
short,5,-5,0.5368525165951965
