isLong,bias0,bias1,prob
long,10,-10,0.5011821575039144
short,10,-10,0.4988178424960853
