isLong,bias0,bias1,prob
long,10,-10,0.00021431727858616534
short,10,-10,0.9997856827214144
