isLong,bias0,bias1,prob
long,10,-10,0.9992608977183007
short,10,-10,0.0007391022817006302
