isLong,bias0,bias1,prob
long,10,-10,0.7878751656385647
short,10,-10,0.2121248343614351
