isLong,bias0,bias1,prob
long,10,-10,0.0023427354003783462
short,10,-10,0.9976572645996219
