isLong,bias0,bias1,prob
long,10,-10,0.997985113062386
short,10,-10,0.0020148869376133785
