isLong,bias0,bias1,prob
long,10,-10,0.19492293627222063
short,10,-10,0.80507706372778
