isLong,bias0,bias1,prob
long,2,-2,0.11631630242867398
short,2,-2,0.883683697571326
