isLong,bias0,bias1,prob
long,5,-5,0.0027941885436479474
short,5,-5,0.997205811456352
