isLong,bias0,bias1,prob
long,2,-2,0.1646869915645492
short,2,-2,0.8353130084354509
