isLong,bias0,bias1,prob
long,2,-2,0.9066076598516446
short,2,-2,0.09339234014835578
