isLong,bias0,bias1,prob
long,2,-2,0.3443264130241483
short,2,-2,0.6556735869758513
