isLong,bias0,bias1,prob
long,10,-10,0.011799451599177615
short,10,-10,0.9882005484008226
