isLong,bias0,bias1,prob
long,2,-2,0.9981728190369434
short,2,-2,0.0018271809630568928
