isLong,bias0,bias1,prob
long,10,-10,0.9918506236206078
short,10,-10,0.008149376379391044
