isLong,bias0,bias1,prob
long,5,-5,0.9356198696338214
short,5,-5,0.06438013036617843
