isLong,bias0,bias1,prob
long,5,-5,0.908256796885844
short,5,-5,0.09174320311415543
