isLong,bias0,bias1,prob
long,2,-2,0.11663443232269348
short,2,-2,0.8833655676773068
