isLong,bias0,bias1,prob
long,2,-2,0.7219580489956725
short,2,-2,0.2780419510043272
