isLong,bias0,bias1,prob
long,10,-10,0.002073241796279356
short,10,-10,0.9979267582037208
