isLong,bias0,bias1,prob
long,10,-10,0.8002465339363296
short,10,-10,0.19975346606367023
