isLong,bias0,bias1,prob
long,5,-5,0.01060882056625159
short,5,-5,0.989391179433734
