isLong,bias0,bias1,prob
long,5,-5,0.705838390604306
short,5,-5,0.29416160939569436
