isLong,bias0,bias1,prob
long,2,-2,0.6996736753708841
short,2,-2,0.30032632462911657
