isLong,bias0,bias1,prob
long,10,-10,0.999920581531429
short,10,-10,0.00007941846857130355
