isLong,bias0,bias1,prob
long,2,-2,0.18579684758147166
short,2,-2,0.8142031524185285
