isLong,bias0,bias1,prob
long,2,-2,0.9077124814626518
short,2,-2,0.09228751853734848
