isLong,bias0,bias1,prob
long,2,-2,0.08898085180273373
short,2,-2,0.9110191481972665
