isLong,bias0,bias1,prob
long,5,-5,0.5383653565301952
short,5,-5,0.4616346434698053
