isLong,bias0,bias1,prob
long,10,-10,0.986901785080389
short,10,-10,0.013098214919610635
