isLong,bias0,bias1,prob
long,2,-2,0.06865488797286162
short,2,-2,0.9313451120271381
