isLong,bias0,bias1,prob
long,5,-5,0.5546090357428537
short,5,-5,0.4453909642571468
