isLong,bias0,bias1,prob
long,2,-2,0.7373095833862322
short,2,-2,0.26269041661376824
