isLong,bias0,bias1,prob
long,10,-10,0.39526149198384386
short,10,-10,0.6047385080161557
