isLong,bias0,bias1,prob
long,5,-5,0.08257315004979343
short,5,-5,0.9174268499502063
