isLong,bias0,bias1,prob
long,10,-10,0.56293398942388
short,10,-10,0.4370660105761217
