isLong,bias0,bias1,prob
long,10,-10,0.9999986837389153
short,10,-10,0.0000013162610842901053
