isLong,bias0,bias1,prob
long,10,-10,0.005399242038045737
short,10,-10,0.994600757961954
