isLong,bias0,bias1,prob
long,10,-10,0.6138206201781871
short,10,-10,0.3861793798218134
