isLong,bias0,bias1,prob
long,5,-5,0.7629065203273142
short,5,-5,0.23709347967268535
