isLong,bias0,bias1,prob
long,5,-5,0.006303996789739901
short,5,-5,0.9936960032102606
