isLong,bias0,bias1,prob
long,10,-10,0.8608642572891502
short,10,-10,0.13913574271084822
