isLong,bias0,bias1,prob
long,5,-5,0.9482151182320863
short,5,-5,0.05178488176791376
