isLong,bias0,bias1,prob
long,2,-2,0.2911576423388231
short,2,-2,0.7088423576611765
