isLong,bias0,bias1,prob
long,2,-2,0.7871784252079352
short,2,-2,0.21282157479206415
