isLong,bias0,bias1,prob
long,2,-2,0.5455191494292086
short,2,-2,0.4544808505707918
