isLong,bias0,bias1,prob
long,5,-5,0.3672797984151269
short,5,-5,0.632720201584873
