isLong,bias0,bias1,prob
long,5,-5,0.33687511376597556
short,5,-5,0.6631248862340238
