isLong,bias0,bias1,prob
long,2,-2,0.35615193384942223
short,2,-2,0.6438480661505781
