isLong,bias0,bias1,prob
long,10,-10,0.00957656456081899
short,10,-10,0.9904234354391808
