isLong,bias0,bias1,prob
long,2,-2,0.2899223828589038
short,2,-2,0.7100776171411527
