isLong,bias0,bias1,prob
long,10,-10,0.5380044068050953
short,10,-10,0.46199559319490535
