isLong,bias0,bias1,prob
long,10,-10,0.004413466471804571
short,10,-10,0.9955865335281959
