isLong,bias0,bias1,prob
long,10,-10,0.2730520259006469
short,10,-10,0.7269479740993526
