isLong,bias0,bias1,prob
long,10,-10,0.8492412686124345
short,10,-10,0.15075873138756388
