isLong,bias0,bias1,prob
long,10,-10,0.5841157969320551
short,10,-10,0.4158842030679434
