isLong,bias0,bias1,prob
long,5,-5,0.17055499289847428
short,5,-5,0.8294450071015258
