isLong,bias0,bias1,prob
long,2,-2,0.8240544156495637
short,2,-2,0.17594558435043603
