isLong,bias0,bias1,prob
long,10,-10,0.9971731443435892
short,10,-10,0.0028268556564122844
