isLong,bias0,bias1,prob
long,5,-5,0.8723013297074427
short,5,-5,0.12769867029255708
