isLong,bias0,bias1,prob
long,2,-2,0.020912726651777618
short,2,-2,0.979087273348222
