isLong,bias0,bias1,prob
long,10,-10,0.004837949889811907
short,10,-10,0.9951620501101878
