isLong,bias0,bias1,prob
long,5,-5,0.915298930991171
short,5,-5,0.08470106900882851
