isLong,bias0,bias1,prob
long,10,-10,0.14856245624244066
short,10,-10,0.8514375437575592
