isLong,bias0,bias1,prob
long,2,-2,0.010266971339149677
short,2,-2,0.9897330286608507
