isLong,bias0,bias1,prob
long,2,-2,0.09301639978039453
short,2,-2,0.906983600219605
