isLong,bias0,bias1,prob
long,5,-5,0.1059884821999767
short,5,-5,0.8940115178000229
