isLong,bias0,bias1,prob
long,2,-2,0.9983757503632069
short,2,-2,0.0016242496367928354
