isLong,bias0,bias1,prob
long,2,-2,0.8030223320076684
short,2,-2,0.19697766799233177
