isLong,bias0,bias1,prob
long,10,-10,0.9986607011947717
short,10,-10,0.00133929880522849
