isLong,bias0,bias1,prob
long,5,-5,0.7148350453159212
short,5,-5,0.2851649546840787
