isLong,bias0,bias1,prob
long,2,-2,0.11802279082588527
short,2,-2,0.8819772091741145
