isLong,bias0,bias1,prob
long,2,-2,0.14703963949277374
short,2,-2,0.8529603605072259
