isLong,bias0,bias1,prob
long,5,-5,0.6675515817470157
short,5,-5,0.33244841825298455
