isLong,bias0,bias1,prob
long,10,-10,0.009576564560816726
short,10,-10,0.9904234354392354
