isLong,bias0,bias1,prob
long,5,-5,0.9999042103997404
short,5,-5,0.00009578960025960786
