isLong,bias0,bias1,prob
long,2,-2,0.19041176490921274
short,2,-2,0.8095882350907873
