isLong,bias0,bias1,prob
long,2,-2,0.7953162856073611
short,2,-2,0.20468371439263872
