isLong,bias0,bias1,prob
long,2,-2,0.7873026306684822
short,2,-2,0.21269736933151745
