isLong,bias0,bias1,prob
long,10,-10,0.001968467619490288
short,10,-10,0.9980315323805103
