isLong,bias0,bias1,prob
long,2,-2,0.030911086304904037
short,2,-2,0.9690889136950955
