isLong,bias0,bias1,prob
long,5,-5,0.036551419231439265
short,5,-5,0.9634485807685607
