isLong,bias0,bias1,prob
long,5,-5,0.9971246294627472
short,5,-5,0.002875370537252909
