isLong,bias0,bias1,prob
long,2,-2,0.04898318645443857
short,2,-2,0.9510168135455614
