isLong,bias0,bias1,prob
long,5,-5,0.5160512667843066
short,5,-5,0.4839487332156931
