isLong,bias0,bias1,prob
long,5,-5,0.898754619858414
short,5,-5,0.10124538014158553
