isLong,bias0,bias1,prob
long,2,-2,0.9298236823537495
short,2,-2,0.0701763176462509
