isLong,bias0,bias1,prob
long,10,-10,0.8004811937711499
short,10,-10,0.19951880622885043
