isLong,bias0,bias1,prob
long,5,-5,0.008902206786111247
short,5,-5,0.9910977932138892
