isLong,bias0,bias1,prob
long,10,-10,0.07017610557968051
short,10,-10,0.9298238944203524
