isLong,bias0,bias1,prob
long,2,-2,0.17954242328488124
short,2,-2,0.8204575767151189
