isLong,bias0,bias1,prob
long,2,-2,0.47300422938747405
short,2,-2,0.5269957706125257
