isLong,bias0,bias1,prob
long,5,-5,0.834649423278986
short,5,-5,0.1653505767210134
