isLong,bias0,bias1,prob
long,2,-2,0.37909240922728704
short,2,-2,0.6209075907727127
