isLong,bias0,bias1,prob
long,10,-10,0.03056493747207029
short,10,-10,0.9694350625279298
