isLong,bias0,bias1,prob
long,5,-5,0.22613738740197115
short,5,-5,0.773862612598029
