isLong,bias0,bias1,prob
long,2,-2,0.702164796614294
short,2,-2,0.29783520338570607
