isLong,bias0,bias1,prob
long,10,-10,0.0001710033253851558
short,10,-10,0.9998289966746146
