isLong,bias0,bias1,prob
long,2,-2,0.6801581207937571
short,2,-2,0.31984187920624285
