isLong,bias0,bias1,prob
long,10,-10,0.8708781013425834
short,10,-10,0.12912189865741655
