isLong,bias0,bias1,prob
long,2,-2,0.45236184126038115
short,2,-2,0.5476381587396189
