isLong,bias0,bias1,prob
long,2,-2,0.6719578217965712
short,2,-2,0.3280421782034288
