isLong,bias0,bias1,prob
long,2,-2,0.9169508769752126
short,2,-2,0.08304912302478758
