isLong,bias0,bias1,prob
long,2,-2,0.04832870600654081
short,2,-2,0.9516712939934591
