isLong,bias0,bias1,prob
long,5,-5,0.2086730934743548
short,5,-5,0.7913269065256452
