isLong,bias0,bias1,prob
long,10,-10,0.024944352342986417
short,10,-10,0.9750556476570135
