isLong,bias0,bias1,prob
long,5,-5,0.12163841192149735
short,5,-5,0.8783615880785024
