isLong,bias0,bias1,prob
long,5,-5,0.9665784066982186
short,5,-5,0.033421593301781016
