isLong,bias0,bias1,prob
long,5,-5,0.4265583778286657
short,5,-5,0.5734416221713347
