isLong,bias0,bias1,prob
long,5,-5,0.16486897802583358
short,5,-5,0.8351310219741669
