isLong,bias0,bias1,prob
long,10,-10,0.0036917385264142208
short,10,-10,0.996308261473585
