isLong,bias0,bias1,prob
long,5,-5,0.32387431199266786
short,5,-5,0.6761256880073316
