isLong,bias0,bias1,prob
long,10,-10,0.9965890714321163
short,10,-10,0.0034109285678830007
