isLong,bias0,bias1,prob
long,2,-2,0.6456798765373095
short,2,-2,0.3543201234626908
