isLong,bias0,bias1,prob
long,2,-2,0.8863125604539923
short,2,-2,0.11368743954600688
