isLong,bias0,bias1,prob
long,2,-2,0.32046468575130777
short,2,-2,0.6795353142486924
