isLong,bias0,bias1,prob
long,10,-10,0.678947382679876
short,10,-10,0.32105261732012375
