isLong,bias0,bias1,prob
long,10,-10,0.915298247549748
short,10,-10,0.08470175245025152
