isLong,bias0,bias1,prob
long,5,-5,0.9999993689888492
short,5,-5,6.310111510242538e-7
