isLong,bias0,bias1,prob
long,5,-5,0.11761002554915291
short,5,-5,0.8823899744508468
