isLong,bias0,bias1,prob
long,10,-10,0.0049123342875472655
short,10,-10,0.9950876657124531
