isLong,bias0,bias1,prob
long,5,-5,0.2507457341135283
short,5,-5,0.7492542658864714
