isLong,bias0,bias1,prob
long,5,-5,0.9329322550965558
short,5,-5,0.06706774490344443
