isLong,bias0,bias1,prob
long,5,-5,0.220865284559808
short,5,-5,0.7791347154401924
