isLong,bias0,bias1,prob
long,10,-10,0.013820266819014597
short,10,-10,0.9861797331809858
