isLong,bias0,bias1,prob
long,2,-2,0.11402386029165876
short,2,-2,0.8859761397083411
