isLong,bias0,bias1,prob
long,10,-10,0.824458230329159
short,10,-10,0.17554176967084023
