isLong,bias0,bias1,prob
long,2,-2,0.46979608672538803
short,2,-2,0.5302039132746122
