isLong,bias0,bias1,prob
long,5,-5,0.6791965792539378
short,5,-5,0.3208034207460628
