isLong,bias0,bias1,prob
long,5,-5,0.5936967147144538
short,5,-5,0.4063032852855466
