isLong,bias0,bias1,prob
long,5,-5,0.25790147864324997
short,5,-5,0.7420985213567497
