isLong,bias0,bias1,prob
long,5,-5,0.3906401427857136
short,5,-5,0.609359857214286
