isLong,bias0,bias1,prob
long,10,-10,0.7375777887033803
short,10,-10,0.2624222112966203
