isLong,bias0,bias1,prob
long,5,-5,0.9928082468660558
short,5,-5,0.007191753133944259
