isLong,bias0,bias1,prob
long,5,-5,0.11268888727249599
short,5,-5,0.8873111127275043
