isLong,bias0,bias1,prob
long,5,-5,0.8312287844639092
short,5,-5,0.16877121553609148
