isLong,bias0,bias1,prob
long,2,-2,0.4808619198192115
short,2,-2,0.5191380801807886
