isLong,bias0,bias1,prob
long,2,-2,0.23910299346625608
short,2,-2,0.7608970065337437
