isLong,bias0,bias1,prob
long,2,-2,0.058059919741672586
short,2,-2,0.9419400802583279
