isLong,bias0,bias1,prob
long,2,-2,0.8665561363237395
short,2,-2,0.13344386367626015
