isLong,bias0,bias1,prob
long,2,-2,0.6252931898097587
short,2,-2,0.37470681019024155
