isLong,bias0,bias1,prob
long,2,-2,0.9722642204797701
short,2,-2,0.02773577952023014
