isLong,bias0,bias1,prob
long,5,-5,0.5838899864164891
short,5,-5,0.41611001358351163
