isLong,bias0,bias1,prob
long,10,-10,0.8794087744925451
short,10,-10,0.12059122550745462
