isLong,bias0,bias1,prob
long,5,-5,0.4438752576881107
short,5,-5,0.5561247423118892
