isLong,bias0,bias1,prob
long,2,-2,0.35901071747056384
short,2,-2,0.6409892825294361
