isLong,bias0,bias1,prob
long,2,-2,0.2570151208918988
short,2,-2,0.7429848791081015
