isLong,bias0,bias1,prob
long,5,-5,0.06010401902645487
short,5,-5,0.9398959809735458
