isLong,bias0,bias1,prob
long,5,-5,0.18846136456830337
short,5,-5,0.8115386354316969
