isLong,bias0,bias1,prob
long,10,-10,0.0608912184950199
short,10,-10,0.9391087815049803
