isLong,bias0,bias1,prob
long,2,-2,0.9993011270513655
short,2,-2,0.000698872948635099
