isLong,bias0,bias1,prob
long,10,-10,0.4346007709283065
short,10,-10,0.5653992290716937
