isLong,bias0,bias1,prob
long,5,-5,0.9940188920437094
short,5,-5,0.005981107956290574
