isLong,bias0,bias1,prob
long,10,-10,0.03366741355092432
short,10,-10,0.9663325864490755
