isLong,bias0,bias1,prob
long,2,-2,0.5928655466312146
short,2,-2,0.40713445336878484
