isLong,bias0,bias1,prob
long,10,-10,0.9973052509143786
short,10,-10,0.002694749085621066
