isLong,bias0,bias1,prob
long,10,-10,0.9999999960115318
short,10,-10,3.988466635652947e-9
