isLong,bias0,bias1,prob
long,10,-10,0.000020719372197676745
short,10,-10,0.999979280627803
