isLong,bias0,bias1,prob
long,5,-5,0.15884346098804236
short,5,-5,0.8411565390119577
