isLong,bias0,bias1,prob
long,5,-5,0.5723268796013784
short,5,-5,0.4276731203986215
