isLong,bias0,bias1,prob
long,2,-2,0.14133002111803608
short,2,-2,0.8586699788819635
