isLong,bias0,bias1,prob
long,10,-10,0.7985771166675322
short,10,-10,0.20142288333246752
