isLong,bias0,bias1,prob
long,2,-2,0.4989352771720312
short,2,-2,0.5010647228279687
