isLong,bias0,bias1,prob
long,2,-2,0.38823060058617953
short,2,-2,0.6117693994138205
