isLong,bias0,bias1,prob
long,10,-10,0.5869782860999994
short,10,-10,0.4130217139000012
