isLong,bias0,bias1,prob
long,5,-5,0.9547901218408501
short,5,-5,0.04520987815914971
