isLong,bias0,bias1,prob
long,5,-5,0.34553316284193775
short,5,-5,0.6544668371580623
