isLong,bias0,bias1,prob
long,2,-2,0.18600203158523662
short,2,-2,0.8139979684147629
