isLong,bias0,bias1,prob
long,2,-2,0.676031221395935
short,2,-2,0.3239687786040647
