isLong,bias0,bias1,prob
long,10,-10,0.6966184980182779
short,10,-10,0.30338150198172154
