isLong,bias0,bias1,prob
long,2,-2,0.9702640038553312
short,2,-2,0.029735996144669055
