isLong,bias0,bias1,prob
long,5,-5,0.9999507982616384
short,5,-5,0.00004920173836189527
