isLong,bias0,bias1,prob
long,10,-10,0.026921880591699483
short,10,-10,0.9730781194083
