isLong,bias0,bias1,prob
long,5,-5,0.7540822154589761
short,5,-5,0.2459177845410237
