isLong,bias0,bias1,prob
long,5,-5,0.12291732063531437
short,5,-5,0.8770826793646849
