isLong,bias0,bias1,prob
long,2,-2,0.33961133197017784
short,2,-2,0.6603886680298512
