isLong,bias0,bias1,prob
long,10,-10,0.09252950064817052
short,10,-10,0.9074704993518293
