isLong,bias0,bias1,prob
long,5,-5,0.034049999853830545
short,5,-5,0.9659500001461698
