isLong,bias0,bias1,prob
long,2,-2,0.9991737449572383
short,2,-2,0.0008262550427620707
