isLong,bias0,bias1,prob
long,10,-10,0.6645462976169345
short,10,-10,0.3354537023830654
