isLong,bias0,bias1,prob
long,10,-10,0.9999870048662675
short,10,-10,0.000012995133732259651
