isLong,bias0,bias1,prob
long,2,-2,0.2805666608292973
short,2,-2,0.7194333391707031
