isLong,bias0,bias1,prob
long,10,-10,0.5098000031719462
short,10,-10,0.49019999682805426
