isLong,bias0,bias1,prob
long,10,-10,0.30283310849342665
short,10,-10,0.6971668915065737
