isLong,bias0,bias1,prob
long,2,-2,0.9817216826456758
short,2,-2,0.018278317354324104
