isLong,bias0,bias1,prob
long,5,-5,0.9033504178738567
short,5,-5,0.09664958212614319
