isLong,bias0,bias1,prob
long,2,-2,0.355084975865233
short,2,-2,0.6449150241347675
