isLong,bias0,bias1,prob
long,2,-2,0.560411422885228
short,2,-2,0.4395885771147719
