isLong,bias0,bias1,prob
long,10,-10,0.029869608042086743
short,10,-10,0.9701303919579128
