isLong,bias0,bias1,prob
long,2,-2,0.22246442491176874
short,2,-2,0.777535575088231
