isLong,bias0,bias1,prob
long,2,-2,0.7620790252084884
short,2,-2,0.23792097479151175
