isLong,bias0,bias1,prob
long,5,-5,0.9255482947740992
short,5,-5,0.07445170522590133
