isLong,bias0,bias1,prob
long,5,-5,0.3810278036215726
short,5,-5,0.6189721963784279
