isLong,bias0,bias1,prob
long,5,-5,0.3284568207115277
short,5,-5,0.6715431792884726
