isLong,bias0,bias1,prob
long,5,-5,0.5796244722509498
short,5,-5,0.4203755277490503
