isLong,bias0,bias1,prob
long,5,-5,0.9997537232102655
short,5,-5,0.00024627678973454927
