isLong,bias0,bias1,prob
long,10,-10,0.6506549277322953
short,10,-10,0.3493450722677043
