isLong,bias0,bias1,prob
long,2,-2,0.3924534622021547
short,2,-2,0.607546537797854
