isLong,bias0,bias1,prob
long,2,-2,0.09375469029606398
short,2,-2,0.9062453097039356
