isLong,bias0,bias1,prob
long,5,-5,0.9998891968763727
short,5,-5,0.00011080312362740465
