isLong,bias0,bias1,prob
long,2,-2,0.9833695136009797
short,2,-2,0.01663048639902013
