isLong,bias0,bias1,prob
long,2,-2,0.13811385068647153
short,2,-2,0.8618861493135284
