isLong,bias0,bias1,prob
long,10,-10,0.7822918486333916
short,10,-10,0.2177081513665745
