isLong,bias0,bias1,prob
long,10,-10,0.15258316203538644
short,10,-10,0.847416837964613
