isLong,bias0,bias1,prob
long,5,-5,0.1786286983957743
short,5,-5,0.8213713016042257
