isLong,bias0,bias1,prob
long,5,-5,0.531377678858053
short,5,-5,0.4686223211419476
