isLong,bias0,bias1,prob
long,5,-5,0.5853538179353117
short,5,-5,0.41464618206468806
