isLong,bias0,bias1,prob
long,2,-2,0.9951148873144362
short,2,-2,0.0048851126855629125
