isLong,bias0,bias1,prob
long,5,-5,0.9999932082117678
short,5,-5,0.0000067917882313168
