isLong,bias0,bias1,prob
long,2,-2,0.0890777390626738
short,2,-2,0.9109222609373264
