isLong,bias0,bias1,prob
long,5,-5,0.05577704300671928
short,5,-5,0.9442229569932807
