isLong,bias0,bias1,prob
long,10,-10,0.7018714034695687
short,10,-10,0.2981285965304325
