isLong,bias0,bias1,prob
long,5,-5,0.3913212464241395
short,5,-5,0.6086787535758598
