isLong,bias0,bias1,prob
long,2,-2,0.5008548403993872
short,2,-2,0.4991451596006131
