isLong,bias0,bias1,prob
long,10,-10,0.9826710531802536
short,10,-10,0.017328946819747015
