isLong,bias0,bias1,prob
long,10,-10,0.8334484648437986
short,10,-10,0.16655153515620136
