isLong,bias0,bias1,prob
long,2,-2,0.8340343044200871
short,2,-2,0.16596569557991253
