isLong,bias0,bias1,prob
long,5,-5,0.219293055710114
short,5,-5,0.7807069442898862
