isLong,bias0,bias1,prob
long,2,-2,0.9020568727625005
short,2,-2,0.09794312723749939
