isLong,bias0,bias1,prob
long,10,-10,0.9999979400741885
short,10,-10,0.000002059925810954446
