isLong,bias0,bias1,prob
long,5,-5,0.9575216124567272
short,5,-5,0.04247838754327272
