isLong,bias0,bias1,prob
long,5,-5,0.6329899474077771
short,5,-5,0.36701005259222325
