isLong,bias0,bias1,prob
long,2,-2,0.6836995939895332
short,2,-2,0.3163004060104802
