isLong,bias0,bias1,prob
long,10,-10,0.7636887208409601
short,10,-10,0.23631127915904024
