isLong,bias0,bias1,prob
long,2,-2,0.4551264387774264
short,2,-2,0.5448735612225732
