isLong,bias0,bias1,prob
long,2,-2,0.6835142743495962
short,2,-2,0.3164857256504037
