isLong,bias0,bias1,prob
long,10,-10,0.8299226297730564
short,10,-10,0.17007737022694328
