isLong,bias0,bias1,prob
long,10,-10,0.7309412561518531
short,10,-10,0.26905874384814676
