isLong,bias0,bias1,prob
long,10,-10,0.9999966551976779
short,10,-10,0.0000033448023223471386
