isLong,bias0,bias1,prob
long,10,-10,0.04878160633265305
short,10,-10,0.9512183936673473
