isLong,bias0,bias1,prob
long,5,-5,0.1477892181274978
short,5,-5,0.8522107818725462
