isLong,bias0,bias1,prob
long,10,-10,0.9732394634413268
short,10,-10,0.026760536558672558
