isLong,bias0,bias1,prob
long,10,-10,0.061798646681472454
short,10,-10,0.9382013533185308
