isLong,bias0,bias1,prob
long,10,-10,0.9999844342123089
short,10,-10,0.000015565787691142073
