isLong,bias0,bias1,prob
long,2,-2,0.19627248289502722
short,2,-2,0.8037275171049728
