isLong,bias0,bias1,prob
long,2,-2,0.7579347030652134
short,2,-2,0.24206529693478668
