isLong,bias0,bias1,prob
long,5,-5,0.6333934705447999
short,5,-5,0.36660652945520095
