isLong,bias0,bias1,prob
long,2,-2,0.7751453227732342
short,2,-2,0.22485467722676597
