isLong,bias0,bias1,prob
long,2,-2,0.47797226531821185
short,2,-2,0.522027734681788
