isLong,bias0,bias1,prob
long,2,-2,0.16153389241266417
short,2,-2,0.8384661075873358
