isLong,bias0,bias1,prob
long,10,-10,0.5406689829932418
short,10,-10,0.4593310170067566
