isLong,bias0,bias1,prob
long,10,-10,0.9383048909019436
short,10,-10,0.06169510909805704
