isLong,bias0,bias1,prob
long,2,-2,0.6633016722257336
short,2,-2,0.3366983277742664
