isLong,bias0,bias1,prob
long,5,-5,0.9997513161483016
short,5,-5,0.0002486838516984683
