isLong,bias0,bias1,prob
long,5,-5,0.999797198006839
short,5,-5,0.00020280199316055741
