isLong,bias0,bias1,prob
long,5,-5,0.12329712238604609
short,5,-5,0.8767028776139543
