isLong,bias0,bias1,prob
long,5,-5,0.07767268357468575
short,5,-5,0.922327316425315
