isLong,bias0,bias1,prob
long,2,-2,0.2640814636655075
short,2,-2,0.7359185363344922
