isLong,bias0,bias1,prob
long,2,-2,0.14978249741097605
short,2,-2,0.8502175025890235
