isLong,bias0,bias1,prob
long,10,-10,0.9997186592628028
short,10,-10,0.00028134073719716766
