isLong,bias0,bias1,prob
long,5,-5,0.27757989022463464
short,5,-5,0.7224201097753655
