isLong,bias0,bias1,prob
long,5,-5,0.8676587373025451
short,5,-5,0.13234126269745491
