isLong,bias0,bias1,prob
long,2,-2,0.5550557941235715
short,2,-2,0.4449442058764283
