isLong,bias0,bias1,prob
long,10,-10,0.23338562642875077
short,10,-10,0.7666143735712488
