isLong,bias0,bias1,prob
long,10,-10,0.9602718651662517
short,10,-10,0.039728134833748714
