isLong,bias0,bias1,prob
long,2,-2,0.11138422547049495
short,2,-2,0.8886157745295047
