isLong,bias0,bias1,prob
long,2,-2,0.42745608573300076
short,2,-2,0.5725439142669989
