isLong,bias0,bias1,prob
long,2,-2,0.48740532604129694
short,2,-2,0.5125946739587026
