isLong,bias0,bias1,prob
long,5,-5,0.9762733029637224
short,5,-5,0.02372669703627729
