isLong,bias0,bias1,prob
long,2,-2,0.6424957548001965
short,2,-2,0.35750424519980384
