isLong,bias0,bias1,prob
long,2,-2,0.8988661081200148
short,2,-2,0.10113389187998562
