isLong,bias0,bias1,prob
long,10,-10,0.9919496511035408
short,10,-10,0.008050348896459645
