isLong,bias0,bias1,prob
long,10,-10,0.0233564656434348
short,10,-10,0.9766435343565655
