isLong,bias0,bias1,prob
long,10,-10,0.9999690981095616
short,10,-10,0.00003090189043829454
