isLong,bias0,bias1,prob
long,5,-5,0.14778921812769047
short,5,-5,0.8522107818723099
