isLong,bias0,bias1,prob
long,10,-10,0.37815440188492677
short,10,-10,0.6218455981150728
