isLong,bias0,bias1,prob
long,5,-5,0.39519256881551545
short,5,-5,0.6048074311844847
