isLong,bias0,bias1,prob
long,10,-10,0.09268935969241449
short,10,-10,0.9073106403075527
