isLong,bias0,bias1,prob
long,5,-5,0.0545712750262613
short,5,-5,0.945428724973738
