isLong,bias0,bias1,prob
long,5,-5,0.13516689349728456
short,5,-5,0.864833106502715
