isLong,bias0,bias1,prob
long,10,-10,0.9999999316358755
short,10,-10,6.836412509741498e-8
