isLong,bias0,bias1,prob
long,10,-10,0.942298551382087
short,10,-10,0.05770144861791382
