isLong,bias0,bias1,prob
long,2,-2,0.6981016454816173
short,2,-2,0.30189835451838254
