isLong,bias0,bias1,prob
long,5,-5,0.03459805205351711
short,5,-5,0.9654019479464822
