isLong,bias0,bias1,prob
long,5,-5,0.9996532674966032
short,5,-5,0.00034673250339716205
