isLong,bias0,bias1,prob
long,2,-2,0.30808087891807656
short,2,-2,0.6919191210819231
