isLong,bias0,bias1,prob
long,5,-5,0.48960434639901584
short,5,-5,0.5103956536009845
