isLong,bias0,bias1,prob
long,10,-10,0.01588340318616657
short,10,-10,0.9841165968138328
