isLong,bias0,bias1,prob
long,10,-10,0.3275133861514198
short,10,-10,0.6724866138485806
