isLong,bias0,bias1,prob
long,2,-2,0.558910494702594
short,2,-2,0.44108950529740615
