isLong,bias0,bias1,prob
long,2,-2,0.250829569874854
short,2,-2,0.7491704301251463
