isLong,bias0,bias1,prob
long,10,-10,0.932228337362342
short,10,-10,0.06777166263765853
