isLong,bias0,bias1,prob
long,5,-5,0.14745400110376786
short,5,-5,0.8525459988962323
