isLong,bias0,bias1,prob
long,5,-5,0.02430268527148887
short,5,-5,0.9756973147285115
