isLong,bias0,bias1,prob
long,2,-2,0.42302244131925654
short,2,-2,0.5769775586807433
