isLong,bias0,bias1,prob
long,10,-10,0.00030602439447878927
short,10,-10,0.9996939756055321
