isLong,bias0,bias1,prob
long,10,-10,0.9789008941342661
short,10,-10,0.021099105865734
