isLong,bias0,bias1,prob
long,5,-5,0.7699591615159921
short,5,-5,0.23004083848400872
