isLong,bias0,bias1,prob
long,2,-2,0.33169268212518405
short,2,-2,0.6683073178748159
