isLong,bias0,bias1,prob
long,5,-5,0.9977598993045257
short,5,-5,0.0022401006954741428
