isLong,bias0,bias1,prob
long,2,-2,0.7313218319826845
short,2,-2,0.26867816801731587
