isLong,bias0,bias1,prob
long,2,-2,0.08667262282772202
short,2,-2,0.9133273771722777
