isLong,bias0,bias1,prob
long,5,-5,0.30189161484245053
short,5,-5,0.6981083851575494
