isLong,bias0,bias1,prob
long,5,-5,0.9283094775606973
short,5,-5,0.07169052243930313
