isLong,bias0,bias1,prob
long,10,-10,0.5619162682876266
short,10,-10,0.43808373171237314
