isLong,bias0,bias1,prob
long,5,-5,0.9926434402101066
short,5,-5,0.0073565597898930845
