isLong,bias0,bias1,prob
long,5,-5,0.1462627040430276
short,5,-5,0.853737295956973
