isLong,bias0,bias1,prob
long,2,-2,0.312902159106377
short,2,-2,0.6870978408936229
