isLong,bias0,bias1,prob
long,5,-5,0.24894763728121727
short,5,-5,0.7510523627187831
