isLong,bias0,bias1,prob
long,10,-10,0.28070360478876105
short,10,-10,0.7192963952112396
