isLong,bias0,bias1,prob
long,10,-10,0.6243536378133571
short,10,-10,0.3756463621866446
