isLong,bias0,bias1,prob
long,2,-2,0.19078074778375803
short,2,-2,0.8092192522162419
