isLong,bias0,bias1,prob
long,5,-5,0.4851905436698707
short,5,-5,0.5148094563301291
