isLong,bias0,bias1,prob
long,2,-2,0.5628280318901469
short,2,-2,0.4371719681098528
