isLong,bias0,bias1,prob
long,5,-5,0.18494562889217275
short,5,-5,0.8150543711078267
