isLong,bias0,bias1,prob
long,10,-10,0.5447557920866529
short,10,-10,0.455244207913347
