isLong,bias0,bias1,prob
long,2,-2,0.6642202253748787
short,2,-2,0.33577977462512104
