isLong,bias0,bias1,prob
long,10,-10,0.19717076158788782
short,10,-10,0.8028292384121125
