isLong,bias0,bias1,prob
long,10,-10,0.03351720276239198
short,10,-10,0.9664827972376079
