isLong,bias0,bias1,prob
long,5,-5,0.9995351551254946
short,5,-5,0.00046484487450618953
