isLong,bias0,bias1,prob
long,2,-2,0.2637978057408859
short,2,-2,0.7362021942591143
