isLong,bias0,bias1,prob
long,5,-5,0.8377285768088005
short,5,-5,0.16227142319119942
