isLong,bias0,bias1,prob
long,10,-10,0.11618643522097852
short,10,-10,0.8838135647790212
