isLong,bias0,bias1,prob
long,10,-10,0.12461459028920463
short,10,-10,0.8753854097107956
