isLong,bias0,bias1,prob
long,5,-5,0.9760566341253607
short,5,-5,0.023943365874639345
