isLong,bias0,bias1,prob
long,2,-2,0.7257619682090392
short,2,-2,0.2742380317909606
