isLong,bias0,bias1,prob
long,2,-2,0.5247988314372745
short,2,-2,0.47520116856272543
