isLong,bias0,bias1,prob
long,5,-5,0.6343089856905136
short,5,-5,0.3656910143094863
