isLong,bias0,bias1,prob
long,10,-10,0.03202524894885646
short,10,-10,0.9679747510511437
