isLong,bias0,bias1,prob
long,10,-10,0.9999999784290383
short,10,-10,2.1570962552141454e-8
