isLong,bias0,bias1,prob
long,10,-10,0.021686175574724447
short,10,-10,0.9783138244252755
