isLong,bias0,bias1,prob
long,10,-10,0.11161845867887832
short,10,-10,0.8883815413211218
