isLong,bias0,bias1,prob
long,10,-10,0.3676065079337971
short,10,-10,0.6323934920662031
