isLong,bias0,bias1,prob
long,10,-10,0.9999999999967919
short,10,-10,3.2064664792015974e-12
