isLong,bias0,bias1,prob
long,2,-2,0.2252500498474521
short,2,-2,0.7747499501525483
