isLong,bias0,bias1,prob
long,5,-5,0.15026267542493146
short,5,-5,0.8497373245750688
