isLong,bias0,bias1,prob
long,2,-2,0.6604349463133146
short,2,-2,0.33956505368668555
