isLong,bias0,bias1,prob
long,2,-2,0.5532335259297033
short,2,-2,0.4467664740702965
