isLong,bias0,bias1,prob
long,10,-10,0.8783597848761471
short,10,-10,0.12164021512385274
