isLong,bias0,bias1,prob
long,5,-5,0.09933657308909308
short,5,-5,0.900663426910907
