isLong,bias0,bias1,prob
long,5,-5,0.5768658869703103
short,5,-5,0.4231341130296906
