isLong,bias0,bias1,prob
long,5,-5,0.9026658834407404
short,5,-5,0.09733411655925986
