isLong,bias0,bias1,prob
long,2,-2,0.862174122553597
short,2,-2,0.13782587744640284
