isLong,bias0,bias1,prob
long,10,-10,0.9985064188620055
short,10,-10,0.001493581137994267
