isLong,bias0,bias1,prob
long,2,-2,0.21213161760983462
short,2,-2,0.7878683823901653
