isLong,bias0,bias1,prob
long,5,-5,0.9999515474045134
short,5,-5,0.000048452595486521004
