isLong,bias0,bias1,prob
long,10,-10,0.7743272025142764
short,10,-10,0.22567279748572266
