isLong,bias0,bias1,prob
long,2,-2,0.8681289235953722
short,2,-2,0.13187107640462772
