isLong,bias0,bias1,prob
long,2,-2,0.943878323813374
short,2,-2,0.056121676186626376
