isLong,bias0,bias1,prob
long,10,-10,0.07985998041429611
short,10,-10,0.9201400195857048
