isLong,bias0,bias1,prob
long,5,-5,0.9541811706412177
short,5,-5,0.04581882935878264
