isLong,bias0,bias1,prob
long,5,-5,0.043435856128206496
short,5,-5,0.9565641438717934
