isLong,bias0,bias1,prob
long,5,-5,0.16806457308435682
short,5,-5,0.8319354269156429
