isLong,bias0,bias1,prob
long,5,-5,0.6052077195364014
short,5,-5,0.3947922804635984
