isLong,bias0,bias1,prob
long,10,-10,0.9999566300253129
short,10,-10,0.00004336997468731642
