isLong,bias0,bias1,prob
long,10,-10,0.93732085162504
short,10,-10,0.06267914837495993
