isLong,bias0,bias1,prob
long,5,-5,0.10633737258094618
short,5,-5,0.8936626274190541
