isLong,bias0,bias1,prob
long,10,-10,0.5112086906147061
short,10,-10,0.4887913093852944
