isLong,bias0,bias1,prob
long,10,-10,0.16609482677820467
short,10,-10,0.8339051732217952
