isLong,bias0,bias1,prob
long,5,-5,0.5231431761215165
short,5,-5,0.4768568238784835
