isLong,bias0,bias1,prob
long,10,-10,0.04416532062760031
short,10,-10,0.9558346793724001
