isLong,bias0,bias1,prob
long,5,-5,0.9979345296603086
short,5,-5,0.0020654703396911023
