isLong,bias0,bias1,prob
long,5,-5,0.12662861331614103
short,5,-5,0.8733713866838587
