isLong,bias0,bias1,prob
long,10,-10,0.6772383796665364
short,10,-10,0.3227616203334635
