isLong,bias0,bias1,prob
long,2,-2,0.4997342850085714
short,2,-2,0.5002657149914288
