isLong,bias0,bias1,prob
long,10,-10,0.962768095918715
short,10,-10,0.03723190408128456
