isLong,bias0,bias1,prob
long,2,-2,0.28959453107310773
short,2,-2,0.7104054689268923
