isLong,bias0,bias1,prob
long,10,-10,0.8952259862835675
short,10,-10,0.10477401371643208
