isLong,bias0,bias1,prob
long,5,-5,0.09194417868647328
short,5,-5,0.9080558213135268
