isLong,bias0,bias1,prob
long,10,-10,0.30598220759120626
short,10,-10,0.6940177924087934
