isLong,bias0,bias1,prob
long,2,-2,0.9996829292001336
short,2,-2,0.00031707079986715745
