isLong,bias0,bias1,prob
long,5,-5,0.0053271917255198874
short,5,-5,0.9946728082744802
