isLong,bias0,bias1,prob
long,10,-10,0.12101947981117828
short,10,-10,0.8789805201888222
