isLong,bias0,bias1,prob
long,10,-10,0.9973026121281732
short,10,-10,0.0026973878718272995
