isLong,bias0,bias1,prob
long,5,-5,0.08768809170062697
short,5,-5,0.9123119082993727
