isLong,bias0,bias1,prob
long,2,-2,0.43529989256763435
short,2,-2,0.5647001074323656
