isLong,bias0,bias1,prob
long,2,-2,0.3655769333539055
short,2,-2,0.6344230666461302
