isLong,bias0,bias1,prob
long,2,-2,0.3913223256367495
short,2,-2,0.6086776743632503
