isLong,bias0,bias1,prob
long,10,-10,0.0026615517507432174
short,10,-10,0.9973384482492567
