isLong,bias0,bias1,prob
long,5,-5,0.4050156110163366
short,5,-5,0.5949843889836635
