isLong,bias0,bias1,prob
long,2,-2,0.49376131771302606
short,2,-2,0.5062386822869734
