isLong,bias0,bias1,prob
long,10,-10,0.40083982478215185
short,10,-10,0.5991601752178484
