isLong,bias0,bias1,prob
long,10,-10,0.9126933727310687
short,10,-10,0.08730662726893201
