isLong,bias0,bias1,prob
long,2,-2,0.8141296053657732
short,2,-2,0.185870394634227
