isLong,bias0,bias1,prob
long,10,-10,0.22489509355516002
short,10,-10,0.7751049064448399
