isLong,bias0,bias1,prob
long,5,-5,0.9999762456683213
short,5,-5,0.00002375433167877524
