isLong,bias0,bias1,prob
long,10,-10,0.6994070990410202
short,10,-10,0.30059290095898067
