isLong,bias0,bias1,prob
long,5,-5,0.07382343935172762
short,5,-5,0.9261765606482724
