isLong,bias0,bias1,prob
long,5,-5,0.7649511435643396
short,5,-5,0.23504885643566134
