isLong,bias0,bias1,prob
long,2,-2,0.13959499348269205
short,2,-2,0.8604050065173079
