isLong,bias0,bias1,prob
long,10,-10,0.007293638693783756
short,10,-10,0.9927063613062169
