isLong,bias0,bias1,prob
long,5,-5,0.534334902537014
short,5,-5,0.4656650974629851
