isLong,bias0,bias1,prob
long,5,-5,0.7958588178552947
short,5,-5,0.20414118214470517
