isLong,bias0,bias1,prob
long,2,-2,0.5873658768477136
short,2,-2,0.41263412315228615
