isLong,bias0,bias1,prob
long,10,-10,0.040441171591339156
short,10,-10,0.9595588284086608
