isLong,bias0,bias1,prob
long,5,-5,0.05884386579064927
short,5,-5,0.9411561342093507
