isLong,bias0,bias1,prob
long,5,-5,0.9999988142934941
short,5,-5,0.0000011857065066872245
