isLong,bias0,bias1,prob
long,2,-2,0.206780025761227
short,2,-2,0.7932199742387729
