isLong,bias0,bias1,prob
long,2,-2,0.1555325196692535
short,2,-2,0.8444674803307469
