isLong,bias0,bias1,prob
long,2,-2,0.7831018178046186
short,2,-2,0.2168981821953813
