isLong,bias0,bias1,prob
long,2,-2,0.3019767982859537
short,2,-2,0.698023201714046
