isLong,bias0,bias1,prob
long,5,-5,0.03235412038312735
short,5,-5,0.9676458796168729
