isLong,bias0,bias1,prob
long,2,-2,0.22321912117988238
short,2,-2,0.7767808788201176
