isLong,bias0,bias1,prob
long,5,-5,0.6956480043322536
short,5,-5,0.30435199566774607
