isLong,bias0,bias1,prob
long,5,-5,0.9811983338416143
short,5,-5,0.018801666158385383
