isLong,bias0,bias1,prob
long,10,-10,0.2496776046827511
short,10,-10,0.7503223953172492
