isLong,bias0,bias1,prob
long,10,-10,0.3115675569551302
short,10,-10,0.6884324430448363
