isLong,bias0,bias1,prob
long,2,-2,0.043955106753235725
short,2,-2,0.956044893246764
