isLong,bias0,bias1,prob
long,2,-2,0.626985269121896
short,2,-2,0.37301473087810444
