isLong,bias0,bias1,prob
long,2,-2,0.7389181138368434
short,2,-2,0.2610818861631564
