isLong,bias0,bias1,prob
long,2,-2,0.055636442378929146
short,2,-2,0.944363557621071
