isLong,bias0,bias1,prob
long,2,-2,0.93692915987454
short,2,-2,0.06307084012546033
