isLong,bias0,bias1,prob
long,2,-2,0.591652488624316
short,2,-2,0.40834751137568415
