isLong,bias0,bias1,prob
long,5,-5,0.48251902601862323
short,5,-5,0.517480973981377
