isLong,bias0,bias1,prob
long,5,-5,0.38799444227818336
short,5,-5,0.6120055577218163
