isLong,bias0,bias1,prob
long,10,-10,0.7236435262595345
short,10,-10,0.27635647374046524
