isLong,bias0,bias1,prob
long,10,-10,0.9612147915314625
short,10,-10,0.03878520846853798
