isLong,bias0,bias1,prob
long,5,-5,0.9973873829284486
short,5,-5,0.002612617071550915
