isLong,bias0,bias1,prob
long,10,-10,0.9999999999992326
short,10,-10,7.669465315736898e-13
