isLong,bias0,bias1,prob
long,2,-2,0.8258687577108834
short,2,-2,0.17413124228911714
