isLong,bias0,bias1,prob
long,10,-10,0.9867073946116932
short,10,-10,0.01329260538830643
