isLong,bias0,bias1,prob
long,10,-10,0.9999999999447162
short,10,-10,5.5283170831744623e-11
