isLong,bias0,bias1,prob
long,5,-5,0.9724891659756754
short,5,-5,0.027510834024324807
