isLong,bias0,bias1,prob
long,5,-5,0.780695234022236
short,5,-5,0.21930476597776435
