isLong,bias0,bias1,prob
long,10,-10,0.43482816331032104
short,10,-10,0.5651718366896786
