isLong,bias0,bias1,prob
long,2,-2,0.9842927082112038
short,2,-2,0.015707291788795968
