isLong,bias0,bias1,prob
long,5,-5,0.34455545192024106
short,5,-5,0.6554445480797593
