isLong,bias0,bias1,prob
long,2,-2,0.07412802493036924
short,2,-2,0.9258719750696307
