isLong,bias0,bias1,prob
long,2,-2,0.16770350003018095
short,2,-2,0.8322964999698192
