isLong,bias0,bias1,prob
long,2,-2,0.46258812105454883
short,2,-2,0.5374118789454511
