isLong,bias0,bias1,prob
long,2,-2,0.7241342135114012
short,2,-2,0.27586578648859966
