isLong,bias0,bias1,prob
long,5,-5,0.4373922222651966
short,5,-5,0.5626077777348032
