isLong,bias0,bias1,prob
long,2,-2,0.4165915909044457
short,2,-2,0.583408409095554
