isLong,bias0,bias1,prob
long,5,-5,0.14694948822687667
short,5,-5,0.8530505117731239
