isLong,bias0,bias1,prob
long,2,-2,0.47352785135569564
short,2,-2,0.5264721486443047
