isLong,bias0,bias1,prob
long,5,-5,0.11418246083381624
short,5,-5,0.8858175391662153
