isLong,bias0,bias1,prob
long,5,-5,0.6822766638889128
short,5,-5,0.3177233361110871
