isLong,bias0,bias1,prob
long,10,-10,0.05389057177011481
short,10,-10,0.9461094282298855
