isLong,bias0,bias1,prob
long,2,-2,0.05655239479644136
short,2,-2,0.9434476052035589
