isLong,bias0,bias1,prob
long,5,-5,0.017935490609156793
short,5,-5,0.9820645093908423
