isLong,bias0,bias1,prob
long,5,-5,0.7342406362584213
short,5,-5,0.265759363741578
