isLong,bias0,bias1,prob
long,5,-5,0.3301088149391314
short,5,-5,0.669891185060868
