isLong,bias0,bias1,prob
long,2,-2,0.6299332433220114
short,2,-2,0.3700667566779887
