isLong,bias0,bias1,prob
long,2,-2,0.3219638193878264
short,2,-2,0.6780361806121732
