isLong,bias0,bias1,prob
long,2,-2,0.427040258422958
short,2,-2,0.5729597415770415
