isLong,bias0,bias1,prob
long,2,-2,0.7614636691002504
short,2,-2,0.2385363308997495
