isLong,bias0,bias1,prob
long,10,-10,0.28618404045322254
short,10,-10,0.7138159595467775
