isLong,bias0,bias1,prob
long,10,-10,0.9999999999989164
short,10,-10,1.0834014412892108e-12
