isLong,bias0,bias1,prob
long,10,-10,0.9906268953862368
short,10,-10,0.009373104613763528
