isLong,bias0,bias1,prob
long,2,-2,0.10860946405530059
short,2,-2,0.891390535944699
