isLong,bias0,bias1,prob
long,10,-10,0.9999999999661959
short,10,-10,3.380449111677951e-11
