isLong,bias0,bias1,prob
long,10,-10,0.8669274023783958
short,10,-10,0.13307259762160467
