isLong,bias0,bias1,prob
long,10,-10,0.9425603008422706
short,10,-10,0.0574396991577302
