isLong,bias0,bias1,prob
long,5,-5,0.29912357094102043
short,5,-5,0.7008764290589796
