isLong,bias0,bias1,prob
long,5,-5,0.9991553767360268
short,5,-5,0.000844623263972961
