isLong,bias0,bias1,prob
long,10,-10,0.9999995910132907
short,10,-10,4.089867095224765e-7
