isLong,bias0,bias1,prob
long,5,-5,0.19528666838423311
short,5,-5,0.8047133316157669
