isLong,bias0,bias1,prob
long,10,-10,0.8502827586115118
short,10,-10,0.1497172413884876
