isLong,bias0,bias1,prob
long,2,-2,0.4487870481764168
short,2,-2,0.5512129518235831
