isLong,bias0,bias1,prob
long,5,-5,0.42845707120125875
short,5,-5,0.5715429287987417
