isLong,bias0,bias1,prob
long,2,-2,0.7230587033846705
short,2,-2,0.2769412966153662
