isLong,bias0,bias1,prob
long,2,-2,0.7802684623632644
short,2,-2,0.21973153763673517
