isLong,bias0,bias1,prob
long,5,-5,0.32866404146680706
short,5,-5,0.6713359585331928
