isLong,bias0,bias1,prob
long,10,-10,0.7655967782448584
short,10,-10,0.23440322175514275
