isLong,bias0,bias1,prob
long,5,-5,0.5388294188927653
short,5,-5,0.4611705811072344
