isLong,bias0,bias1,prob
long,10,-10,0.31156755695521976
short,10,-10,0.6884324430447804
