isLong,bias0,bias1,prob
long,10,-10,0.8259096476930813
short,10,-10,0.17409035230691958
