isLong,bias0,bias1,prob
long,2,-2,0.1861427122471806
short,2,-2,0.8138572877528196
