isLong,bias0,bias1,prob
long,10,-10,0.21566727994251877
short,10,-10,0.7843327200574818
