isLong,bias0,bias1,prob
long,5,-5,0.6573995927218034
short,5,-5,0.34260040727819674
