isLong,bias0,bias1,prob
long,10,-10,0.025168239326457433
short,10,-10,0.9748317606735429
