isLong,bias0,bias1,prob
long,10,-10,0.08057932714450372
short,10,-10,0.9194206728554966
