isLong,bias0,bias1,prob
long,2,-2,0.8817080964019607
short,2,-2,0.11829190359803922
