isLong,bias0,bias1,prob
long,5,-5,0.08346908905278447
short,5,-5,0.9165309109472155
