isLong,bias0,bias1,prob
long,2,-2,0.3814952947629157
short,2,-2,0.6185047052370841
