isLong,bias0,bias1,prob
long,2,-2,0.7230587033847977
short,2,-2,0.2769412966152024
