isLong,bias0,bias1,prob
long,10,-10,0.5350370964917217
short,10,-10,0.46496290350827857
