isLong,bias0,bias1,prob
long,2,-2,0.5296924048189284
short,2,-2,0.4703075951810715
