isLong,bias0,bias1,prob
long,2,-2,0.25736142615070523
short,2,-2,0.7426385738492953
