isLong,bias0,bias1,prob
long,2,-2,0.39705168082901876
short,2,-2,0.6029483191709812
