isLong,bias0,bias1,prob
long,5,-5,0.2166073770960312
short,5,-5,0.7833926229039685
