isLong,bias0,bias1,prob
long,2,-2,0.6323410225912598
short,2,-2,0.3676589774087937
