isLong,bias0,bias1,prob
long,5,-5,0.4928059483247501
short,5,-5,0.50719405167525
