isLong,bias0,bias1,prob
long,5,-5,0.695483300066583
short,5,-5,0.3045166999334171
