isLong,bias0,bias1,prob
long,2,-2,0.5858266110284773
short,2,-2,0.4141733889715227
