isLong,bias0,bias1,prob
long,2,-2,0.8043171912689878
short,2,-2,0.19568280873101196
