isLong,bias0,bias1,prob
long,10,-10,0.044165320627712265
short,10,-10,0.9558346793722905
