isLong,bias0,bias1,prob
long,2,-2,0.3492221118549175
short,2,-2,0.650777888145083
