isLong,bias0,bias1,prob
long,10,-10,0.3393993101306545
short,10,-10,0.6606006898693451
