isLong,bias0,bias1,prob
long,2,-2,0.5135868543021589
short,2,-2,0.486413145697841
