isLong,bias0,bias1,prob
long,5,-5,0.4228695581085128
short,5,-5,0.5771304418914874
