isLong,bias0,bias1,prob
long,2,-2,0.2558153769750735
short,2,-2,0.7441846230249263
