isLong,bias0,bias1,prob
long,2,-2,0.2555234442617747
short,2,-2,0.7444765557382252
