isLong,bias0,bias1,prob
long,2,-2,0.3392973666613382
short,2,-2,0.6607026333386619
