isLong,bias0,bias1,prob
long,5,-5,0.8066108022867182
short,5,-5,0.19338919771328203
