isLong,bias0,bias1,prob
long,10,-10,0.01799707787992917
short,10,-10,0.9820029221200705
