isLong,bias0,bias1,prob
long,2,-2,0.9941583860842816
short,2,-2,0.005841613915718495
