isLong,bias0,bias1,prob
long,5,-5,0.6331037570223668
short,5,-5,0.3668962429776341
