isLong,bias0,bias1,prob
long,2,-2,0.46132844308489185
short,2,-2,0.5386715569151082
