isLong,bias0,bias1,prob
long,5,-5,0.6351185150865839
short,5,-5,0.36488148491341643
