isLong,bias0,bias1,prob
long,5,-5,0.9399712258917614
short,5,-5,0.060028774108238404
