isLong,bias0,bias1,prob
long,5,-5,0.2514386047144528
short,5,-5,0.7485613952855565
