isLong,bias0,bias1,prob
long,2,-2,0.031895819006675576
short,2,-2,0.9681041809933246
