isLong,bias0,bias1,prob
long,2,-2,0.17253588212786047
short,2,-2,0.8274641178721395
