isLong,bias0,bias1,prob
long,5,-5,0.43855263332945155
short,5,-5,0.5614473666705485
