isLong,bias0,bias1,prob
long,2,-2,0.6440971117083493
short,2,-2,0.35590288829165007
