isLong,bias0,bias1,prob
long,2,-2,0.8485807579590602
short,2,-2,0.15141924204094012
