isLong,bias0,bias1,prob
long,5,-5,0.20649901299514833
short,5,-5,0.7935009870048519
