isLong,bias0,bias1,prob
long,2,-2,0.7304614962980702
short,2,-2,0.26953850370192994
