isLong,bias0,bias1,prob
long,5,-5,0.9270043175077172
short,5,-5,0.07299568249228257
