isLong,bias0,bias1,prob
long,10,-10,0.755259320539786
short,10,-10,0.24474067946021252
