isLong,bias0,bias1,prob
long,10,-10,0.013770543380787493
short,10,-10,0.9862294566192127
