isLong,bias0,bias1,prob
long,2,-2,0.11612932749268899
short,2,-2,0.8838706725073109
