isLong,bias0,bias1,prob
long,5,-5,0.9997913292050262
short,5,-5,0.00020867079497420568
