isLong,bias0,bias1,prob
long,2,-2,0.5618290583730772
short,2,-2,0.4381709416269231
