isLong,bias0,bias1,prob
long,10,-10,0.6923755686291615
short,10,-10,0.3076244313708381
