isLong,bias0,bias1,prob
long,10,-10,0.6623259576518488
short,10,-10,0.3376740423481509
