isLong,bias0,bias1,prob
long,10,-10,0.9999999701231421
short,10,-10,2.9876858418116775e-8
