isLong,bias0,bias1,prob
long,2,-2,0.1798013405852159
short,2,-2,0.8201986594147844
