isLong,bias0,bias1,prob
long,10,-10,0.375255136037366
short,10,-10,0.6247448639626343
