isLong,bias0,bias1,prob
long,10,-10,0.41707765705657185
short,10,-10,0.5829223429434283
