isLong,bias0,bias1,prob
long,5,-5,0.09923313991206371
short,5,-5,0.900766860087936
