isLong,bias0,bias1,prob
long,2,-2,0.9889356613367695
short,2,-2,0.011064338663230318
