isLong,bias0,bias1,prob
long,10,-10,0.09268935969233966
short,10,-10,0.9073106403076607
