isLong,bias0,bias1,prob
long,10,-10,0.6229277271814339
short,10,-10,0.3770722728185659
