isLong,bias0,bias1,prob
long,10,-10,0.12793055381419288
short,10,-10,0.8720694461858075
