isLong,bias0,bias1,prob
long,5,-5,0.4236305805614754
short,5,-5,0.5763694194385244
