isLong,bias0,bias1,prob
long,10,-10,0.4193979139166488
short,10,-10,0.5806020860833518
