isLong,bias0,bias1,prob
long,5,-5,0.2998762253838429
short,5,-5,0.7001237746161566
