isLong,bias0,bias1,prob
long,2,-2,0.49677741184896246
short,2,-2,0.5032225881510378
