isLong,bias0,bias1,prob
long,5,-5,0.9999971454686448
short,5,-5,0.000002854531354697577
