isLong,bias0,bias1,prob
long,10,-10,0.03894223124631775
short,10,-10,0.9610577687536829
