isLong,bias0,bias1,prob
long,2,-2,0.9570704225414556
short,2,-2,0.0429295774585447
