isLong,bias0,bias1,prob
long,5,-5,0.6573995927215628
short,5,-5,0.3426004072783845
