isLong,bias0,bias1,prob
long,5,-5,0.7840662668553924
short,5,-5,0.21593373314460756
