isLong,bias0,bias1,prob
long,10,-10,0.2485453982056076
short,10,-10,0.7514546017943926
