isLong,bias0,bias1,prob
long,5,-5,0.4907335875766582
short,5,-5,0.5092664124233416
