isLong,bias0,bias1,prob
long,5,-5,0.9861250563255572
short,5,-5,0.013874943674442882
