isLong,bias0,bias1,prob
long,2,-2,0.20343403343506078
short,2,-2,0.796565966564939
