isLong,bias0,bias1,prob
long,5,-5,0.8669158043078369
short,5,-5,0.13308419569216337
