isLong,bias0,bias1,prob
long,2,-2,0.9478530333783481
short,2,-2,0.05214696662165202
