isLong,bias0,bias1,prob
long,2,-2,0.9168030883132952
short,2,-2,0.08319691168670489
