isLong,bias0,bias1,prob
long,2,-2,0.43615584359960596
short,2,-2,0.5638441564003941
