isLong,bias0,bias1,prob
long,2,-2,0.07223526514869529
short,2,-2,0.9277647348513048
