isLong,bias0,bias1,prob
long,2,-2,0.9568739303466092
short,2,-2,0.04312606965339069
