isLong,bias0,bias1,prob
long,10,-10,0.03820640620646237
short,10,-10,0.9617935937935379
