isLong,bias0,bias1,prob
long,10,-10,0.15399020995680548
short,10,-10,0.8460097900431948
