isLong,bias0,bias1,prob
long,2,-2,0.8063913510330263
short,2,-2,0.19360864896697372
