isLong,bias0,bias1,prob
long,2,-2,0.6451369528260431
short,2,-2,0.3548630471739571
