isLong,bias0,bias1,prob
long,5,-5,0.2775798902249163
short,5,-5,0.722420109775072
