isLong,bias0,bias1,prob
long,10,-10,0.0005823844509384279
short,10,-10,0.9994176155490623
