isLong,bias0,bias1,prob
long,10,-10,0.9999937411600165
short,10,-10,0.0000062588399831096205
