isLong,bias0,bias1,prob
long,2,-2,0.13981462812586037
short,2,-2,0.8601853718741393
