isLong,bias0,bias1,prob
long,5,-5,0.538003030773732
short,5,-5,0.46199696922626765
