isLong,bias0,bias1,prob
long,10,-10,0.9993775555419903
short,10,-10,0.0006224444580109767
