isLong,bias0,bias1,prob
long,5,-5,0.476009272577524
short,5,-5,0.5239907274224765
