isLong,bias0,bias1,prob
long,5,-5,0.8645081433451866
short,5,-5,0.1354918566548128
