isLong,bias0,bias1,prob
long,10,-10,0.045639523291865436
short,10,-10,0.9543604767081344
