isLong,bias0,bias1,prob
long,2,-2,0.40232454141129426
short,2,-2,0.5976754585887061
