isLong,bias0,bias1,prob
long,5,-5,0.48083856041950573
short,5,-5,0.519161439580494
