isLong,bias0,bias1,prob
long,5,-5,0.3134140442447901
short,5,-5,0.6865859557552101
