isLong,bias0,bias1,prob
long,5,-5,0.13075110289510566
short,5,-5,0.869248897104922
