isLong,bias0,bias1,prob
long,5,-5,0.5827498615963191
short,5,-5,0.4172501384036433
