isLong,bias0,bias1,prob
long,10,-10,0.9973469063238598
short,10,-10,0.002653093676140381
