isLong,bias0,bias1,prob
long,2,-2,0.4635951734003217
short,2,-2,0.5364048265996786
