isLong,bias0,bias1,prob
long,5,-5,0.07854248506443882
short,5,-5,0.9214575149355616
