isLong,bias0,bias1,prob
long,5,-5,0.7590040693264843
short,5,-5,0.24099593067351563
