isLong,bias0,bias1,prob
long,2,-2,0.9977358991249203
short,2,-2,0.0022641008750801683
