isLong,bias0,bias1,prob
long,10,-10,0.00913849994550686
short,10,-10,0.9908615000544931
