isLong,bias0,bias1,prob
long,5,-5,0.6814150662050661
short,5,-5,0.31858493379493413
