isLong,bias0,bias1,prob
long,5,-5,0.9999567387336353
short,5,-5,0.000043261266365133703
