isLong,bias0,bias1,prob
long,5,-5,0.2961535277767332
short,5,-5,0.703846472223266
