isLong,bias0,bias1,prob
long,10,-10,0.49865293147708534
short,10,-10,0.501347068522915
