isLong,bias0,bias1,prob
long,5,-5,0.842785688130817
short,5,-5,0.15721431186918333
