isLong,bias0,bias1,prob
long,5,-5,0.4709479616106135
short,5,-5,0.5290520383893873
