isLong,bias0,bias1,prob
long,5,-5,0.999998323771093
short,5,-5,0.0000016762289063973717
