isLong,bias0,bias1,prob
long,10,-10,0.008937922033498255
short,10,-10,0.9910620779665015
