isLong,bias0,bias1,prob
long,10,-10,0.06099009926369305
short,10,-10,0.9390099007363069
