isLong,bias0,bias1,prob
long,10,-10,0.855888083589037
short,10,-10,0.14411191641096338
