isLong,bias0,bias1,prob
long,5,-5,0.22763793424515844
short,5,-5,0.7723620657548917
