isLong,bias0,bias1,prob
long,10,-10,0.04548629236179451
short,10,-10,0.9545137076382048
