isLong,bias0,bias1,prob
long,10,-10,0.8547725318468576
short,10,-10,0.1452274681531428
