isLong,bias0,bias1,prob
long,10,-10,0.3322734829781113
short,10,-10,0.6677265170218882
