isLong,bias0,bias1,prob
long,2,-2,0.5415171768688031
short,2,-2,0.4584828231311972
