isLong,bias0,bias1,prob
long,2,-2,0.23910299346598063
short,2,-2,0.7608970065340607
