isLong,bias0,bias1,prob
long,5,-5,0.14200498129547115
short,5,-5,0.8579950187045285
