isLong,bias0,bias1,prob
long,10,-10,0.9736428938165197
short,10,-10,0.02635710618348037
