isLong,bias0,bias1,prob
long,2,-2,0.9718046030283841
short,2,-2,0.02819539697161625
