isLong,bias0,bias1,prob
long,2,-2,0.6385687511128291
short,2,-2,0.36143124888717104
