isLong,bias0,bias1,prob
long,10,-10,0.8146799339770894
short,10,-10,0.1853200660229114
