isLong,bias0,bias1,prob
long,5,-5,0.30097376043239055
short,5,-5,0.699026239567609
