isLong,bias0,bias1,prob
long,10,-10,0.55476488587928
short,10,-10,0.44523511412072037
