isLong,bias0,bias1,prob
long,10,-10,0.9718234346688488
short,10,-10,0.028176565331152092
