isLong,bias0,bias1,prob
long,10,-10,0.022364667007968686
short,10,-10,0.9776353329920315
