isLong,bias0,bias1,prob
long,5,-5,0.9740024101028597
short,5,-5,0.025997589897140096
