isLong,bias0,bias1,prob
long,2,-2,0.21516425516452686
short,2,-2,0.784835744835473
