isLong,bias0,bias1,prob
long,10,-10,0.012206349001108681
short,10,-10,0.9877936509988917
