isLong,bias0,bias1,prob
long,5,-5,0.7260796551686093
short,5,-5,0.2739203448313908
