isLong,bias0,bias1,prob
long,5,-5,0.8395972380230383
short,5,-5,0.1604027619769624
