isLong,bias0,bias1,prob
long,2,-2,0.16820434615069002
short,2,-2,0.8317956538493096
