isLong,bias0,bias1,prob
long,5,-5,0.5737880618385602
short,5,-5,0.4262119381614402
