isLong,bias0,bias1,prob
long,5,-5,0.8942990138854633
short,5,-5,0.1057009861145371
