isLong,bias0,bias1,prob
long,5,-5,0.6228919763115751
short,5,-5,0.377108023688425
