isLong,bias0,bias1,prob
long,2,-2,0.46808427960942267
short,2,-2,0.5319157203905776
