isLong,bias0,bias1,prob
long,5,-5,0.987129331269834
short,5,-5,0.012870668730165749
