isLong,bias0,bias1,prob
long,10,-10,0.0645231808339709
short,10,-10,0.9354768191660295
