isLong,bias0,bias1,prob
long,2,-2,0.2151642551646528
short,2,-2,0.7848357448353246
