isLong,bias0,bias1,prob
long,10,-10,0.9908469562696487
short,10,-10,0.009153043730351343
