isLong,bias0,bias1,prob
long,10,-10,0.9999998586599592
short,10,-10,1.413400405120951e-7
