isLong,bias0,bias1,prob
long,10,-10,0.6641360822066391
short,10,-10,0.335863917793361
