isLong,bias0,bias1,prob
long,5,-5,0.2618458620132593
short,5,-5,0.7381541379867411
