isLong,bias0,bias1,prob
long,10,-10,0.49865293147717654
short,10,-10,0.5013470685228388
