isLong,bias0,bias1,prob
long,10,-10,0.8305769240747561
short,10,-10,0.1694230759252442
