isLong,bias0,bias1,prob
long,2,-2,0.585238396207068
short,2,-2,0.41476160379293237
