isLong,bias0,bias1,prob
long,2,-2,0.3576114443767746
short,2,-2,0.6423885556232253
