isLong,bias0,bias1,prob
long,5,-5,0.9721006221496759
short,5,-5,0.027899377850324765
