isLong,bias0,bias1,prob
long,2,-2,0.5900510393088619
short,2,-2,0.4099489606911384
