isLong,bias0,bias1,prob
long,5,-5,0.7617321149712797
short,5,-5,0.2382678850287206
