isLong,bias0,bias1,prob
long,2,-2,0.6030710321137569
short,2,-2,0.3969289678862432
