isLong,bias0,bias1,prob
long,5,-5,0.20498167505228332
short,5,-5,0.7950183249477172
