isLong,bias0,bias1,prob
long,5,-5,0.02307685719356388
short,5,-5,0.976923142806436
