isLong,bias0,bias1,prob
long,5,-5,0.3669101071340423
short,5,-5,0.6330898928659572
