isLong,bias0,bias1,prob
long,10,-10,0.2863945475631764
short,10,-10,0.7136054524368232
