isLong,bias0,bias1,prob
long,2,-2,0.057368693264117906
short,2,-2,0.9426313067358824
