isLong,bias0,bias1,prob
long,10,-10,0.40448693655350976
short,10,-10,0.5955130634464902
