isLong,bias0,bias1,prob
long,5,-5,0.9091214955556208
short,5,-5,0.09087850444437981
