isLong,bias0,bias1,prob
long,2,-2,0.91974627832713
short,2,-2,0.08025372167286994
