isLong,bias0,bias1,prob
long,10,-10,0.9999993633125748
short,10,-10,6.366874254105805e-7
