isLong,bias0,bias1,prob
long,10,-10,0.4923737655802656
short,10,-10,0.5076262344197345
