isLong,bias0,bias1,prob
long,5,-5,0.9977613869412052
short,5,-5,0.002238613058795338
