isLong,bias0,bias1,prob
long,5,-5,0.12454190503972226
short,5,-5,0.875458094960277
