isLong,bias0,bias1,prob
long,2,-2,0.31944175043539863
short,2,-2,0.6805582495646013
