isLong,bias0,bias1,prob
long,5,-5,0.9574373063976174
short,5,-5,0.04256269360238305
