isLong,bias0,bias1,prob
long,10,-10,0.9999996734871868
short,10,-10,3.265128129672092e-7
