isLong,bias0,bias1,prob
long,2,-2,0.09171967356877847
short,2,-2,0.9082803264312213
