isLong,bias0,bias1,prob
long,10,-10,0.5846592131922932
short,10,-10,0.4153407868077067
