isLong,bias0,bias1,prob
long,2,-2,0.4182949055693911
short,2,-2,0.581705094430609
