isLong,bias0,bias1,prob
long,5,-5,0.6800457233596195
short,5,-5,0.3199542766403797
