isLong,bias0,bias1,prob
long,2,-2,0.9338428908257177
short,2,-2,0.06615710917428191
