isLong,bias0,bias1,prob
long,2,-2,0.03245359949801064
short,2,-2,0.9675464005019893
