isLong,bias0,bias1,prob
long,5,-5,0.3222320203945258
short,5,-5,0.6777679796054741
