isLong,bias0,bias1,prob
long,10,-10,0.8702317523601719
short,10,-10,0.12976824763982725
