isLong,bias0,bias1,prob
long,5,-5,0.5893790331385346
short,5,-5,0.41062096686146476
