isLong,bias0,bias1,prob
long,5,-5,0.7281178488790974
short,5,-5,0.2718821511209027
