isLong,bias0,bias1,prob
long,5,-5,0.36346070347441506
short,5,-5,0.6365392965255853
