isLong,bias0,bias1,prob
long,5,-5,0.9999999572463567
short,5,-5,4.275364253162862e-8
