isLong,bias0,bias1,prob
long,10,-10,0.6260022039171176
short,10,-10,0.37399779608288364
