isLong,bias0,bias1,prob
long,2,-2,0.7263164944426902
short,2,-2,0.27368350555732024
