isLong,bias0,bias1,prob
long,5,-5,0.7204466395894431
short,5,-5,0.27955336041055734
