isLong,bias0,bias1,prob
long,5,-5,0.3843566789620745
short,5,-5,0.6156433210379254
