isLong,bias0,bias1,prob
long,10,-10,0.7558476503061101
short,10,-10,0.24415234969387153
