isLong,bias0,bias1,prob
long,2,-2,0.19110294942031597
short,2,-2,0.808897050579684
