isLong,bias0,bias1,prob
long,2,-2,0.04259419177293574
short,2,-2,0.9574058082270642
