isLong,bias0,bias1,prob
long,10,-10,0.024058054809516206
short,10,-10,0.9759419451904845
