isLong,bias0,bias1,prob
long,10,-10,0.4804130496996346
short,10,-10,0.5195869503003662
