isLong,bias0,bias1,prob
long,5,-5,0.39092259758512626
short,5,-5,0.6090774024148737
