isLong,bias0,bias1,prob
long,10,-10,0.9999999994661231
short,10,-10,5.338766176700531e-10
