isLong,bias0,bias1,prob
long,2,-2,0.07489618811333726
short,2,-2,0.9251038118866624
