isLong,bias0,bias1,prob
long,5,-5,0.2089304417622571
short,5,-5,0.7910695582377432
