isLong,bias0,bias1,prob
long,10,-10,0.42899235979594796
short,10,-10,0.5710076402040516
