isLong,bias0,bias1,prob
long,10,-10,0.6136853236521441
short,10,-10,0.38631467634785593
