isLong,bias0,bias1,prob
long,5,-5,0.3754203609318363
short,5,-5,0.6245796390681637
