isLong,bias0,bias1,prob
long,2,-2,0.4244611855582179
short,2,-2,0.5755388144417818
