isLong,bias0,bias1,prob
long,2,-2,0.4967439351121416
short,2,-2,0.5032560648878576
