isLong,bias0,bias1,prob
long,5,-5,0.13075110289506514
short,5,-5,0.8692488971049351
