isLong,bias0,bias1,prob
long,2,-2,0.2452812587570591
short,2,-2,0.7547187412429408
