isLong,bias0,bias1,prob
long,10,-10,0.986247535191155
short,10,-10,0.013752464808845306
