isLong,bias0,bias1,prob
long,10,-10,0.525707506973025
short,10,-10,0.4742924930269753
