isLong,bias0,bias1,prob
long,10,-10,0.0390876496697523
short,10,-10,0.9609123503302485
