isLong,bias0,bias1,prob
long,5,-5,0.5339719798196598
short,5,-5,0.466028020180341
