isLong,bias0,bias1,prob
long,10,-10,0.19926602012512382
short,10,-10,0.8007339798748768
