isLong,bias0,bias1,prob
long,2,-2,0.2755943985840335
short,2,-2,0.7244056014159661
