isLong,bias0,bias1,prob
long,5,-5,0.8907536694999272
short,5,-5,0.10924633050007218
