isLong,bias0,bias1,prob
long,5,-5,0.9998129412545326
short,5,-5,0.00018705874546760354
