isLong,bias0,bias1,prob
long,2,-2,0.6242331546354519
short,2,-2,0.37576684536454813
