isLong,bias0,bias1,prob
long,10,-10,0.7719540777838462
short,10,-10,0.22804592221615264
