isLong,bias0,bias1,prob
long,10,-10,0.17552899250745232
short,10,-10,0.8244710074925483
