isLong,bias0,bias1,prob
long,5,-5,0.8326461044882925
short,5,-5,0.16735389551170718
