isLong,bias0,bias1,prob
long,2,-2,0.9510285090222256
short,2,-2,0.0489714909777746
