isLong,bias0,bias1,prob
long,5,-5,0.8956044415616757
short,5,-5,0.10439555843832433
