isLong,bias0,bias1,prob
long,10,-10,0.6541060847030818
short,10,-10,0.34589391529691893
