isLong,bias0,bias1,prob
long,2,-2,0.9906704845481762
short,2,-2,0.009329515451822968
