isLong,bias0,bias1,prob
long,5,-5,0.838597478315942
short,5,-5,0.1614025216840574
