isLong,bias0,bias1,prob
long,2,-2,0.6124442563863414
short,2,-2,0.3875557436136589
