isLong,bias0,bias1,prob
long,5,-5,0.9674021963943789
short,5,-5,0.032597803605620805
