isLong,bias0,bias1,prob
long,5,-5,0.9990738804707825
short,5,-5,0.0009261195292177307
