isLong,bias0,bias1,prob
long,2,-2,0.6997767627216536
short,2,-2,0.3002232372783465
