isLong,bias0,bias1,prob
long,5,-5,0.5494690666839745
short,5,-5,0.450530933316026
