isLong,bias0,bias1,prob
long,5,-5,0.9117980157513268
short,5,-5,0.0882019842486737
