isLong,bias0,bias1,prob
long,10,-10,0.99950459296155
short,10,-10,0.0004954070384496791
