isLong,bias0,bias1,prob
long,5,-5,0.999992057901648
short,5,-5,0.000007942098352493292
