isLong,bias0,bias1,prob
long,5,-5,0.21427177859182875
short,5,-5,0.7857282214081713
