isLong,bias0,bias1,prob
long,5,-5,0.057392636266625864
short,5,-5,0.9426073637333743
