isLong,bias0,bias1,prob
long,5,-5,0.9248150392160186
short,5,-5,0.07518496078398126
