isLong,bias0,bias1,prob
long,10,-10,0.0013257086381662031
short,10,-10,0.9986742913618347
