isLong,bias0,bias1,prob
long,2,-2,0.6037516671087962
short,2,-2,0.39624833289120376
