isLong,bias0,bias1,prob
long,10,-10,0.9999999999996838
short,10,-10,3.172009089685805e-13
