isLong,bias0,bias1,prob
long,5,-5,0.1232865609842959
short,5,-5,0.8767134390157045
