isLong,bias0,bias1,prob
long,10,-10,0.9956926983661581
short,10,-10,0.004307301633841591
