isLong,bias0,bias1,prob
long,2,-2,0.3655769333540748
short,2,-2,0.6344230666459252
