isLong,bias0,bias1,prob
long,2,-2,0.9957395825855418
short,2,-2,0.004260417414457738
