isLong,bias0,bias1,prob
long,10,-10,0.7498959217297722
short,10,-10,0.250104078270228
