isLong,bias0,bias1,prob
long,2,-2,0.923104838684709
short,2,-2,0.07689516131529112
