isLong,bias0,bias1,prob
long,2,-2,0.982175191729182
short,2,-2,0.017824808270817186
