isLong,bias0,bias1,prob
long,5,-5,0.7224240218433831
short,5,-5,0.2775759781566171
