isLong,bias0,bias1,prob
long,2,-2,0.5093310166262892
short,2,-2,0.4906689833737112
