isLong,bias0,bias1,prob
long,2,-2,0.9772299663071352
short,2,-2,0.022770033692864337
