isLong,bias0,bias1,prob
long,2,-2,0.31433721087131006
short,2,-2,0.6856627891286897
