isLong,bias0,bias1,prob
long,2,-2,0.13271642858090058
short,2,-2,0.8672835714190997
