isLong,bias0,bias1,prob
long,2,-2,0.6629216758487739
short,2,-2,0.33707832415122607
