isLong,bias0,bias1,prob
long,5,-5,0.4208670143845576
short,5,-5,0.5791329856154426
