isLong,bias0,bias1,prob
long,10,-10,0.9999999897852057
short,10,-10,1.0214794399466195e-8
