isLong,bias0,bias1,prob
long,2,-2,0.22655824708626257
short,2,-2,0.7734417529137376
