isLong,bias0,bias1,prob
long,2,-2,0.794196116939275
short,2,-2,0.20580388306072478
