isLong,bias0,bias1,prob
long,2,-2,0.4329038159178713
short,2,-2,0.5670961840821285
