isLong,bias0,bias1,prob
long,2,-2,0.2932294698745834
short,2,-2,0.7067705301254166
