isLong,bias0,bias1,prob
long,10,-10,0.018942719990732194
short,10,-10,0.9810572800092675
