isLong,bias0,bias1,prob
long,2,-2,0.3847357885159729
short,2,-2,0.6152642114840275
