isLong,bias0,bias1,prob
long,5,-5,0.006602358292531734
short,5,-5,0.9933976417074678
