isLong,bias0,bias1,prob
long,5,-5,0.9997943569423141
short,5,-5,0.00020564305768553943
