isLong,bias0,bias1,prob
long,5,-5,0.486296963611234
short,5,-5,0.513703036388766
