isLong,bias0,bias1,prob
long,10,-10,0.6937864080769608
short,10,-10,0.30621359192303954
