isLong,bias0,bias1,prob
long,10,-10,0.9570739514506531
short,10,-10,0.04292604854934538
