isLong,bias0,bias1,prob
long,10,-10,0.9999999999923546
short,10,-10,7.64710567951719e-12
