isLong,bias0,bias1,prob
long,10,-10,0.8794232736563967
short,10,-10,0.1205767263436023
