isLong,bias0,bias1,prob
long,10,-10,0.9997967824953038
short,10,-10,0.00020321750469608964
