isLong,bias0,bias1,prob
long,5,-5,0.0989379829612312
short,5,-5,0.9010620170387684
