isLong,bias0,bias1,prob
long,5,-5,0.4184415918010295
short,5,-5,0.5815584081989702
