isLong,bias0,bias1,prob
long,5,-5,0.1171514197310821
short,5,-5,0.8828485802689181
