isLong,bias0,bias1,prob
long,5,-5,0.09534405740811447
short,5,-5,0.9046559425918854
