isLong,bias0,bias1,prob
long,5,-5,0.9605628978113976
short,5,-5,0.03943710218860226
