isLong,bias0,bias1,prob
long,2,-2,0.8948968216155213
short,2,-2,0.10510317838447825
