isLong,bias0,bias1,prob
long,10,-10,0.028276860649166437
short,10,-10,0.9717231393508686
