isLong,bias0,bias1,prob
long,2,-2,0.1644084284750781
short,2,-2,0.835591571524922
