isLong,bias0,bias1,prob
long,10,-10,0.15199467167566816
short,10,-10,0.8480053283243316
