isLong,bias0,bias1,prob
long,2,-2,0.971221125641912
short,2,-2,0.02877887435808862
