isLong,bias0,bias1,prob
long,2,-2,0.1947663159524246
short,2,-2,0.8052336840475752
