isLong,bias0,bias1,prob
long,10,-10,0.9883591895290285
short,10,-10,0.011640810470970053
