isLong,bias0,bias1,prob
long,5,-5,0.2841655651172092
short,5,-5,0.715834434882791
