isLong,bias0,bias1,prob
long,5,-5,0.7105345430544026
short,5,-5,0.28946545694559755
