isLong,bias0,bias1,prob
long,2,-2,0.9921226867720789
short,2,-2,0.007877313227920835
