isLong,bias0,bias1,prob
long,5,-5,0.6785877841382141
short,5,-5,0.32141221586178953
