isLong,bias0,bias1,prob
long,10,-10,0.9990197430737155
short,10,-10,0.0009802569262840238
