isLong,bias0,bias1,prob
long,5,-5,0.9992399114232344
short,5,-5,0.0007600885767653399
