isLong,bias0,bias1,prob
long,2,-2,0.6638724284568719
short,2,-2,0.3361275715431283
