isLong,bias0,bias1,prob
long,2,-2,0.5586785256897915
short,2,-2,0.44132147431020846
