isLong,bias0,bias1,prob
long,2,-2,0.7644693690833674
short,2,-2,0.23553063091663287
