isLong,bias0,bias1,prob
long,2,-2,0.8410117415709626
short,2,-2,0.15898825842903785
