isLong,bias0,bias1,prob
long,10,-10,0.07035636950431709
short,10,-10,0.9296436304956823
