isLong,bias0,bias1,prob
long,10,-10,0.9998780010029059
short,10,-10,0.00012199899709425661
