isLong,bias0,bias1,prob
long,10,-10,0.9797436662582563
short,10,-10,0.02025633374174391
