isLong,bias0,bias1,prob
long,2,-2,0.6835142743497119
short,2,-2,0.31648572565025546
