isLong,bias0,bias1,prob
long,2,-2,0.11645209663600897
short,2,-2,0.8835479033639908
