isLong,bias0,bias1,prob
long,2,-2,0.392453462202611
short,2,-2,0.607546537797389
