isLong,bias0,bias1,prob
long,5,-5,0.520236710663733
short,5,-5,0.47976328933626644
