isLong,bias0,bias1,prob
long,10,-10,0.044687466440375065
short,10,-10,0.9553125335596246
