isLong,bias0,bias1,prob
long,2,-2,0.6323410225912067
short,2,-2,0.3676589774087933
