isLong,bias0,bias1,prob
long,2,-2,0.5959958801029449
short,2,-2,0.40400411989705476
