isLong,bias0,bias1,prob
long,2,-2,0.23967852730111602
short,2,-2,0.760321472698884
