isLong,bias0,bias1,prob
long,2,-2,0.6254016619101799
short,2,-2,0.3745983380898199
