isLong,bias0,bias1,prob
long,10,-10,0.0003060243944788458
short,10,-10,0.9996939756055214
