isLong,bias0,bias1,prob
long,10,-10,0.9975512408312407
short,10,-10,0.0024487591687597393
