isLong,bias0,bias1,prob
long,10,-10,0.8427986517743765
short,10,-10,0.15720134822562343
