isLong,bias0,bias1,prob
long,2,-2,0.5177261887411552
short,2,-2,0.4822738112588445
