isLong,bias0,bias1,prob
long,2,-2,0.37187440343501194
short,2,-2,0.6281255965649882
