isLong,bias0,bias1,prob
long,2,-2,0.2272770898734719
short,2,-2,0.7727229101265283
