isLong,bias0,bias1,prob
long,10,-10,0.05161277705462762
short,10,-10,0.9483872229453721
