isLong,bias0,bias1,prob
long,5,-5,0.9595232376163169
short,5,-5,0.040476762383683584
