isLong,bias0,bias1,prob
long,10,-10,0.8348531791141939
short,10,-10,0.1651468208858059
