isLong,bias0,bias1,prob
long,2,-2,0.539645909829065
short,2,-2,0.4603540901709352
