isLong,bias0,bias1,prob
long,10,-10,0.9827461506448522
short,10,-10,0.01725384935514769
