isLong,bias0,bias1,prob
long,10,-10,0.9997821613346942
short,10,-10,0.00021783866530650063
