isLong,bias0,bias1,prob
long,2,-2,0.5682412019044267
short,2,-2,0.4317587980955736
