isLong,bias0,bias1,prob
long,5,-5,0.6286069999018755
short,5,-5,0.3713930000981245
