isLong,bias0,bias1,prob
long,2,-2,0.6988093649006187
short,2,-2,0.3011906350993815
