isLong,bias0,bias1,prob
long,10,-10,0.14325818710330232
short,10,-10,0.8567418128966973
