isLong,bias0,bias1,prob
long,10,-10,0.8750144384245501
short,10,-10,0.12498556157545061
