isLong,bias0,bias1,prob
long,5,-5,0.09995663857571113
short,5,-5,0.9000433614242892
