isLong,bias0,bias1,prob
long,10,-10,0.999999742195182
short,10,-10,2.5780481733673445e-7
