isLong,bias0,bias1,prob
long,5,-5,0.16599905276959548
short,5,-5,0.8340009472304047
