isLong,bias0,bias1,prob
long,5,-5,0.9875559797031226
short,5,-5,0.012444020296877183
