isLong,bias0,bias1,prob
long,2,-2,0.5771245359346895
short,2,-2,0.42287546406531124
