isLong,bias0,bias1,prob
long,2,-2,0.349080515104701
short,2,-2,0.650919484895299
