isLong,bias0,bias1,prob
long,5,-5,0.9992507070434427
short,5,-5,0.0007492929565571182
