isLong,bias0,bias1,prob
long,5,-5,0.6287466793705997
short,5,-5,0.37125332062940075
