isLong,bias0,bias1,prob
long,2,-2,0.3236061001776537
short,2,-2,0.6763938998223468
