isLong,bias0,bias1,prob
long,2,-2,0.962150661404854
short,2,-2,0.037849338595146616
