isLong,bias0,bias1,prob
long,2,-2,0.9668127326024397
short,2,-2,0.03318726739756029
