isLong,bias0,bias1,prob
long,10,-10,0.007361565372262595
short,10,-10,0.9926384346277382
