isLong,bias0,bias1,prob
long,2,-2,0.19911893288802046
short,2,-2,0.8008810671119795
