isLong,bias0,bias1,prob
long,2,-2,0.5961128824300304
short,2,-2,0.4038871175699695
