isLong,bias0,bias1,prob
long,10,-10,0.6421743075103756
short,10,-10,0.3578256924896247
