isLong,bias0,bias1,prob
long,10,-10,0.27628384628431896
short,10,-10,0.7237161537156807
