isLong,bias0,bias1,prob
long,2,-2,0.094567867756515
short,2,-2,0.9054321322434854
