isLong,bias0,bias1,prob
long,2,-2,0.6914247749439998
short,2,-2,0.30857522505600005
