isLong,bias0,bias1,prob
long,5,-5,0.5402112394762288
short,5,-5,0.45978876052377116
