isLong,bias0,bias1,prob
long,2,-2,0.9936344045515065
short,2,-2,0.006365595448493137
