isLong,bias0,bias1,prob
long,2,-2,0.4114822625945083
short,2,-2,0.5885177374054921
