isLong,bias0,bias1,prob
long,2,-2,0.43673065704524083
short,2,-2,0.5632693429547588
