isLong,bias0,bias1,prob
long,2,-2,0.14105710146477365
short,2,-2,0.8589428985352265
