isLong,bias0,bias1,prob
long,5,-5,0.09893798296131301
short,5,-5,0.901062017038726
