isLong,bias0,bias1,prob
long,10,-10,0.9264532719324109
short,10,-10,0.07354672806758963
