isLong,bias0,bias1,prob
long,10,-10,0.9063401081757376
short,10,-10,0.09365989182426365
