isLong,bias0,bias1,prob
long,5,-5,0.9723398381591993
short,5,-5,0.027660161840800498
