isLong,bias0,bias1,prob
long,10,-10,0.13700221505124258
short,10,-10,0.8629977849487579
