isLong,bias0,bias1,prob
long,5,-5,0.15117774648124754
short,5,-5,0.8488222535187524
