isLong,bias0,bias1,prob
long,5,-5,0.5847499959780795
short,5,-5,0.41525000402191997
