isLong,bias0,bias1,prob
long,5,-5,0.4367985106514639
short,5,-5,0.5632014893485355
