isLong,bias0,bias1,prob
long,10,-10,0.033073181974116336
short,10,-10,0.9669268180258838
