isLong,bias0,bias1,prob
long,2,-2,0.6229425811100997
short,2,-2,0.37705741888990035
