isLong,bias0,bias1,prob
long,10,-10,0.10564638084663633
short,10,-10,0.8943536191533639
