isLong,bias0,bias1,prob
long,2,-2,0.14429527760436373
short,2,-2,0.8557047223956207
