isLong,bias0,bias1,prob
long,10,-10,0.5955227005527544
short,10,-10,0.4044772994472464
