isLong,bias0,bias1,prob
long,10,-10,0.19341715156568506
short,10,-10,0.8065828484343153
