isLong,bias0,bias1,prob
long,2,-2,0.3453888175998692
short,2,-2,0.654611182400131
