isLong,bias0,bias1,prob
long,5,-5,0.5827498615962793
short,5,-5,0.41725013840372094
