isLong,bias0,bias1,prob
long,10,-10,0.4529079682528798
short,10,-10,0.5470920317471194
