isLong,bias0,bias1,prob
long,5,-5,0.7134738105752108
short,5,-5,0.2865261894247894
