isLong,bias0,bias1,prob
long,10,-10,0.17302461263915095
short,10,-10,0.826975387360849
