isLong,bias0,bias1,prob
long,5,-5,0.8296609855402635
short,5,-5,0.17033901445973676
