isLong,bias0,bias1,prob
long,10,-10,0.22682185097092175
short,10,-10,0.7731781490290778
