isLong,bias0,bias1,prob
long,10,-10,0.0939114233583599
short,10,-10,0.9060885766416404
