isLong,bias0,bias1,prob
long,5,-5,0.2438810695385156
short,5,-5,0.7561189304614835
