isLong,bias0,bias1,prob
long,5,-5,0.9992510922597516
short,5,-5,0.0007489077402481158
