isLong,bias0,bias1,prob
long,10,-10,0.005452664170644771
short,10,-10,0.9945473358293544
