isLong,bias0,bias1,prob
long,10,-10,0.999844400490071
short,10,-10,0.00015559950992839476
