isLong,bias0,bias1,prob
long,5,-5,0.20560693745036263
short,5,-5,0.7943930625496081
