isLong,bias0,bias1,prob
long,5,-5,0.33262768029675877
short,5,-5,0.6673723197032414
