isLong,bias0,bias1,prob
long,2,-2,0.4435094651420189
short,2,-2,0.5564905348579814
