isLong,bias0,bias1,prob
long,5,-5,0.7688279749334845
short,5,-5,0.23117202506651466
