isLong,bias0,bias1,prob
long,2,-2,0.9257355110492153
short,2,-2,0.07426448895078457
