isLong,bias0,bias1,prob
long,5,-5,0.04172348329982981
short,5,-5,0.9582765167001706
