isLong,bias0,bias1,prob
long,10,-10,0.013293538508364833
short,10,-10,0.9867064614916352
