isLong,bias0,bias1,prob
long,2,-2,0.5446628495655979
short,2,-2,0.45533715043440204
