isLong,bias0,bias1,prob
long,5,-5,0.3211255451164237
short,5,-5,0.6788744548835761
