isLong,bias0,bias1,prob
long,10,-10,0.5133341467268939
short,10,-10,0.48666585327310613
