isLong,bias0,bias1,prob
long,5,-5,0.987176704046257
short,5,-5,0.012823295953742764
