isLong,bias0,bias1,prob
long,5,-5,0.8499968040123044
short,5,-5,0.1500031959876957
