isLong,bias0,bias1,prob
long,10,-10,0.6641360822066977
short,10,-10,0.33586391779327346
