isLong,bias0,bias1,prob
long,5,-5,0.6755401475685633
short,5,-5,0.3244598524314367
