isLong,bias0,bias1,prob
long,2,-2,0.9586745284984669
short,2,-2,0.041325471501533366
