isLong,bias0,bias1,prob
long,2,-2,0.16483615538581692
short,2,-2,0.8351638446141834
