isLong,bias0,bias1,prob
long,5,-5,0.30123110708293
short,5,-5,0.6987688929170704
