isLong,bias0,bias1,prob
long,2,-2,0.16820434615049817
short,2,-2,0.8317956538495379
