isLong,bias0,bias1,prob
long,10,-10,0.9998818504099141
short,10,-10,0.00011814959008557785
