isLong,bias0,bias1,prob
long,2,-2,0.142932863431668
short,2,-2,0.857067136568332
