isLong,bias0,bias1,prob
long,5,-5,0.9445344183694305
short,5,-5,0.05546558163056915
