isLong,bias0,bias1,prob
long,10,-10,0.815561174937668
short,10,-10,0.18443882506233128
