isLong,bias0,bias1,prob
long,5,-5,0.6669916331675046
short,5,-5,0.3330083668324957
