isLong,bias0,bias1,prob
long,10,-10,0.9401637938357001
short,10,-10,0.059836206164301166
