isLong,bias0,bias1,prob
long,10,-10,0.8888757621485974
short,10,-10,0.11112423785140246
