isLong,bias0,bias1,prob
long,5,-5,0.5087880679317227
short,5,-5,0.49121193206827696
