isLong,bias0,bias1,prob
long,5,-5,0.37356777220852005
short,5,-5,0.6264322277914797
