isLong,bias0,bias1,prob
long,5,-5,0.9750938954459639
short,5,-5,0.02490610455403582
