isLong,bias0,bias1,prob
long,5,-5,0.06836998800544145
short,5,-5,0.931630011994559
