isLong,bias0,bias1,prob
long,5,-5,0.21323706376421697
short,5,-5,0.7867629362357834
