isLong,bias0,bias1,prob
long,2,-2,0.39397765302944016
short,2,-2,0.6060223469705602
