isLong,bias0,bias1,prob
long,2,-2,0.6808747996579694
short,2,-2,0.31912520034203057
