isLong,bias0,bias1,prob
long,2,-2,0.43122043989224434
short,2,-2,0.5687795601077554
