isLong,bias0,bias1,prob
long,10,-10,0.999831246426416
short,10,-10,0.00016875357358377136
