isLong,bias0,bias1,prob
long,2,-2,0.7798143933316577
short,2,-2,0.22018560666834147
