isLong,bias0,bias1,prob
long,5,-5,0.18368899573980804
short,5,-5,0.8163110042601922
