isLong,bias0,bias1,prob
long,2,-2,0.41683554024968666
short,2,-2,0.5831644597503126
