isLong,bias0,bias1,prob
long,5,-5,0.9999999823534652
short,5,-5,1.764653536990102e-8
