isLong,bias0,bias1,prob
long,2,-2,0.9046550458075542
short,2,-2,0.0953449541924454
