isLong,bias0,bias1,prob
long,10,-10,0.6764629399376373
short,10,-10,0.32353706006236305
