isLong,bias0,bias1,prob
long,2,-2,0.8273007120335371
short,2,-2,0.17269928796646322
