isLong,bias0,bias1,prob
long,5,-5,0.0909415025934398
short,5,-5,0.9090584974065604
