isLong,bias0,bias1,prob
long,10,-10,0.26889485035602073
short,10,-10,0.7311051496439798
