isLong,bias0,bias1,prob
long,10,-10,0.9992760430965398
short,10,-10,0.0007239569034601666
