isLong,bias0,bias1,prob
long,10,-10,0.7287359013808271
short,10,-10,0.2712640986191268
