isLong,bias0,bias1,prob
long,5,-5,0.9941531234745242
short,5,-5,0.005846876525475895
