isLong,bias0,bias1,prob
long,10,-10,0.08403006556198518
short,10,-10,0.915969934438015
