isLong,bias0,bias1,prob
long,5,-5,0.9977007453448533
short,5,-5,0.0022992546551464403
