isLong,bias0,bias1,prob
long,2,-2,0.39611787630824324
short,2,-2,0.6038821236917573
