isLong,bias0,bias1,prob
long,2,-2,0.27588952783381704
short,2,-2,0.7241104721661826
