isLong,bias0,bias1,prob
long,2,-2,0.28492068685687705
short,2,-2,0.7150793131431227
