isLong,bias0,bias1,prob
long,10,-10,0.0884371010515715
short,10,-10,0.911562898948429
