isLong,bias0,bias1,prob
long,10,-10,0.010864526915529884
short,10,-10,0.9891354730844701
