isLong,bias0,bias1,prob
long,10,-10,0.17650680275506087
short,10,-10,0.8234931972449389
