isLong,bias0,bias1,prob
long,5,-5,0.48083856041948436
short,5,-5,0.5191614395805659
