isLong,bias0,bias1,prob
long,10,-10,0.522861473990199
short,10,-10,0.4771385260098017
