isLong,bias0,bias1,prob
long,10,-10,0.981815540975497
short,10,-10,0.018184459024504714
