isLong,bias0,bias1,prob
long,2,-2,0.40362980209102706
short,2,-2,0.5963701979089727
