isLong,bias0,bias1,prob
long,5,-5,0.18345776568809158
short,5,-5,0.816542234311909
