isLong,bias0,bias1,prob
long,5,-5,0.7132082140851905
short,5,-5,0.28679178591481014
