isLong,bias0,bias1,prob
long,10,-10,0.9884906765279886
short,10,-10,0.011509323472011616
