isLong,bias0,bias1,prob
long,5,-5,0.25143860471462987
short,5,-5,0.7485613952853704
