isLong,bias0,bias1,prob
long,2,-2,0.3642146179558293
short,2,-2,0.6357853820441703
