isLong,bias0,bias1,prob
long,10,-10,0.5987572328400678
short,10,-10,0.401242767159932
