isLong,bias0,bias1,prob
long,5,-5,0.35282673321479535
short,5,-5,0.6471732667852048
