isLong,bias0,bias1,prob
long,5,-5,0.4686957286823786
short,5,-5,0.531304271317621
