isLong,bias0,bias1,prob
long,10,-10,0.9963357703244118
short,10,-10,0.003664229675587002
