isLong,bias0,bias1,prob
long,5,-5,0.07107499779435861
short,5,-5,0.9289250022056417
