isLong,bias0,bias1,prob
long,5,-5,0.2597355830202529
short,5,-5,0.740264416979747
