isLong,bias0,bias1,prob
long,10,-10,0.561916268287656
short,10,-10,0.43808373171232623
