isLong,bias0,bias1,prob
long,2,-2,0.34654996838138225
short,2,-2,0.6534500316186177
