isLong,bias0,bias1,prob
long,2,-2,0.43571725252757776
short,2,-2,0.564282747472422
