isLong,bias0,bias1,prob
long,5,-5,0.999997330086706
short,5,-5,0.0000026699132940801833
