isLong,bias0,bias1,prob
long,10,-10,0.9999999729506545
short,10,-10,2.7049344876631663e-8
