isLong,bias0,bias1,prob
long,10,-10,0.4689609378010308
short,10,-10,0.5310390621989683
