isLong,bias0,bias1,prob
long,2,-2,0.26379780574065953
short,2,-2,0.7362021942593366
