isLong,bias0,bias1,prob
long,10,-10,0.6030113463908418
short,10,-10,0.396988653609159
