isLong,bias0,bias1,prob
long,2,-2,0.3162810775616778
short,2,-2,0.6837189224383221
