isLong,bias0,bias1,prob
long,10,-10,0.11530708231837923
short,10,-10,0.8846929176816212
