isLong,bias0,bias1,prob
long,2,-2,0.8922587835812597
short,2,-2,0.10774121641874007
