isLong,bias0,bias1,prob
long,10,-10,0.43444880249232476
short,10,-10,0.5655511975076754
