isLong,bias0,bias1,prob
long,2,-2,0.8217478898396179
short,2,-2,0.17825211016038234
