isLong,bias0,bias1,prob
long,2,-2,0.9884505292038517
short,2,-2,0.011549470796148181
