isLong,bias0,bias1,prob
long,5,-5,0.01827310444724147
short,5,-5,0.981726895552758
