isLong,bias0,bias1,prob
long,10,-10,0.000020719372197673248
short,10,-10,0.9999792806278349
