isLong,bias0,bias1,prob
long,2,-2,0.21782201717132865
short,2,-2,0.782177982828671
