isLong,bias0,bias1,prob
long,2,-2,0.09046363104594224
short,2,-2,0.9095363689540575
