isLong,bias0,bias1,prob
long,5,-5,0.7103835625570873
short,5,-5,0.28961643744291277
