isLong,bias0,bias1,prob
long,2,-2,0.504540868784149
short,2,-2,0.49545913121585106
