isLong,bias0,bias1,prob
long,10,-10,0.23156637569718094
short,10,-10,0.7684336243028191
