isLong,bias0,bias1,prob
long,10,-10,0.0751430894503948
short,10,-10,0.9248569105496344
