isLong,bias0,bias1,prob
long,5,-5,0.17640189208199428
short,5,-5,0.8235981079180055
