isLong,bias0,bias1,prob
long,10,-10,0.012428026865040624
short,10,-10,0.9875719731349596
