isLong,bias0,bias1,prob
long,2,-2,0.1284787070971737
short,2,-2,0.8715212929028262
