isLong,bias0,bias1,prob
long,5,-5,0.021981894094204542
short,5,-5,0.978018105905795
