isLong,bias0,bias1,prob
long,2,-2,0.5867395080179775
short,2,-2,0.4132604919820223
