isLong,bias0,bias1,prob
long,10,-10,0.9359906750788316
short,10,-10,0.06400932492116705
