isLong,bias0,bias1,prob
long,2,-2,0.6621978377377513
short,2,-2,0.3378021622622484
