isLong,bias0,bias1,prob
long,2,-2,0.9789362338554063
short,2,-2,0.021063766144594043
