isLong,bias0,bias1,prob
long,2,-2,0.9987540897062952
short,2,-2,0.0012459102937053001
