isLong,bias0,bias1,prob
long,10,-10,0.6466692947064845
short,10,-10,0.35333070529351546
