isLong,bias0,bias1,prob
long,2,-2,0.2848501817239025
short,2,-2,0.7151498182760975
