isLong,bias0,bias1,prob
long,10,-10,0.0044562431215789495
short,10,-10,0.9955437568784203
