isLong,bias0,bias1,prob
long,5,-5,0.23830798703522796
short,5,-5,0.7616920129647716
