isLong,bias0,bias1,prob
long,2,-2,0.25475643455688934
short,2,-2,0.7452435654431102
