isLong,bias0,bias1,prob
long,2,-2,0.5259866215461595
short,2,-2,0.47401337845384084
