isLong,bias0,bias1,prob
long,10,-10,0.006566457088643175
short,10,-10,0.9934335429113561
