isLong,bias0,bias1,prob
long,10,-10,0.6854527529646925
short,10,-10,0.31454724703530723
