isLong,bias0,bias1,prob
long,10,-10,0.07514308945045234
short,10,-10,0.9248569105495473
