isLong,bias0,bias1,prob
long,10,-10,0.2623373946735464
short,10,-10,0.7376626053264534
