isLong,bias0,bias1,prob
long,10,-10,0.44718355923478925
short,10,-10,0.5528164407652107
