isLong,bias0,bias1,prob
long,5,-5,0.8949125006082383
short,5,-5,0.10508749939176154
