isLong,bias0,bias1,prob
long,5,-5,0.5821099473658319
short,5,-5,0.4178900526341681
