isLong,bias0,bias1,prob
long,10,-10,0.5472347222216399
short,10,-10,0.4527652777783604
