isLong,bias0,bias1,prob
long,10,-10,0.00017570433400060302
short,10,-10,0.9998242956659988
