isLong,bias0,bias1,prob
long,10,-10,0.4917608640037292
short,10,-10,0.5082391359962708
