isLong,bias0,bias1,prob
long,5,-5,0.7999964761648042
short,5,-5,0.20000352383519526
