isLong,bias0,bias1,prob
long,10,-10,0.06179864668131608
short,10,-10,0.9382013533186842
