isLong,bias0,bias1,prob
long,2,-2,0.9948359293828718
short,2,-2,0.005164070617128124
