isLong,bias0,bias1,prob
long,2,-2,0.34562806305420263
short,2,-2,0.654371936945797
