isLong,bias0,bias1,prob
long,10,-10,0.7052707255994088
short,10,-10,0.2947292744005894
