isLong,bias0,bias1,prob
long,10,-10,0.037890312143066415
short,10,-10,0.9621096878569343
