isLong,bias0,bias1,prob
long,10,-10,0.9999999999760618
short,10,-10,2.3937596804303144e-11
