isLong,bias0,bias1,prob
long,10,-10,0.9999999973109182
short,10,-10,2.6890817878900024e-9
