isLong,bias0,bias1,prob
long,5,-5,0.5239390898437221
short,5,-5,0.47606091015627755
