isLong,bias0,bias1,prob
long,2,-2,0.6248971225034451
short,2,-2,0.3751028774965548
