isLong,bias0,bias1,prob
long,10,-10,0.9999987605176556
short,10,-10,0.0000012394823444221558
