isLong,bias0,bias1,prob
long,2,-2,0.6619722241121825
short,2,-2,0.3380277758878174
