isLong,bias0,bias1,prob
long,2,-2,0.7767321209334695
short,2,-2,0.22326787906653067
