isLong,bias0,bias1,prob
long,10,-10,0.998455073526769
short,10,-10,0.001544926473230668
