isLong,bias0,bias1,prob
long,10,-10,0.014802612717578512
short,10,-10,0.985197387282421
