isLong,bias0,bias1,prob
long,10,-10,0.08046056980819774
short,10,-10,0.9195394301918014
