isLong,bias0,bias1,prob
long,2,-2,0.7947899828328193
short,2,-2,0.20521001716718043
