isLong,bias0,bias1,prob
long,10,-10,0.3498164558526916
short,10,-10,0.6501835441473081
