isLong,bias0,bias1,prob
long,5,-5,0.3939241072695604
short,5,-5,0.6060758927304396
