isLong,bias0,bias1,prob
long,10,-10,0.13674178252782856
short,10,-10,0.8632582174721709
