isLong,bias0,bias1,prob
long,10,-10,0.5720271644530445
short,10,-10,0.42797283554695575
