isLong,bias0,bias1,prob
long,10,-10,0.9171083882813202
short,10,-10,0.08289161171868023
