isLong,bias0,bias1,prob
long,10,-10,0.3601513730126388
short,10,-10,0.6398486269873618
