isLong,bias0,bias1,prob
long,2,-2,0.912350066485852
short,2,-2,0.08764993351414829
