isLong,bias0,bias1,prob
long,5,-5,0.9940955612915922
short,5,-5,0.005904438708408276
