isLong,bias0,bias1,prob
long,5,-5,0.25929494281905
short,5,-5,0.7407050571809496
