isLong,bias0,bias1,prob
long,10,-10,0.006088886457927241
short,10,-10,0.9939111135420727
