isLong,bias0,bias1,prob
long,10,-10,0.8079765052176562
short,10,-10,0.19202349478234423
