isLong,bias0,bias1,prob
long,10,-10,0.00008544888375363275
short,10,-10,0.9999145511162463
