isLong,bias0,bias1,prob
long,5,-5,0.681989884173035
short,5,-5,0.31801011582696537
