isLong,bias0,bias1,prob
long,10,-10,0.010248044680180077
short,10,-10,0.9897519553198204
