isLong,bias0,bias1,prob
long,5,-5,0.441200631436232
short,5,-5,0.5587993685637682
