isLong,bias0,bias1,prob
long,10,-10,0.7966338124137062
short,10,-10,0.20336618758629407
