isLong,bias0,bias1,prob
long,10,-10,0.8308359462870223
short,10,-10,0.16916405371297688
