isLong,bias0,bias1,prob
long,10,-10,0.0036132707035211806
short,10,-10,0.9963867292964794
