isLong,bias0,bias1,prob
long,10,-10,0.9999979823086099
short,10,-10,0.0000020176913903090244
