isLong,bias0,bias1,prob
long,10,-10,0.999074449203698
short,10,-10,0.0009255507963018123
