isLong,bias0,bias1,prob
long,5,-5,0.8035126393511173
short,5,-5,0.196487360648883
