isLong,bias0,bias1,prob
long,10,-10,0.3690167345177295
short,10,-10,0.6309832654822708
