isLong,bias0,bias1,prob
long,10,-10,0.017049785193980427
short,10,-10,0.9829502148060199
