isLong,bias0,bias1,prob
long,5,-5,0.43992687349410087
short,5,-5,0.5600731265058994
