isLong,bias0,bias1,prob
long,10,-10,0.8824568782284087
short,10,-10,0.11754312177159129
