isLong,bias0,bias1,prob
long,10,-10,0.251271772821776
short,10,-10,0.7487282271782235
