isLong,bias0,bias1,prob
long,2,-2,0.5639877977720446
short,2,-2,0.43601220222798603
