isLong,bias0,bias1,prob
long,10,-10,0.9785813000385004
short,10,-10,0.021418699961499157
