isLong,bias0,bias1,prob
long,5,-5,0.9987207120263477
short,5,-5,0.0012792879736521353
