isLong,bias0,bias1,prob
long,5,-5,0.9972894507839238
short,5,-5,0.0027105492160761258
