isLong,bias0,bias1,prob
long,10,-10,0.9559637119257078
short,10,-10,0.04403628807429258
