isLong,bias0,bias1,prob
long,10,-10,0.10565141377805673
short,10,-10,0.8943485862219439
