isLong,bias0,bias1,prob
long,10,-10,0.3008223302196155
short,10,-10,0.6991776697803835
