isLong,bias0,bias1,prob
long,5,-5,0.6215873522614028
short,5,-5,0.3784126477385975
