isLong,bias0,bias1,prob
long,10,-10,0.9999999495988335
short,10,-10,5.040116654226677e-8
