isLong,bias0,bias1,prob
long,10,-10,0.02548040349415928
short,10,-10,0.974519596505841
