isLong,bias0,bias1,prob
long,5,-5,0.4873843183458259
short,5,-5,0.5126156816541739
