isLong,bias0,bias1,prob
long,2,-2,0.9559493002115876
short,2,-2,0.04405069978841189
