isLong,bias0,bias1,prob
long,5,-5,0.9999990322739098
short,5,-5,9.677260901461255e-7
