isLong,bias0,bias1,prob
long,2,-2,0.2043595813383487
short,2,-2,0.7956404186616512
