isLong,bias0,bias1,prob
long,5,-5,0.23277004403604373
short,5,-5,0.7672299559639564
