isLong,bias0,bias1,prob
long,10,-10,0.35939400264379157
short,10,-10,0.6406059973562087
