isLong,bias0,bias1,prob
long,10,-10,0.9603296365509022
short,10,-10,0.03967036344909662
