isLong,bias0,bias1,prob
long,2,-2,0.304119609271859
short,2,-2,0.695880390728141
