isLong,bias0,bias1,prob
long,5,-5,0.11418246083389544
short,5,-5,0.8858175391661044
