isLong,bias0,bias1,prob
long,10,-10,0.3361542191896799
short,10,-10,0.6638457808103203
