isLong,bias0,bias1,prob
long,2,-2,0.9796175925006055
short,2,-2,0.02038240749939524
