isLong,bias0,bias1,prob
long,5,-5,0.7204254855983697
short,5,-5,0.2795745144016297
