isLong,bias0,bias1,prob
long,5,-5,0.881542937425447
short,5,-5,0.11845706257455313
