isLong,bias0,bias1,prob
long,10,-10,0.9999965822107075
short,10,-10,0.0000034177892919094562
