isLong,bias0,bias1,prob
long,2,-2,0.14115969520653784
short,2,-2,0.8588403047934622
