isLong,bias0,bias1,prob
long,2,-2,0.9971620292034078
short,2,-2,0.0028379707965926274
