isLong,bias0,bias1,prob
long,5,-5,0.4799566978362084
short,5,-5,0.5200433021637919
