isLong,bias0,bias1,prob
long,10,-10,0.4044869365537176
short,10,-10,0.595513063446274
