isLong,bias0,bias1,prob
long,10,-10,0.11530708231827765
short,10,-10,0.8846929176817531
