isLong,bias0,bias1,prob
long,10,-10,0.01608631310204817
short,10,-10,0.9839136868979528
