isLong,bias0,bias1,prob
long,2,-2,0.37838215580012086
short,2,-2,0.6216178441998788
