isLong,bias0,bias1,prob
long,10,-10,0.7287359013807331
short,10,-10,0.27126409861926687
