isLong,bias0,bias1,prob
long,5,-5,0.12119601010184723
short,5,-5,0.8788039898981536
