isLong,bias0,bias1,prob
long,10,-10,0.9036257346574086
short,10,-10,0.09637426534259128
