isLong,bias0,bias1,prob
long,2,-2,0.4561480674072419
short,2,-2,0.5438519325927578
