isLong,bias0,bias1,prob
long,10,-10,0.01985817775628616
short,10,-10,0.9801418222437132
