isLong,bias0,bias1,prob
long,2,-2,0.7627562895130127
short,2,-2,0.23724371048698734
