isLong,bias0,bias1,prob
long,2,-2,0.2746482577525178
short,2,-2,0.725351742247482
