isLong,bias0,bias1,prob
long,2,-2,0.8216274700657494
short,2,-2,0.17837252993425068
