isLong,bias0,bias1,prob
long,2,-2,0.38909447095482225
short,2,-2,0.6109055290451781
