isLong,bias0,bias1,prob
long,5,-5,0.9999158552868265
short,5,-5,0.00008414471317340766
