isLong,bias0,bias1,prob
long,2,-2,0.9847025791542284
short,2,-2,0.015297420845771426
