isLong,bias0,bias1,prob
long,10,-10,0.9128717497852419
short,10,-10,0.08712825021475905
