isLong,bias0,bias1,prob
long,2,-2,0.9899403169134403
short,2,-2,0.01005968308655985
