isLong,bias0,bias1,prob
long,5,-5,0.5347520021325995
short,5,-5,0.4652479978674003
