isLong,bias0,bias1,prob
long,10,-10,0.22116424292966308
short,10,-10,0.7788357570703373
