isLong,bias0,bias1,prob
long,10,-10,0.059366043746756726
short,10,-10,0.940633956253244
