isLong,bias0,bias1,prob
long,10,-10,0.00334108492364648
short,10,-10,0.9966589150763542
