isLong,bias0,bias1,prob
long,5,-5,0.023076857193567793
short,5,-5,0.9769231428064794
