isLong,bias0,bias1,prob
long,5,-5,0.34250615875165735
short,5,-5,0.6574938412483429
