isLong,bias0,bias1,prob
long,5,-5,0.4154935620411004
short,5,-5,0.5845064379589
