isLong,bias0,bias1,prob
long,10,-10,0.7715284530685136
short,10,-10,0.2284715469314873
