isLong,bias0,bias1,prob
long,10,-10,0.009708097509157982
short,10,-10,0.9902919024908418
