isLong,bias0,bias1,prob
long,5,-5,0.03325413475704291
short,5,-5,0.966745865242957
