isLong,bias0,bias1,prob
long,5,-5,0.5772598622433056
short,5,-5,0.422740137756694
