isLong,bias0,bias1,prob
long,10,-10,0.0516127770546036
short,10,-10,0.9483872229454513
