isLong,bias0,bias1,prob
long,2,-2,0.7326885274287966
short,2,-2,0.26731147257120297
