isLong,bias0,bias1,prob
long,2,-2,0.9296416963186738
short,2,-2,0.07035830368132592
