isLong,bias0,bias1,prob
long,10,-10,0.8811791340040335
short,10,-10,0.11882086599596643
