isLong,bias0,bias1,prob
long,10,-10,0.9899180634078221
short,10,-10,0.010081936592178244
