isLong,bias0,bias1,prob
long,2,-2,0.8240164929546254
short,2,-2,0.17598350704537485
