isLong,bias0,bias1,prob
long,2,-2,0.04035487606800779
short,2,-2,0.9596451239319921
