isLong,bias0,bias1,prob
long,2,-2,0.594554369131475
short,2,-2,0.4054456308685252
