isLong,bias0,bias1,prob
long,10,-10,0.7015936074836902
short,10,-10,0.298406392516309
