isLong,bias0,bias1,prob
long,10,-10,0.7790668618081853
short,10,-10,0.22093313819181393
