isLong,bias0,bias1,prob
long,5,-5,0.75900406932657
short,5,-5,0.24099593067346062
