isLong,bias0,bias1,prob
long,10,-10,0.9990788051748236
short,10,-10,0.0009211948251751216
