isLong,bias0,bias1,prob
long,10,-10,0.31145360739251543
short,10,-10,0.6885463926074846
