isLong,bias0,bias1,prob
long,10,-10,0.47326603296797737
short,10,-10,0.5267339670320209
