isLong,bias0,bias1,prob
long,10,-10,0.07095970697256923
short,10,-10,0.9290402930274305
