isLong,bias0,bias1,prob
long,5,-5,0.15292444953302559
short,5,-5,0.8470755504669741
