isLong,bias0,bias1,prob
long,10,-10,0.10477518806176114
short,10,-10,0.8952248119382391
