isLong,bias0,bias1,prob
long,5,-5,0.806971081950912
short,5,-5,0.19302891804908826
