isLong,bias0,bias1,prob
long,2,-2,0.5171608072997329
short,2,-2,0.48283919270026715
