isLong,bias0,bias1,prob
long,2,-2,0.16123022696500403
short,2,-2,0.8387697730349957
