isLong,bias0,bias1,prob
long,2,-2,0.7379972302154074
short,2,-2,0.2620027697845925
