isLong,bias0,bias1,prob
long,10,-10,0.24542955574406305
short,10,-10,0.7545704442559368
