isLong,bias0,bias1,prob
long,10,-10,0.9859049538689778
short,10,-10,0.014095046131021598
