isLong,bias0,bias1,prob
long,2,-2,0.730214899005502
short,2,-2,0.2697851009944982
