isLong,bias0,bias1,prob
long,5,-5,0.15273616498824436
short,5,-5,0.8472638350117563
