isLong,bias0,bias1,prob
long,2,-2,0.5051072037686344
short,2,-2,0.49489279623136534
