isLong,bias0,bias1,prob
long,10,-10,0.9967730119899845
short,10,-10,0.003226988010015539
