isLong,bias0,bias1,prob
long,10,-10,0.999924971227757
short,10,-10,0.00007502877224315595
