isLong,bias0,bias1,prob
long,10,-10,0.029178037874138762
short,10,-10,0.9708219621258615
