isLong,bias0,bias1,prob
long,2,-2,0.6918503881884235
short,2,-2,0.3081496118115761
