isLong,bias0,bias1,prob
long,5,-5,0.7294788911399193
short,5,-5,0.2705211088600809
