isLong,bias0,bias1,prob
long,10,-10,0.09125421051922676
short,10,-10,0.9087457894807738
