isLong,bias0,bias1,prob
long,10,-10,0.03651249157343407
short,10,-10,0.9634875084265663
