isLong,bias0,bias1,prob
long,2,-2,0.669910607708731
short,2,-2,0.330089392291269
