isLong,bias0,bias1,prob
long,2,-2,0.28969224400828997
short,2,-2,0.7103077559917099
