isLong,bias0,bias1,prob
long,5,-5,0.7105345430544341
short,5,-5,0.2894654569455613
