isLong,bias0,bias1,prob
long,10,-10,0.5118638588749347
short,10,-10,0.48813614112506515
