isLong,bias0,bias1,prob
long,2,-2,0.952142082707319
short,2,-2,0.04785791729268061
