isLong,bias0,bias1,prob
long,5,-5,0.8337416886639131
short,5,-5,0.16625831133608704
