isLong,bias0,bias1,prob
long,5,-5,0.9125194319187424
short,5,-5,0.08748056808125808
