isLong,bias0,bias1,prob
long,2,-2,0.07110110239086878
short,2,-2,0.9288988976091309
