isLong,bias0,bias1,prob
long,5,-5,0.43244365641259164
short,5,-5,0.5675563435874087
