isLong,bias0,bias1,prob
long,10,-10,0.9957220311814656
short,10,-10,0.004277968818534873
