isLong,bias0,bias1,prob
long,2,-2,0.8186749304979442
short,2,-2,0.18132506950205557
