isLong,bias0,bias1,prob
long,2,-2,0.32286984151395404
short,2,-2,0.677130158486046
