isLong,bias0,bias1,prob
long,2,-2,0.039984448211778295
short,2,-2,0.9600155517882214
