isLong,bias0,bias1,prob
long,2,-2,0.7324063502519869
short,2,-2,0.2675936497480129
