isLong,bias0,bias1,prob
long,2,-2,0.46698393302129376
short,2,-2,0.5330160669787064
