isLong,bias0,bias1,prob
long,5,-5,0.18485627598588372
short,5,-5,0.8151437240141169
