isLong,bias0,bias1,prob
long,10,-10,0.9999958660162924
short,10,-10,0.000004133983708068153
