isLong,bias0,bias1,prob
long,5,-5,0.2936626968247193
short,5,-5,0.7063373031752809
