isLong,bias0,bias1,prob
long,10,-10,0.9999515423588583
short,10,-10,0.000048457641141438104
