isLong,bias0,bias1,prob
long,10,-10,0.9999999999892459
short,10,-10,1.075402610918529e-11
