isLong,bias0,bias1,prob
long,2,-2,0.19419997376449194
short,2,-2,0.8058000262355084
