isLong,bias0,bias1,prob
long,2,-2,0.3488035478735243
short,2,-2,0.6511964521264759
