isLong,bias0,bias1,prob
long,2,-2,0.8596152341352515
short,2,-2,0.1403847658647485
