isLong,bias0,bias1,prob
long,10,-10,0.3480718946887129
short,10,-10,0.6519281053112862
