isLong,bias0,bias1,prob
long,5,-5,0.3360185826899132
short,5,-5,0.6639814173100862
