isLong,bias0,bias1,prob
long,5,-5,0.98785663136238
short,5,-5,0.012143368637620108
