isLong,bias0,bias1,prob
long,10,-10,0.8993255334565852
short,10,-10,0.10067446654341485
