isLong,bias0,bias1,prob
long,10,-10,0.1781023574873544
short,10,-10,0.821897642512645
