isLong,bias0,bias1,prob
long,2,-2,0.5137863307051982
short,2,-2,0.48621366929480203
