isLong,bias0,bias1,prob
long,2,-2,0.6308988530692854
short,2,-2,0.36910114693071483
