isLong,bias0,bias1,prob
long,5,-5,0.5116298536951414
short,5,-5,0.48837014630485853
