isLong,bias0,bias1,prob
long,5,-5,0.5854659560067623
short,5,-5,0.4145340439932384
