isLong,bias0,bias1,prob
long,5,-5,0.06099683988851702
short,5,-5,0.9390031601114838
