isLong,bias0,bias1,prob
long,10,-10,0.9989119086784014
short,10,-10,0.0010880913215980247
