isLong,bias0,bias1,prob
long,2,-2,0.8876910949127621
short,2,-2,0.11230890508723766
