isLong,bias0,bias1,prob
long,5,-5,0.7561584013322248
short,5,-5,0.24384159866777566
