isLong,bias0,bias1,prob
long,5,-5,0.6756671521868487
short,5,-5,0.32433284781315097
