isLong,bias0,bias1,prob
long,5,-5,0.7690811222337839
short,5,-5,0.23091887776621617
