isLong,bias0,bias1,prob
long,10,-10,0.07533044692504078
short,10,-10,0.9246695530749587
