isLong,bias0,bias1,prob
long,5,-5,0.04629480220353273
short,5,-5,0.9537051977964667
