isLong,bias0,bias1,prob
long,2,-2,0.35247927177917054
short,2,-2,0.6475207282208295
