isLong,bias0,bias1,prob
long,2,-2,0.7614636691003817
short,2,-2,0.23853633089964937
