isLong,bias0,bias1,prob
long,5,-5,0.2560591764109045
short,5,-5,0.7439408235890959
