isLong,bias0,bias1,prob
long,5,-5,0.22763793424524792
short,5,-5,0.7723620657547521
