isLong,bias0,bias1,prob
long,2,-2,0.5639877977718732
short,2,-2,0.4360122022281268
