isLong,bias0,bias1,prob
long,2,-2,0.36038134288726076
short,2,-2,0.6396186571127394
