isLong,bias0,bias1,prob
long,2,-2,0.804341945674218
short,2,-2,0.19565805432578176
