isLong,bias0,bias1,prob
long,5,-5,0.3465677968826555
short,5,-5,0.6534322031173442
