isLong,bias0,bias1,prob
long,5,-5,0.9932921958440094
short,5,-5,0.006707804155990378
