isLong,bias0,bias1,prob
long,5,-5,0.7278281245701925
short,5,-5,0.27217187542980836
