isLong,bias0,bias1,prob
long,5,-5,0.2526051603255959
short,5,-5,0.7473948396744041
