isLong,bias0,bias1,prob
long,5,-5,0.8553932792429132
short,5,-5,0.14460672075708647
