isLong,bias0,bias1,prob
long,2,-2,0.9982385063277496
short,2,-2,0.0017614936722505719
