isLong,bias0,bias1,prob
long,2,-2,0.7315146562837478
short,2,-2,0.268485343716252
