isLong,bias0,bias1,prob
long,5,-5,0.045593380042059053
short,5,-5,0.9544066199579405
