isLong,bias0,bias1,prob
long,10,-10,0.5347623874449684
short,10,-10,0.46523761255503165
