isLong,bias0,bias1,prob
long,5,-5,0.582255974570385
short,5,-5,0.4177440254296154
