isLong,bias0,bias1,prob
long,10,-10,0.9927931296148136
short,10,-10,0.007206870385185084
