isLong,bias0,bias1,prob
long,2,-2,0.5219247990580128
short,2,-2,0.478075200941987
