isLong,bias0,bias1,prob
long,10,-10,0.44621506880350137
short,10,-10,0.5537849311964985
