isLong,bias0,bias1,prob
long,2,-2,0.2712919981229772
short,2,-2,0.7287080018770227
