isLong,bias0,bias1,prob
long,5,-5,0.42760949201483256
short,5,-5,0.5723905079851683
