isLong,bias0,bias1,prob
long,5,-5,0.7253700964383865
short,5,-5,0.27462990356161315
