isLong,bias0,bias1,prob
long,5,-5,0.8003342843947194
short,5,-5,0.19966571560528096
