isLong,bias0,bias1,prob
long,2,-2,0.16767230619535245
short,2,-2,0.8323276938046473
