isLong,bias0,bias1,prob
long,10,-10,0.4115107517968843
short,10,-10,0.5884892482031157
