isLong,bias0,bias1,prob
long,10,-10,0.41302902542884384
short,10,-10,0.5869709745711562
