isLong,bias0,bias1,prob
long,5,-5,0.8058289613628082
short,5,-5,0.19417103863719193
