isLong,bias0,bias1,prob
long,10,-10,0.9093507001914786
short,10,-10,0.090649299808522
