isLong,bias0,bias1,prob
long,5,-5,0.7841956530029204
short,5,-5,0.2158043469970795
