isLong,bias0,bias1,prob
long,10,-10,0.033073181974074564
short,10,-10,0.96692681802598
