isLong,bias0,bias1,prob
long,2,-2,0.191330449802287
short,2,-2,0.8086695501977126
