isLong,bias0,bias1,prob
long,2,-2,0.5886838813597284
short,2,-2,0.41131611864027173
