isLong,bias0,bias1,prob
long,5,-5,0.9999379673457771
short,5,-5,0.00006203265422305937
