isLong,bias0,bias1,prob
long,10,-10,0.9421106644533973
short,10,-10,0.0578893355466034
