isLong,bias0,bias1,prob
long,5,-5,0.09784353146393272
short,5,-5,0.9021564685360671
