isLong,bias0,bias1,prob
long,2,-2,0.3552580997849646
short,2,-2,0.6447419002150354
