isLong,bias0,bias1,prob
long,5,-5,0.9991081378818589
short,5,-5,0.0008918621181411368
