isLong,bias0,bias1,prob
long,2,-2,0.19110294942017342
short,2,-2,0.8088970505798405
