isLong,bias0,bias1,prob
long,2,-2,0.13683833037029908
short,2,-2,0.8631616696297012
