isLong,bias0,bias1,prob
long,2,-2,0.28859336510830297
short,2,-2,0.7114066348916972
