isLong,bias0,bias1,prob
long,2,-2,0.7187656706847865
short,2,-2,0.28123432931521375
