isLong,bias0,bias1,prob
long,5,-5,0.4658159397378652
short,5,-5,0.5341840602621345
