isLong,bias0,bias1,prob
long,10,-10,0.00677681233618639
short,10,-10,0.9932231876638145
