isLong,bias0,bias1,prob
long,10,-10,0.9999999986247161
short,10,-10,1.3752838519721758e-9
