isLong,bias0,bias1,prob
long,5,-5,0.6317680717037822
short,5,-5,0.36823192829621704
