isLong,bias0,bias1,prob
long,2,-2,0.7045563442223862
short,2,-2,0.2954436557776143
