isLong,bias0,bias1,prob
long,2,-2,0.6775064750498335
short,2,-2,0.3224935249501665
