isLong,bias0,bias1,prob
long,10,-10,0.15672362033441817
short,10,-10,0.8432763796655813
