isLong,bias0,bias1,prob
long,10,-10,0.7364312179041782
short,10,-10,0.26356878209582146
