isLong,bias0,bias1,prob
long,2,-2,0.7565802264963927
short,2,-2,0.24341977350360805
