isLong,bias0,bias1,prob
long,5,-5,0.7286332590586728
short,5,-5,0.27136674094129976
