isLong,bias0,bias1,prob
long,2,-2,0.4837848053678188
short,2,-2,0.5162151946321814
