isLong,bias0,bias1,prob
long,2,-2,0.47253558084942665
short,2,-2,0.5274644191505734
