isLong,bias0,bias1,prob
long,2,-2,0.14429527760439553
short,2,-2,0.8557047223956047
