isLong,bias0,bias1,prob
long,10,-10,0.9999999997645403
short,10,-10,2.3546049098572176e-10
