isLong,bias0,bias1,prob
long,5,-5,0.8498017070829228
short,5,-5,0.1501982929170773
