isLong,bias0,bias1,prob
long,5,-5,0.8616920683966707
short,5,-5,0.13830793160332902
