isLong,bias0,bias1,prob
long,10,-10,0.9999999833970464
short,10,-10,1.6602953900820255e-8
