isLong,bias0,bias1,prob
long,5,-5,0.18499047776577254
short,5,-5,0.8150095222342179
