isLong,bias0,bias1,prob
long,2,-2,0.8748100464801976
short,2,-2,0.12518995351980278
