isLong,bias0,bias1,prob
long,5,-5,0.4889005946516314
short,5,-5,0.5110994053483687
