isLong,bias0,bias1,prob
long,10,-10,0.024553021550413993
short,10,-10,0.9754469784495863
