isLong,bias0,bias1,prob
long,5,-5,0.9999935722382443
short,5,-5,0.000006427761756009171
