isLong,bias0,bias1,prob
long,10,-10,0.9999999999973035
short,10,-10,2.695975291834902e-12
