isLong,bias0,bias1,prob
long,2,-2,0.21737767754449516
short,2,-2,0.782622322455505
