isLong,bias0,bias1,prob
long,10,-10,0.9999995346834377
short,10,-10,4.65316562080125e-7
