isLong,bias0,bias1,prob
long,5,-5,0.9877653849254889
short,5,-5,0.012234615074511348
