isLong,bias0,bias1,prob
long,2,-2,0.2885764630384571
short,2,-2,0.7114235369615427
