isLong,bias0,bias1,prob
long,2,-2,0.9909512569519672
short,2,-2,0.009048743048032628
