isLong,bias0,bias1,prob
long,10,-10,0.9999999999627551
short,10,-10,3.7244918406162703e-11
