isLong,bias0,bias1,prob
long,2,-2,0.19605339918802756
short,2,-2,0.8039466008119727
