isLong,bias0,bias1,prob
long,2,-2,0.7297768358536849
short,2,-2,0.27022316414631475
