isLong,bias0,bias1,prob
long,2,-2,0.3873596642023914
short,2,-2,0.6126403357976089
