isLong,bias0,bias1,prob
long,10,-10,0.9999999980727665
short,10,-10,1.9272337302297317e-9
