isLong,bias0,bias1,prob
long,10,-10,0.29175600467792623
short,10,-10,0.7082439953220743
