isLong,bias0,bias1,prob
long,2,-2,0.8676552047054162
short,2,-2,0.13234479529458376
