isLong,bias0,bias1,prob
long,10,-10,0.05218210723992007
short,10,-10,0.9478178927600799
