isLong,bias0,bias1,prob
long,5,-5,0.9977743876447681
short,5,-5,0.0022256123552316367
