isLong,bias0,bias1,prob
long,10,-10,0.1612348516983372
short,10,-10,0.8387651483016625
