isLong,bias0,bias1,prob
long,5,-5,0.27283580398492485
short,5,-5,0.7271641960150754
