isLong,bias0,bias1,prob
long,5,-5,0.21903044701662217
short,5,-5,0.780969552983378
