isLong,bias0,bias1,prob
long,2,-2,0.7815570403266835
short,2,-2,0.21844295967331673
