isLong,bias0,bias1,prob
long,2,-2,0.7787688680538232
short,2,-2,0.22123113194617725
