isLong,bias0,bias1,prob
long,10,-10,0.7952983743714462
short,10,-10,0.20470162562855498
