isLong,bias0,bias1,prob
long,10,-10,0.002945344139985652
short,10,-10,0.9970546558600145
