isLong,bias0,bias1,prob
long,2,-2,0.6973277114366043
short,2,-2,0.3026722885633957
