isLong,bias0,bias1,prob
long,2,-2,0.31402293353191935
short,2,-2,0.6859770664680268
