isLong,bias0,bias1,prob
long,5,-5,0.6824412002614435
short,5,-5,0.3175587997385571
