isLong,bias0,bias1,prob
long,2,-2,0.23400094756912898
short,2,-2,0.7659990524308707
