isLong,bias0,bias1,prob
long,10,-10,0.9991567180361944
short,10,-10,0.0008432819638052746
