isLong,bias0,bias1,prob
long,5,-5,0.7666493733231751
short,5,-5,0.23335062667682568
