isLong,bias0,bias1,prob
long,2,-2,0.974476792098034
short,2,-2,0.025523207901966733
