isLong,bias0,bias1,prob
long,2,-2,0.2885933651082918
short,2,-2,0.711406634891663
