isLong,bias0,bias1,prob
long,2,-2,0.9979138265671263
short,2,-2,0.002086173432873495
