isLong,bias0,bias1,prob
long,2,-2,0.08787783785828664
short,2,-2,0.9121221621417133
