isLong,bias0,bias1,prob
long,10,-10,0.0524058510501317
short,10,-10,0.947594148949869
