isLong,bias0,bias1,prob
long,10,-10,0.7745097115663432
short,10,-10,0.22549028843365646
