isLong,bias0,bias1,prob
long,5,-5,0.22584882204753737
short,5,-5,0.7741511779524627
