isLong,bias0,bias1,prob
long,10,-10,0.9815280952870159
short,10,-10,0.01847190471298387
