isLong,bias0,bias1,prob
long,5,-5,0.0253536560353441
short,5,-5,0.9746463439646558
