isLong,bias0,bias1,prob
long,2,-2,0.11655357567402307
short,2,-2,0.8834464243259764
