isLong,bias0,bias1,prob
long,10,-10,0.6123632411647417
short,10,-10,0.38763675883525733
