isLong,bias0,bias1,prob
long,5,-5,0.38680401760364846
short,5,-5,0.6131959823963512
