isLong,bias0,bias1,prob
long,2,-2,0.09279960915488353
short,2,-2,0.9072003908451169
