isLong,bias0,bias1,prob
long,10,-10,0.6166070230871193
short,10,-10,0.3833929769128802
