isLong,bias0,bias1,prob
long,5,-5,0.016780417398208677
short,5,-5,0.9832195826017914
