isLong,bias0,bias1,prob
long,10,-10,0.12011864884288524
short,10,-10,0.8798813511571145
