isLong,bias0,bias1,prob
long,5,-5,0.0987113049611061
short,5,-5,0.9012886950388932
