isLong,bias0,bias1,prob
long,2,-2,0.2529059152184776
short,2,-2,0.7470940847815224
