isLong,bias0,bias1,prob
long,2,-2,0.4302362979215806
short,2,-2,0.5697637020784194
