isLong,bias0,bias1,prob
long,5,-5,0.9504700823741351
short,5,-5,0.049529917625864395
