isLong,bias0,bias1,prob
long,5,-5,0.8894181359180257
short,5,-5,0.11058186408197482
