isLong,bias0,bias1,prob
long,10,-10,0.9974570619235563
short,10,-10,0.0025429380764438615
