isLong,bias0,bias1,prob
long,10,-10,0.9737910228012926
short,10,-10,0.02620897719870575
