isLong,bias0,bias1,prob
long,5,-5,0.6322812275963586
short,5,-5,0.3677187724036406
