isLong,bias0,bias1,prob
long,10,-10,0.9999999739058975
short,10,-10,2.609410214028711e-8
