isLong,bias0,bias1,prob
long,2,-2,0.5463542852983664
short,2,-2,0.45364571470163395
