isLong,bias0,bias1,prob
long,5,-5,0.582614327349145
short,5,-5,0.41738567265085497
