isLong,bias0,bias1,prob
long,10,-10,0.8980343847134824
short,10,-10,0.10196561528651794
