isLong,bias0,bias1,prob
long,10,-10,0.8640243408546722
short,10,-10,0.1359756591453277
