isLong,bias0,bias1,prob
long,10,-10,0.45908086812277143
short,10,-10,0.5409191318772285
