isLong,bias0,bias1,prob
long,5,-5,0.054164664834435876
short,5,-5,0.9458353351655643
