isLong,bias0,bias1,prob
long,5,-5,0.9999864691755477
short,5,-5,0.000013530824451953189
