isLong,bias0,bias1,prob
long,5,-5,0.0788929683161663
short,5,-5,0.9211070316838333
