isLong,bias0,bias1,prob
long,10,-10,0.9771126985996779
short,10,-10,0.022887301400322198
