isLong,bias0,bias1,prob
long,5,-5,0.6680016888366855
short,5,-5,0.3319983111633142
