isLong,bias0,bias1,prob
long,10,-10,0.4034004386364331
short,10,-10,0.5965995613635663
