isLong,bias0,bias1,prob
long,10,-10,0.9999999981505052
short,10,-10,1.84949449358444e-9
