isLong,bias0,bias1,prob
long,5,-5,0.28806734794128214
short,5,-5,0.711932652058718
