isLong,bias0,bias1,prob
long,2,-2,0.9341964472530431
short,2,-2,0.0658035527469566
