isLong,bias0,bias1,prob
long,10,-10,0.7047519501606823
short,10,-10,0.2952480498393655
