isLong,bias0,bias1,prob
long,5,-5,0.5370122709661302
short,5,-5,0.46298772903387053
