isLong,bias0,bias1,prob
long,10,-10,0.20175599032392047
short,10,-10,0.7982440096760791
