isLong,bias0,bias1,prob
long,2,-2,0.6898268494346308
short,2,-2,0.3101731505653692
