isLong,bias0,bias1,prob
long,2,-2,0.6976220335762441
short,2,-2,0.3023779664237555
