isLong,bias0,bias1,prob
long,2,-2,0.532922065513591
short,2,-2,0.46707793448640905
