isLong,bias0,bias1,prob
long,5,-5,0.9999875600692454
short,5,-5,0.000012439930755461472
