isLong,bias0,bias1,prob
long,5,-5,0.1758804682900808
short,5,-5,0.8241195317099197
