isLong,bias0,bias1,prob
long,5,-5,0.04217472980781939
short,5,-5,0.9578252701921804
