isLong,bias0,bias1,prob
long,10,-10,0.6484004937720522
short,10,-10,0.35159950622794756
