isLong,bias0,bias1,prob
long,5,-5,0.5281051897878504
short,5,-5,0.4718948102121491
