isLong,bias0,bias1,prob
long,5,-5,0.9158825614731898
short,5,-5,0.08411743852681025
