isLong,bias0,bias1,prob
long,10,-10,0.511222915898399
short,10,-10,0.4887770841016016
