isLong,bias0,bias1,prob
long,2,-2,0.5259589263881695
short,2,-2,0.4740410736118161
