isLong,bias0,bias1,prob
long,2,-2,0.627310191252648
short,2,-2,0.37268980874735236
