isLong,bias0,bias1,prob
long,2,-2,0.6403870795516747
short,2,-2,0.3596129204483248
