isLong,bias0,bias1,prob
long,2,-2,0.4215840762391163
short,2,-2,0.5784159237608651
