isLong,bias0,bias1,prob
long,2,-2,0.9700582816328285
short,2,-2,0.029941718367171553
