isLong,bias0,bias1,prob
long,10,-10,0.9630015202168577
short,10,-10,0.036998479783141844
