isLong,bias0,bias1,prob
long,5,-5,0.945782316757183
short,5,-5,0.054217683242816374
