isLong,bias0,bias1,prob
long,10,-10,0.5923490518515161
short,10,-10,0.407650948148484
