isLong,bias0,bias1,prob
long,10,-10,0.5856397906870189
short,10,-10,0.4143602093129812
