isLong,bias0,bias1,prob
long,5,-5,0.9602890585884039
short,5,-5,0.039710941411596715
