isLong,bias0,bias1,prob
long,2,-2,0.9825045466837959
short,2,-2,0.017495453316204397
