isLong,bias0,bias1,prob
long,2,-2,0.42158407623911576
short,2,-2,0.5784159237608842
