isLong,bias0,bias1,prob
long,5,-5,0.9962940677039448
short,5,-5,0.003705932296055803
