isLong,bias0,bias1,prob
long,2,-2,0.5360690631369668
short,2,-2,0.46393093686303327
