isLong,bias0,bias1,prob
long,2,-2,0.6230196361054297
short,2,-2,0.3769803638945701
