isLong,bias0,bias1,prob
long,2,-2,0.8891552108118306
short,2,-2,0.11084478918816952
