isLong,bias0,bias1,prob
long,5,-5,0.6173503103992446
short,5,-5,0.3826496896007552
