isLong,bias0,bias1,prob
long,5,-5,0.4034760018906263
short,5,-5,0.5965239981093742
