isLong,bias0,bias1,prob
long,10,-10,0.9492040082152996
short,10,-10,0.05079599178470019
