isLong,bias0,bias1,prob
long,5,-5,0.7799509816458516
short,5,-5,0.22004901835414842
