isLong,bias0,bias1,prob
long,5,-5,0.8137107127089614
short,5,-5,0.18628928729103778
