isLong,bias0,bias1,prob
long,2,-2,0.767918838855836
short,2,-2,0.23208116114416447
