isLong,bias0,bias1,prob
long,10,-10,0.9636445988150694
short,10,-10,0.036355401184931316
