isLong,bias0,bias1,prob
long,10,-10,0.758279458340691
short,10,-10,0.24172054165930992
