isLong,bias0,bias1,prob
long,5,-5,0.8621940536260072
short,5,-5,0.13780594637399243
