isLong,bias0,bias1,prob
long,10,-10,0.9978234314536044
short,10,-10,0.002176568546395705
