isLong,bias0,bias1,prob
long,10,-10,0.9999192875113218
short,10,-10,0.00008071248867898012
