isLong,bias0,bias1,prob
long,5,-5,0.8296456867697779
short,5,-5,0.1703543132302225
