isLong,bias0,bias1,prob
long,2,-2,0.5077605771196586
short,2,-2,0.4922394228803416
