isLong,bias0,bias1,prob
long,10,-10,0.9691704703753963
short,10,-10,0.030829529624603596
