isLong,bias0,bias1,prob
long,2,-2,0.9142795757873661
short,2,-2,0.08572042421263366
