isLong,bias0,bias1,prob
long,10,-10,0.9933000700712581
short,10,-10,0.0066999299287416325
