isLong,bias0,bias1,prob
long,2,-2,0.8214514072696802
short,2,-2,0.17854859273031976
