isLong,bias0,bias1,prob
long,10,-10,0.9999581344983224
short,10,-10,0.000041865501676932906
