isLong,bias0,bias1,prob
long,5,-5,0.7699670920796694
short,5,-5,0.23003290792033093
