isLong,bias0,bias1,prob
long,10,-10,0.7231397838954947
short,10,-10,0.2768602161045047
