isLong,bias0,bias1,prob
long,10,-10,0.9998211765656668
short,10,-10,0.0001788234343344104
