isLong,bias0,bias1,prob
long,5,-5,0.9322586970909238
short,5,-5,0.0677413029090766
