isLong,bias0,bias1,prob
long,2,-2,0.36915812342665166
short,2,-2,0.6308418765733486
