isLong,bias0,bias1,prob
long,2,-2,0.4053321335381165
short,2,-2,0.5946678664618836
