isLong,bias0,bias1,prob
long,2,-2,0.503792822446661
short,2,-2,0.4962071775533389
