isLong,bias0,bias1,prob
long,5,-5,0.9895258372123233
short,5,-5,0.010474162787677235
