isLong,bias0,bias1,prob
long,2,-2,0.9390835497216721
short,2,-2,0.06091645027832766
