isLong,bias0,bias1,prob
long,2,-2,0.34090886434830464
short,2,-2,0.6590911356516955
