isLong,bias0,bias1,prob
long,2,-2,0.5387207267725596
short,2,-2,0.4612792732274401
