isLong,bias0,bias1,prob
long,10,-10,0.9109205062205473
short,10,-10,0.08907949377945225
