isLong,bias0,bias1,prob
long,5,-5,0.7648383883989606
short,5,-5,0.23516161160103946
