isLong,bias0,bias1,prob
long,10,-10,0.9998284506255705
short,10,-10,0.00017154937442961056
