isLong,bias0,bias1,prob
long,10,-10,0.9999604568021514
short,10,-10,0.0000395431978481902
