isLong,bias0,bias1,prob
long,2,-2,0.7767206771948245
short,2,-2,0.22327932280517607
