isLong,bias0,bias1,prob
long,2,-2,0.8249689883167632
short,2,-2,0.17503101168323643
