isLong,bias0,bias1,prob
long,10,-10,0.9996899255754095
short,10,-10,0.0003100744245907753
