isLong,bias0,bias1,prob
long,10,-10,0.40299396954934585
short,10,-10,0.5970060304506541
