isLong,bias0,bias1,prob
long,10,-10,0.9998754085842803
short,10,-10,0.00012459141571933676
