isLong,bias0,bias1,prob
long,5,-5,0.955192672756503
short,5,-5,0.044807327243496856
