isLong,bias0,bias1,prob
long,5,-5,0.049230410719993734
short,5,-5,0.9507695892800063
