isLong,bias0,bias1,prob
long,5,-5,0.5669829276425544
short,5,-5,0.4330170723574459
