isLong,bias0,bias1,prob
long,5,-5,0.9946214205899191
short,5,-5,0.005378579410080403
