isLong,bias0,bias1,prob
long,5,-5,0.9878041596810494
short,5,-5,0.012195840318950534
