isLong,bias0,bias1,prob
long,2,-2,0.5379409550977055
short,2,-2,0.4620590449022945
