isLong,bias0,bias1,prob
long,5,-5,0.4191636927090545
short,5,-5,0.5808363072909454
