isLong,bias0,bias1,prob
long,10,-10,0.18456436823648573
short,10,-10,0.8154356317635557
