isLong,bias0,bias1,prob
long,5,-5,0.9699785749841574
short,5,-5,0.030021425015841614
