isLong,bias0,bias1,prob
long,10,-10,0.7849586997815673
short,10,-10,0.21504130021843307
