isLong,bias0,bias1,prob
long,10,-10,0.013010044552556017
short,10,-10,0.9869899554474437
