isLong,bias0,bias1,prob
long,10,-10,0.152055170737937
short,10,-10,0.8479448292620633
