isLong,bias0,bias1,prob
long,2,-2,0.42810645056988084
short,2,-2,0.5718935494301188
