isLong,bias0,bias1,prob
long,5,-5,0.9529035088965926
short,5,-5,0.0470964911034079
