isLong,bias0,bias1,prob
long,5,-5,0.571598858158472
short,5,-5,0.4284011418415279
