isLong,bias0,bias1,prob
long,2,-2,0.6729750463260198
short,2,-2,0.3270249536739803
