isLong,bias0,bias1,prob
long,10,-10,0.9999679508822511
short,10,-10,0.00003204911774743355
