isLong,bias0,bias1,prob
long,5,-5,0.9262737884270429
short,5,-5,0.07372621157295708
