isLong,bias0,bias1,prob
long,2,-2,0.7755919502214859
short,2,-2,0.224408049778514
