isLong,bias0,bias1,prob
long,2,-2,0.5715902731637215
short,2,-2,0.42840972683627854
