isLong,bias0,bias1,prob
long,2,-2,0.6122330961975654
short,2,-2,0.38776690380243445
