isLong,bias0,bias1,prob
long,10,-10,0.8543272521502041
short,10,-10,0.14567274784979642
