isLong,bias0,bias1,prob
long,5,-5,0.7949904751955693
short,5,-5,0.20500952480443058
