isLong,bias0,bias1,prob
long,5,-5,0.8274213330849384
short,5,-5,0.17257866691506124
