isLong,bias0,bias1,prob
long,5,-5,0.9771581509810454
short,5,-5,0.022841849018954398
