isLong,bias0,bias1,prob
long,5,-5,0.9307843510305713
short,5,-5,0.06921564896942882
