isLong,bias0,bias1,prob
long,5,-5,0.23024148472469158
short,5,-5,0.7697585152753086
