isLong,bias0,bias1,prob
long,10,-10,0.9027133342532675
short,10,-10,0.09728666574673271
