isLong,bias0,bias1,prob
long,10,-10,0.9999994250358829
short,10,-10,5.749641169422351e-7
