isLong,bias0,bias1,prob
long,2,-2,0.7948119285894837
short,2,-2,0.205188071410516
