isLong,bias0,bias1,prob
long,5,-5,0.7178374885281924
short,5,-5,0.28216251147180754
