isLong,bias0,bias1,prob
long,10,-10,0.9999854970450205
short,10,-10,0.00001450295498049254
