isLong,bias0,bias1,prob
long,2,-2,0.5946337828931555
short,2,-2,0.4053662171068441
