isLong,bias0,bias1,prob
long,2,-2,0.8237465789821365
short,2,-2,0.1762534210178634
