isLong,bias0,bias1,prob
long,2,-2,0.24460655691458996
short,2,-2,0.7553934430854099
