isLong,bias0,bias1,prob
long,10,-10,0.9999565271027516
short,10,-10,0.00004347289724978705
