isLong,bias0,bias1,prob
long,2,-2,0.038642517501080054
short,2,-2,0.9613574824989196
