isLong,bias0,bias1,prob
long,5,-5,0.4137837581603315
short,5,-5,0.5862162418396684
