isLong,bias0,bias1,prob
long,5,-5,0.9480666400540607
short,5,-5,0.05193335994593998
