isLong,bias0,bias1,prob
long,10,-10,0.9595839191091285
short,10,-10,0.040416080890871224
