isLong,bias0,bias1,prob
long,2,-2,0.7162516013592957
short,2,-2,0.2837483986407043
