isLong,bias0,bias1,prob
long,5,-5,0.6642508102242729
short,5,-5,0.3357491897757268
