isLong,bias0,bias1,prob
long,5,-5,0.6609812817284266
short,5,-5,0.33901871827157315
