isLong,bias0,bias1,prob
long,2,-2,0.4977941448111109
short,2,-2,0.502205855188889
