isLong,bias0,bias1,prob
long,5,-5,0.9034869663004133
short,5,-5,0.09651303369958666
