isLong,bias0,bias1,prob
long,5,-5,0.9889231069790168
short,5,-5,0.011076893020982793
