isLong,bias0,bias1,prob
long,10,-10,0.9983755686439699
short,10,-10,0.001624431356030319
