isLong,bias0,bias1,prob
long,2,-2,0.94207689119221
short,2,-2,0.057923108807789586
