isLong,bias0,bias1,prob
long,10,-10,0.8561633011011265
short,10,-10,0.1438366988988727
