isLong,bias0,bias1,prob
long,5,-5,0.3094542993655785
short,5,-5,0.6905457006344211
