isLong,bias0,bias1,prob
long,2,-2,0.8281730578084485
short,2,-2,0.1718269421915517
