isLong,bias0,bias1,prob
long,2,-2,0.08325991783359858
short,2,-2,0.9167400821664011
