isLong,bias0,bias1,prob
long,10,-10,0.44060929198745247
short,10,-10,0.5593907080125472
