isLong,bias0,bias1,prob
long,2,-2,0.5407609822014637
short,2,-2,0.45923901779853676
