isLong,bias0,bias1,prob
long,2,-2,0.8506089182956871
short,2,-2,0.1493910817043126
