isLong,bias0,bias1,prob
long,2,-2,0.6047228665860064
short,2,-2,0.39527713341399373
