isLong,bias0,bias1,prob
long,10,-10,0.8857409209727763
short,10,-10,0.11425907902722333
