isLong,bias0,bias1,prob
long,2,-2,0.919582824773111
short,2,-2,0.0804171752268886
