isLong,bias0,bias1,prob
long,10,-10,0.9499808192881991
short,10,-10,0.050019180711800934
