isLong,bias0,bias1,prob
long,2,-2,0.7326073975671246
short,2,-2,0.26739260243287494
