isLong,bias0,bias1,prob
long,5,-5,0.5008655440315793
short,5,-5,0.49913445596842043
