isLong,bias0,bias1,prob
long,2,-2,0.6729750463258451
short,2,-2,0.32702495367410583
