isLong,bias0,bias1,prob
long,5,-5,0.7264978989807356
short,5,-5,0.273502101019265
