isLong,bias0,bias1,prob
long,5,-5,0.05967670662035491
short,5,-5,0.9403232933796449
