isLong,bias0,bias1,prob
long,10,-10,0.9831593724117762
short,10,-10,0.016840627588223703
