isLong,bias0,bias1,prob
long,2,-2,0.46888145133954373
short,2,-2,0.5311185486604562
