isLong,bias0,bias1,prob
long,5,-5,0.7999125813745097
short,5,-5,0.20008741862549043
