isLong,bias0,bias1,prob
long,10,-10,0.007553698914830079
short,10,-10,0.9924463010851695
