isLong,bias0,bias1,prob
long,5,-5,0.7803433489101441
short,5,-5,0.21965665108985602
