isLong,bias0,bias1,prob
long,5,-5,0.9464007272185248
short,5,-5,0.05359927278147439
