isLong,bias0,bias1,prob
false,1,-1,0.06
true,1,-1,0.07999999999999999
true,0,-1,0.020000000000000004
false,0,-1,0.07
false,0,-5,0.05
false,0,1,0.15
true,0,1,0.020000000000000004
false,-5,1,0.04000000000000001
false,-5,-1,0.15
false,-1,-1,0.31
true,-1,-1,0.05
