isLong,bias0,bias1,prob
long,10,-10,0.05798577318967994
short,10,-10,0.94201422681032
