isLong,bias0,bias1,prob
long,10,-10,0.94042119283885
short,10,-10,0.05957880716115008
