isLong,bias0,bias1,prob
long,5,-5,0.6283481086090945
short,5,-5,0.3716518913909056
