isLong,bias0,bias1,prob
long,10,-10,0.9992655477955971
short,10,-10,0.0007344522044036457
