isLong,bias0,bias1,prob
long,2,-2,0.6444215317517367
short,2,-2,0.3555784682482636
