isLong,bias0,bias1,prob
long,10,-10,0.9999258678572204
short,10,-10,0.00007413214278100679
