isLong,bias0,bias1,prob
long,2,-2,0.540968766665246
short,2,-2,0.45903123333475443
