isLong,bias0,bias1,prob
long,5,-5,0.3754618092240566
short,5,-5,0.6245381907759437
