isLong,bias0,bias1,prob
long,2,-2,0.7562356048289006
short,2,-2,0.24376439517109896
