isLong,bias0,bias1,prob
long,5,-5,0.3082282204329449
short,5,-5,0.6917717795670548
