isLong,bias0,bias1,prob
long,2,-2,0.4786893268296758
short,2,-2,0.5213106731702729
