isLong,bias0,bias1,prob
long,2,-2,0.8494106619674542
short,2,-2,0.15058933803254576
