isLong,bias0,bias1,prob
long,2,-2,0.5691350529704119
short,2,-2,0.43086494702958794
