isLong,bias0,bias1,prob
long,2,-2,0.6816795004856535
short,2,-2,0.31832049951434643
