isLong,bias0,bias1,prob
long,10,-10,0.3765324288103929
short,10,-10,0.6234675711896068
