isLong,bias0,bias1,prob
long,10,-10,0.9999308611962822
short,10,-10,0.0000691388037186409
