isLong,bias0,bias1,prob
long,5,-5,0.3907349542477462
short,5,-5,0.6092650457522535
