isLong,bias0,bias1,prob
long,2,-2,0.4338768262539576
short,2,-2,0.5661231737460424
