isLong,bias0,bias1,prob
long,2,-2,0.33568549111152857
short,2,-2,0.6643145088884717
