isLong,bias0,bias1,prob
long,10,-10,0.9421247142012639
short,10,-10,0.05787528579873581
