isLong,bias0,bias1,prob
long,5,-5,0.8516807237637714
short,5,-5,0.1483192762362287
