isLong,bias0,bias1,prob
long,5,-5,0.5260863319762971
short,5,-5,0.47391366802370316
