isLong,bias0,bias1,prob
long,2,-2,0.6017313236505052
short,2,-2,0.3982686763494948
