isLong,bias0,bias1,prob
long,5,-5,0.9556200326726372
short,5,-5,0.04437996732736324
