isLong,bias0,bias1,prob
long,5,-5,0.6678917221702256
short,5,-5,0.3321082778297746
