isLong,bias0,bias1,prob
long,10,-10,0.8810516233931391
short,10,-10,0.11894837660686144
