isLong,bias0,bias1,prob
long,5,-5,0.7096794143230389
short,5,-5,0.2903205856769607
