isLong,bias0,bias1,prob
long,2,-2,0.5085727059485136
short,2,-2,0.4914272940514769
