isLong,bias0,bias1,prob
long,2,-2,0.8957946699671488
short,2,-2,0.1042053300328519
