isLong,bias0,bias1,prob
long,5,-5,0.460093740023482
short,5,-5,0.5399062599765183
