isLong,bias0,bias1,prob
long,10,-10,0.9999812074030271
short,10,-10,0.000018792596971366084
