isLong,bias0,bias1,prob
long,5,-5,0.7823267584170629
short,5,-5,0.2176732415829372
