isLong,bias0,bias1,prob
long,5,-5,0.9814854989335237
short,5,-5,0.018514501066475914
