isLong,bias0,bias1,prob
long,2,-2,0.3050522643356824
short,2,-2,0.6949477356643177
