isLong,bias0,bias1,prob
long,5,-5,0.9982739079981947
short,5,-5,0.0017260920018049024
