isLong,bias0,bias1,prob
long,10,-10,0.20197806526112635
short,10,-10,0.7980219347388737
