isLong,bias0,bias1,prob
long,2,-2,0.9777963130699173
short,2,-2,0.022203686930082657
