isLong,bias0,bias1,prob
long,10,-10,0.04422630520416162
short,10,-10,0.9557736947958385
