isLong,bias0,bias1,prob
long,2,-2,0.8471545869564091
short,2,-2,0.15284541304359173
