isLong,bias0,bias1,prob
long,5,-5,0.9947831893741976
short,5,-5,0.0052168106258029265
