isLong,bias0,bias1,prob
long,5,-5,0.18906492163442057
short,5,-5,0.8109350783655793
