isLong,bias0,bias1,prob
long,10,-10,0.06115811673340548
short,10,-10,0.9388418832665941
