isLong,bias0,bias1,prob
long,2,-2,0.8025135127216294
short,2,-2,0.1974864872783705
