isLong,bias0,bias1,prob
long,10,-10,0.26907331262246087
short,10,-10,0.7309266873775394
