isLong,bias0,bias1,prob
long,10,-10,0.9989214878343136
short,10,-10,0.0010785121656871274
