isLong,bias0,bias1,prob
long,2,-2,0.5715902731635816
short,2,-2,0.4284097268364577
