isLong,bias0,bias1,prob
long,10,-10,0.9942474050581731
short,10,-10,0.005752594941826856
