isLong,bias0,bias1,prob
long,5,-5,0.6727734575690143
short,5,-5,0.3272265424309858
