isLong,bias0,bias1,prob
long,5,-5,0.952525420468643
short,5,-5,0.047474579531357114
