isLong,bias0,bias1,prob
long,10,-10,0.99781728042225
short,10,-10,0.0021827195777498793
