isLong,bias0,bias1,prob
long,5,-5,0.5441904931631494
short,5,-5,0.4558095068368503
