isLong,bias0,bias1,prob
long,2,-2,0.8568019576307845
short,2,-2,0.14319804236921588
