isLong,bias0,bias1,prob
long,5,-5,0.861053769697225
short,5,-5,0.13894623030277464
