isLong,bias0,bias1,prob
long,10,-10,0.9860296790155838
short,10,-10,0.013970320984416723
