isLong,bias0,bias1,prob
long,2,-2,0.0848534130275365
short,2,-2,0.9151465869724632
