isLong,bias0,bias1,prob
long,2,-2,0.5828983781451458
short,2,-2,0.4171016218548539
