isLong,bias0,bias1,prob
long,2,-2,0.952408718179872
short,2,-2,0.04759128182012801
