isLong,bias0,bias1,prob
long,5,-5,0.36081139756980896
short,5,-5,0.6391886024301912
