isLong,bias0,bias1,prob
long,5,-5,0.9119444717088981
short,5,-5,0.08805552829110147
