isLong,bias0,bias1,prob
long,5,-5,0.9962889757188096
short,5,-5,0.003711024281190126
