isLong,bias0,bias1,prob
long,10,-10,0.9996983320411486
short,10,-10,0.00030166795885097674
