isLong,bias0,bias1,prob
long,10,-10,0.06656279264390051
short,10,-10,0.9334372073560999
