isLong,bias0,bias1,prob
long,10,-10,0.11370608276988368
short,10,-10,0.8862939172301165
