isLong,bias0,bias1,prob
long,10,-10,0.1845643682364263
short,10,-10,0.8154356317635735
