isLong,bias0,bias1,prob
long,5,-5,0.9359876622790803
short,5,-5,0.06401233772091904
