isLong,bias0,bias1,prob
long,5,-5,0.9075676966660673
short,5,-5,0.09243230333393314
