isLong,bias0,bias1,prob
long,2,-2,0.7428912779688451
short,2,-2,0.2571087220311553
