isLong,bias0,bias1,prob
long,5,-5,0.2460059262812076
short,5,-5,0.7539940737187923
