isLong,bias0,bias1,prob
long,5,-5,0.8669902251942072
short,5,-5,0.13300977480579307
