isLong,bias0,bias1,prob
long,5,-5,0.8886426445765998
short,5,-5,0.11135735542339935
