isLong,bias0,bias1,prob
long,10,-10,0.7125055366199815
short,10,-10,0.28749446338001844
