isLong,bias0,bias1,prob
long,10,-10,0.8007261188773496
short,10,-10,0.19927388112265015
