isLong,bias0,bias1,prob
long,5,-5,0.34797064033765757
short,5,-5,0.6520293596623425
