isLong,bias0,bias1,prob
long,2,-2,0.6688871941979303
short,2,-2,0.33111280580206925
