isLong,bias0,bias1,prob
long,5,-5,0.11833394398177675
short,5,-5,0.8816660560182235
