isLong,bias0,bias1,prob
long,2,-2,0.8246188478691177
short,2,-2,0.17538115213088226
