isLong,bias0,bias1,prob
long,10,-10,0.3994086520516428
short,10,-10,0.6005913479483572
