isLong,bias0,bias1,prob
long,10,-10,0.9991287310002254
short,10,-10,0.0008712689997742004
