isLong,bias0,bias1,prob
long,2,-2,0.6381613641533115
short,2,-2,0.36183863584668874
