isLong,bias0,bias1,prob
long,10,-10,0.017078189381930058
short,10,-10,0.982921810618069
