isLong,bias0,bias1,prob
long,2,-2,0.47868932682985926
short,2,-2,0.5213106731701407
