isLong,bias0,bias1,prob
long,10,-10,0.20913386947199586
short,10,-10,0.7908661305280037
