isLong,bias0,bias1,prob
long,2,-2,0.8547542690731479
short,2,-2,0.14524573092685195
