isLong,bias0,bias1,prob
long,10,-10,0.7777728247973328
short,10,-10,0.22222717520266771
