isLong,bias0,bias1,prob
long,2,-2,0.9304691185865414
short,2,-2,0.06953088141345852
