isLong,bias0,bias1,prob
long,10,-10,0.49874012827676845
short,10,-10,0.5012598717232322
