isLong,bias0,bias1,prob
long,2,-2,0.3127220048405627
short,2,-2,0.6872779951594377
