isLong,bias0,bias1,prob
long,2,-2,0.19987483669027484
short,2,-2,0.8001251633097431
