isLong,bias0,bias1,prob
long,10,-10,0.9998895295453373
short,10,-10,0.00011047045466256192
