isLong,bias0,bias1,prob
long,10,-10,0.4859899530533434
short,10,-10,0.5140100469466568
