isLong,bias0,bias1,prob
long,2,-2,0.875952684836791
short,2,-2,0.12404731516320917
