isLong,bias0,bias1,prob
long,2,-2,0.3440761895199626
short,2,-2,0.6559238104800372
