isLong,bias0,bias1,prob
long,5,-5,0.07190971681055985
short,5,-5,0.9280902831894402
