isLong,bias0,bias1,prob
long,2,-2,0.9347041822151946
short,2,-2,0.0652958177848051
