isLong,bias0,bias1,prob
long,2,-2,0.2869847157804901
short,2,-2,0.7130152842195099
