isLong,bias0,bias1,prob
long,2,-2,0.5056608387981083
short,2,-2,0.49433916120189153
