isLong,bias0,bias1,prob
long,5,-5,0.928403965871424
short,5,-5,0.07159603412857604
