isLong,bias0,bias1,prob
long,10,-10,0.7624421018482374
short,10,-10,0.23755789815176243
