isLong,bias0,bias1,prob
long,2,-2,0.20054632884311024
short,2,-2,0.79945367115689
