isLong,bias0,bias1,prob
long,10,-10,0.9909587860944402
short,10,-10,0.009041213905560508
