isLong,bias0,bias1,prob
long,5,-5,0.9988868580932669
short,5,-5,0.00111314190673304
