isLong,bias0,bias1,prob
long,10,-10,0.9990156380008424
short,10,-10,0.000984361999158428
