isLong,bias0,bias1,prob
long,2,-2,0.8459031526028384
short,2,-2,0.15409684739716145
