isLong,bias0,bias1,prob
long,2,-2,0.7071438166263214
short,2,-2,0.29285618337367847
