isLong,bias0,bias1,prob
long,2,-2,0.7043531971388612
short,2,-2,0.29564680286113865
