isLong,bias0,bias1,prob
long,10,-10,0.61372079978438
short,10,-10,0.38627920021562034
