isLong,bias0,bias1,prob
long,10,-10,0.5043433372836844
short,10,-10,0.4956566627163157
