isLong,bias0,bias1,prob
long,2,-2,0.6716062140146389
short,2,-2,0.32839378598536084
