isLong,bias0,bias1,prob
long,10,-10,0.9626875746275225
short,10,-10,0.03731242537247733
