isLong,bias0,bias1,prob
long,2,-2,0.3952918460225211
short,2,-2,0.6047081539774787
