isLong,bias0,bias1,prob
long,2,-2,0.6047228665857999
short,2,-2,0.3952771334141919
