isLong,bias0,bias1,prob
long,5,-5,0.9714122938851932
short,5,-5,0.028587706114807137
