isLong,bias0,bias1,prob
long,5,-5,0.13865017292300555
short,5,-5,0.8613498270769948
