isLong,bias0,bias1,prob
long,2,-2,0.6193143777239716
short,2,-2,0.3806856222760284
