isLong,bias0,bias1,prob
long,5,-5,0.20146837520282238
short,5,-5,0.7985316247971778
