isLong,bias0,bias1,prob
long,2,-2,0.6872878857147773
short,2,-2,0.31271211428522283
