isLong,bias0,bias1,prob
long,10,-10,0.35892989353313387
short,10,-10,0.6410701064668662
