isLong,bias0,bias1,prob
long,5,-5,0.937262764815176
short,5,-5,0.06273723518482374
