isLong,bias0,bias1,prob
long,10,-10,0.9999893532741492
short,10,-10,0.00001064672585220951
