isLong,bias0,bias1,prob
long,10,-10,0.9967777469309976
short,10,-10,0.0032222530690020398
