isLong,bias0,bias1,prob
long,10,-10,0.7616327254972041
short,10,-10,0.23836727450279588
