isLong,bias0,bias1,prob
long,10,-10,0.00007433743835763372
short,10,-10,0.9999256625616426
