isLong,bias0,bias1,prob
long,5,-5,0.9842258153385808
short,5,-5,0.015774184661419083
