isLong,bias0,bias1,prob
long,2,-2,0.4673665045092879
short,2,-2,0.5326334954907124
