isLong,bias0,bias1,prob
long,10,-10,0.45009418475616286
short,10,-10,0.5499058152438372
