isLong,bias0,bias1,prob
long,5,-5,0.8237867116043753
short,5,-5,0.1762132883956245
