isLong,bias0,bias1,prob
long,5,-5,0.904889033392428
short,5,-5,0.09511096660757251
