isLong,bias0,bias1,prob
long,2,-2,0.14626041870907697
short,2,-2,0.8537395812909226
