isLong,bias0,bias1,prob
long,2,-2,0.5085727059488289
short,2,-2,0.4914272940511709
