isLong,bias0,bias1,prob
long,2,-2,0.7954412623210096
short,2,-2,0.20455873767899
