isLong,bias0,bias1,prob
long,10,-10,0.1170124165006198
short,10,-10,0.8829875834993799
