isLong,bias0,bias1,prob
long,10,-10,0.9999975816086732
short,10,-10,0.000002418391325908431
