isLong,bias0,bias1,prob
long,5,-5,0.4887629480248628
short,5,-5,0.5112370519751366
