isLong,bias0,bias1,prob
long,5,-5,0.2591978279141875
short,5,-5,0.740802172085813
