isLong,bias0,bias1,prob
long,5,-5,0.7935689158730583
short,5,-5,0.20643108412694136
