isLong,bias0,bias1,prob
long,2,-2,0.6624795819851144
short,2,-2,0.3375204180148853
