isLong,bias0,bias1,prob
long,2,-2,0.747025484996607
short,2,-2,0.2529745150033929
