isLong,bias0,bias1,prob
long,5,-5,0.9508617715195079
short,5,-5,0.049138228480492256
