isLong,bias0,bias1,prob
long,5,-5,0.3180700023052843
short,5,-5,0.6819299976947153
