isLong,bias0,bias1,prob
long,10,-10,0.9993149313575062
short,10,-10,0.0006850686424932869
