isLong,bias0,bias1,prob
long,2,-2,0.5161966786115417
short,2,-2,0.48380332138845855
