isLong,bias0,bias1,prob
long,5,-5,0.9346691579797635
short,5,-5,0.06533084202023635
