isLong,bias0,bias1,prob
long,2,-2,0.7391016968892397
short,2,-2,0.26089830311076
