isLong,bias0,bias1,prob
long,10,-10,0.48363186273219083
short,10,-10,0.5163681372678093
