isLong,bias0,bias1,prob
long,5,-5,0.2632670201835214
short,5,-5,0.736732979816479
