isLong,bias0,bias1,prob
long,5,-5,0.5485148306078886
short,5,-5,0.4514851693921116
