isLong,bias0,bias1,prob
long,2,-2,0.5179077403861356
short,2,-2,0.4820922596138641
