isLong,bias0,bias1,prob
long,10,-10,0.12336210889552215
short,10,-10,0.8766378911044779
