isLong,bias0,bias1,prob
long,5,-5,0.5635543381928904
short,5,-5,0.43644566180711
