isLong,bias0,bias1,prob
long,2,-2,0.45125571569686934
short,2,-2,0.5487442843031307
