isLong,bias0,bias1,prob
long,2,-2,0.3864921095975867
short,2,-2,0.6135078904024129
