isLong,bias0,bias1,prob
long,10,-10,0.3354341724177184
short,10,-10,0.6645658275822814
