isLong,bias0,bias1,prob
long,2,-2,0.059852312893076104
short,2,-2,0.9401476871069241
