isLong,bias0,bias1,prob
long,10,-10,0.9932721355224113
short,10,-10,0.006727864477587867
