isLong,bias0,bias1,prob
long,5,-5,0.8083729083310981
short,5,-5,0.1916270916689019
