isLong,bias0,bias1,prob
long,5,-5,0.3402559060517922
short,5,-5,0.6597440939482118
