isLong,bias0,bias1,prob
long,10,-10,0.08350437643961996
short,10,-10,0.9164956235603805
