isLong,bias0,bias1,prob
long,5,-5,0.9661679728337034
short,5,-5,0.03383202716629689
