isLong,bias0,bias1,prob
long,10,-10,0.5865894641496596
short,10,-10,0.4134105358503715
