isLong,bias0,bias1,prob
long,10,-10,0.9111297930814357
short,10,-10,0.08887020691856513
