isLong,bias0,bias1,prob
long,10,-10,0.9999923093562376
short,10,-10,0.000007690643761853291
