isLong,bias0,bias1,prob
long,5,-5,0.30822822043299475
short,5,-5,0.691771779567023
