isLong,bias0,bias1,prob
long,10,-10,0.9998785397279526
short,10,-10,0.00012146027204827771
