isLong,bias0,bias1,prob
long,2,-2,0.8766291100669243
short,2,-2,0.12337088993307574
