isLong,bias0,bias1,prob
long,2,-2,0.42639425689525556
short,2,-2,0.5736057431047443
