isLong,bias0,bias1,prob
long,10,-10,0.999556424364579
short,10,-10,0.0004435756354210532
