isLong,bias0,bias1,prob
long,10,-10,0.7125055366198912
short,10,-10,0.2874944633800779
