isLong,bias0,bias1,prob
long,5,-5,0.754057422451879
short,5,-5,0.24594257754812074
