isLong,bias0,bias1,prob
long,5,-5,0.9802778554565995
short,5,-5,0.01972214454340025
