isLong,bias0,bias1,prob
long,2,-2,0.8325904380147631
short,2,-2,0.16740956198523674
