isLong,bias0,bias1,prob
long,5,-5,0.815220656448377
short,5,-5,0.1847793435516233
