isLong,bias0,bias1,prob
long,10,-10,0.9901759625424177
short,10,-10,0.009824037457583024
