isLong,bias0,bias1,prob
long,2,-2,0.8605606855398649
short,2,-2,0.1394393144601349
