isLong,bias0,bias1,prob
long,2,-2,0.44987510104305406
short,2,-2,0.5501248989569456
