isLong,bias0,bias1,prob
long,5,-5,0.8614204788413866
short,5,-5,0.1385795211586135
