isLong,bias0,bias1,prob
long,5,-5,0.39197997404814233
short,5,-5,0.6080200259518574
