isLong,bias0,bias1,prob
long,10,-10,0.3428737726926933
short,10,-10,0.6571262273073066
