isLong,bias0,bias1,prob
long,5,-5,0.6268382543158253
short,5,-5,0.373161745684175
