isLong,bias0,bias1,prob
long,10,-10,0.0015855042187768267
short,10,-10,0.9984144957812227
