isLong,bias0,bias1,prob
long,2,-2,0.4140343783203028
short,2,-2,0.5859656216796969
