isLong,bias0,bias1,prob
long,10,-10,0.9998188952970594
short,10,-10,0.0001811047029415717
