isLong,bias0,bias1,prob
long,2,-2,0.4580762046839197
short,2,-2,0.5419237953160806
