isLong,bias0,bias1,prob
long,5,-5,0.4960258460250805
short,5,-5,0.5039741539749197
