isLong,bias0,bias1,prob
long,10,-10,0.2896817059125243
short,10,-10,0.7103182940874756
