isLong,bias0,bias1,prob
long,10,-10,0.9991087869536757
short,10,-10,0.0008912130463240344
