isLong,bias0,bias1,prob
long,5,-5,0.7127554731743689
short,5,-5,0.28724452682563095
