isLong,bias0,bias1,prob
long,5,-5,0.7300118991528288
short,5,-5,0.26998810084717106
