isLong,bias0,bias1,prob
long,5,-5,0.9745594598288634
short,5,-5,0.02544054017113661
