isLong,bias0,bias1,prob
long,10,-10,0.4254606787845099
short,10,-10,0.5745393212154907
