isLong,bias0,bias1,prob
long,2,-2,0.5425526395291481
short,2,-2,0.45744736047085227
