isLong,bias0,bias1,prob
long,2,-2,0.43125185149397505
short,2,-2,0.568748148506025
