isLong,bias0,bias1,prob
long,5,-5,0.9533265671484767
short,5,-5,0.04667343285152339
