isLong,bias0,bias1,prob
long,5,-5,0.9628855602379965
short,5,-5,0.0371144397620038
