isLong,bias0,bias1,prob
long,10,-10,0.9999723559344132
short,10,-10,0.0000276440655872208
