isLong,bias0,bias1,prob
long,5,-5,0.9947694541856159
short,5,-5,0.005230545814384319
