isLong,bias0,bias1,prob
long,5,-5,0.04923041071997329
short,5,-5,0.9507695892799983
