isLong,bias0,bias1,prob
long,5,-5,0.8294531260367319
short,5,-5,0.17054687396326812
