isLong,bias0,bias1,prob
long,5,-5,0.0061287337366280744
short,5,-5,0.993871266263372
