isLong,bias0,bias1,prob
long,5,-5,0.8713234934193453
short,5,-5,0.1286765065806543
