isLong,bias0,bias1,prob
long,2,-2,0.43221818527615974
short,2,-2,0.5677818147238399
