isLong,bias0,bias1,prob
long,5,-5,0.49659567086428963
short,5,-5,0.5034043291357109
