isLong,bias0,bias1,prob
long,2,-2,0.7051136771076194
short,2,-2,0.2948863228923804
