isLong,bias0,bias1,prob
long,5,-5,0.9304744866743354
short,5,-5,0.06952551332566455
