isLong,bias0,bias1,prob
long,5,-5,0.050607461257662294
short,5,-5,0.9493925387423373
