isLong,bias0,bias1,prob
long,2,-2,0.9364019672132166
short,2,-2,0.06359803278678337
