isLong,bias0,bias1,prob
long,5,-5,0.7223927764218392
short,5,-5,0.2776072235781607
