isLong,bias0,bias1,prob
long,2,-2,0.6246278167734869
short,2,-2,0.3753721832265128
