isLong,bias0,bias1,prob
long,2,-2,0.2703027579212305
short,2,-2,0.7296972420787693
