isLong,bias0,bias1,prob
long,10,-10,0.825266975508375
short,10,-10,0.17473302449162534
