isLong,bias0,bias1,prob
long,10,-10,0.8351216099256378
short,10,-10,0.16487839007436234
