isLong,bias0,bias1,prob
long,2,-2,0.874125464553243
short,2,-2,0.12587453544675672
