isLong,bias0,bias1,prob
long,2,-2,0.5816824841626141
short,2,-2,0.41831751583738597
