isLong,bias0,bias1,prob
long,5,-5,0.1629617629091763
short,5,-5,0.8370382370908239
