isLong,bias0,bias1,prob
long,2,-2,0.897989199482937
short,2,-2,0.10201080051706346
