isLong,bias0,bias1,prob
long,2,-2,0.9576648415387722
short,2,-2,0.04233515846122773
