isLong,bias0,bias1,prob
long,2,-2,0.5819724530942464
short,2,-2,0.418027546905754
