isLong,bias0,bias1,prob
long,2,-2,0.8967062987706095
short,2,-2,0.1032937012293902
