isLong,bias0,bias1,prob
long,10,-10,0.9483581996267968
short,10,-10,0.05164180037320305
