isLong,bias0,bias1,prob
long,2,-2,0.5253841095578468
short,2,-2,0.4746158904421531
