isLong,bias0,bias1,prob
long,10,-10,0.9997851170946646
short,10,-10,0.00021488290533589288
