isLong,bias0,bias1,prob
long,5,-5,0.2879735008925566
short,5,-5,0.7120264991074435
