isLong,bias0,bias1,prob
long,5,-5,0.9892729240300502
short,5,-5,0.010727075969949137
