isLong,bias0,bias1,prob
long,2,-2,0.19525977172022058
short,2,-2,0.8047402282797791
