isLong,bias0,bias1,prob
long,5,-5,0.40694641006921617
short,5,-5,0.5930535899307834
