isLong,bias0,bias1,prob
long,10,-10,0.6911145590710034
short,10,-10,0.30888544092899617
