isLong,bias0,bias1,prob
long,10,-10,0.9934477414744228
short,10,-10,0.006552258525576922
