isLong,bias0,bias1,prob
long,10,-10,0.9894439347267886
short,10,-10,0.010556065273211918
