isLong,bias0,bias1,prob
long,5,-5,0.14521216003161413
short,5,-5,0.8547878399683867
