isLong,bias0,bias1,prob
long,10,-10,0.3392993820375972
short,10,-10,0.6607006179624031
