isLong,bias0,bias1,prob
long,2,-2,0.3481412453922933
short,2,-2,0.6518587546077066
