isLong,bias0,bias1,prob
long,10,-10,0.5337910222826642
short,10,-10,0.46620897771733594
