isLong,bias0,bias1,prob
long,2,-2,0.490693609639802
short,2,-2,0.5093063903601976
