isLong,bias0,bias1,prob
long,10,-10,0.3283302867469511
short,10,-10,0.6716697132530489
