isLong,bias0,bias1,prob
long,5,-5,0.5072388813009239
short,5,-5,0.49276111869907624
