isLong,bias0,bias1,prob
long,5,-5,0.9927065363520631
short,5,-5,0.007293463647936889
