isLong,bias0,bias1,prob
long,2,-2,0.7447416373310706
short,2,-2,0.25525836266892954
