isLong,bias0,bias1,prob
long,5,-5,0.2185603159977211
short,5,-5,0.7814396840022788
