isLong,bias0,bias1,prob
long,2,-2,0.7994365190586
short,2,-2,0.20056348094139964
