isLong,bias0,bias1,prob
long,5,-5,0.013488407562247291
short,5,-5,0.9865115924377528
