isLong,bias0,bias1,prob
long,10,-10,0.25957099569190933
short,10,-10,0.7404290043080903
