isLong,bias0,bias1,prob
long,10,-10,0.9997272847656332
short,10,-10,0.0002727152343668663
