isLong,bias0,bias1,prob
long,5,-5,0.9114710206906997
short,5,-5,0.08852897930930109
