isLong,bias0,bias1,prob
long,2,-2,0.7953853494567209
short,2,-2,0.2046146505432788
