isLong,bias0,bias1,prob
long,5,-5,0.5145026096378724
short,5,-5,0.4854973903621273
