isLong,bias0,bias1,prob
long,2,-2,0.3976243129860515
short,2,-2,0.6023756870139481
