isLong,bias0,bias1,prob
long,2,-2,0.5808610453044709
short,2,-2,0.4191389546955293
