isLong,bias0,bias1,prob
long,5,-5,0.7115345550159033
short,5,-5,0.28846544498409626
