isLong,bias0,bias1,prob
long,2,-2,0.7706446841633007
short,2,-2,0.22935531583669896
