isLong,bias0,bias1,prob
long,5,-5,0.8305191762207625
short,5,-5,0.16948082377923712
