isLong,bias0,bias1,prob
long,10,-10,0.22298256854991366
short,10,-10,0.7770174314500864
