isLong,bias0,bias1,prob
long,5,-5,0.5965054248087239
short,5,-5,0.403494575191287
