isLong,bias0,bias1,prob
long,2,-2,0.8145317465911663
short,2,-2,0.18546825340883383
