isLong,bias0,bias1,prob
long,10,-10,0.002113221992929589
short,10,-10,0.997886778007071
