isLong,bias0,bias1,prob
long,10,-10,0.8894710446219319
short,10,-10,0.11052895537806794
