isLong,bias0,bias1,prob
long,2,-2,0.46619605250033713
short,2,-2,0.533803947499663
