isLong,bias0,bias1,prob
long,10,-10,0.9979468579445929
short,10,-10,0.002053142055406143
