isLong,bias0,bias1,prob
long,10,-10,0.9795456835843
short,10,-10,0.0204543164156996
