isLong,bias0,bias1,prob
long,2,-2,0.5042658869131695
short,2,-2,0.49573411308683046
