isLong,bias0,bias1,prob
long,10,-10,0.9897889370586482
short,10,-10,0.010211062941352225
