isLong,bias0,bias1,prob
long,2,-2,0.8840163466780597
short,2,-2,0.11598365332193998
