isLong,bias0,bias1,prob
long,2,-2,0.8230178840067578
short,2,-2,0.1769821159932426
