isLong,bias0,bias1,prob
long,2,-2,0.6662320905441177
short,2,-2,0.3337679094558822
