isLong,bias0,bias1,prob
long,5,-5,0.8889832255131991
short,5,-5,0.11101677448680039
