isLong,bias0,bias1,prob
long,2,-2,0.6982899457348373
short,2,-2,0.30171005426516295
