isLong,bias0,bias1,prob
long,2,-2,0.934037275133562
short,2,-2,0.0659627248664379
