isLong,bias0,bias1,prob
long,5,-5,0.7741591740121895
short,5,-5,0.22584082598781055
