isLong,bias0,bias1,prob
long,5,-5,0.37528203395204823
short,5,-5,0.6247179660479518
