isLong,bias0,bias1,prob
long,10,-10,0.1488332910354279
short,10,-10,0.8511667089645722
