isLong,bias0,bias1,prob
long,5,-5,0.9797098907170139
short,5,-5,0.020290109282985844
