isLong,bias0,bias1,prob
long,2,-2,0.732510262719478
short,2,-2,0.2674897372805216
