isLong,bias0,bias1,prob
long,2,-2,0.6784723123204695
short,2,-2,0.32152768767953055
