isLong,bias0,bias1,prob
long,10,-10,0.9638585943963296
short,10,-10,0.03614140560367041
