isLong,bias0,bias1,prob
long,10,-10,0.9996417325826329
short,10,-10,0.00035826741736661545
