isLong,bias0,bias1,prob
long,10,-10,0.9711000898894355
short,10,-10,0.028899910110564777
