isLong,bias0,bias1,prob
long,5,-5,0.17263788229784277
short,5,-5,0.8273621177021573
