isLong,bias0,bias1,prob
long,2,-2,0.9655303284073472
short,2,-2,0.03446967159265238
