isLong,bias0,bias1,prob
long,5,-5,0.4261669348080888
short,5,-5,0.573833065191911
