isLong,bias0,bias1,prob
long,5,-5,0.6453175614433599
short,5,-5,0.35468243855661974
