isLong,bias0,bias1,prob
long,5,-5,0.8924202336562914
short,5,-5,0.10757976634370865
