isLong,bias0,bias1,prob
long,5,-5,0.03368686641023319
short,5,-5,0.9663131335898067
