isLong,bias0,bias1,prob
long,5,-5,0.554347117409643
short,5,-5,0.44565288259035657
