isLong,bias0,bias1,prob
long,5,-5,0.004889234341421196
short,5,-5,0.9951107656585789
