isLong,bias0,bias1,prob
long,2,-2,0.6251804988192623
short,2,-2,0.37481950118073726
