isLong,bias0,bias1,prob
long,2,-2,0.7962120991777419
short,2,-2,0.20378790082225823
