isLong,bias0,bias1,prob
long,2,-2,0.7866334096900959
short,2,-2,0.2133665903099039
