isLong,bias0,bias1,prob
long,2,-2,0.8744274645050283
short,2,-2,0.1255725354949715
