isLong,bias0,bias1,prob
long,10,-10,0.9987379012168581
short,10,-10,0.0012620987831414327
