isLong,bias0,bias1,prob
long,2,-2,0.574143537932126
short,2,-2,0.4258564620678742
