isLong,bias0,bias1,prob
long,2,-2,0.32328683708264805
short,2,-2,0.6767131629173516
