isLong,bias0,bias1,prob
long,10,-10,0.999997997937712
short,10,-10,0.000002002062287935344
