isLong,bias0,bias1,prob
long,10,-10,0.9730486977814203
short,10,-10,0.02695130221857964
