isLong,bias0,bias1,prob
long,2,-2,0.5397438355317757
short,2,-2,0.46025616446826234
