isLong,bias0,bias1,prob
long,2,-2,0.624264940787617
short,2,-2,0.37573505921238304
