isLong,bias0,bias1,prob
long,10,-10,0.9721470855493888
short,10,-10,0.02785291445061076
