isLong,bias0,bias1,prob
long,2,-2,0.9193226569037498
short,2,-2,0.08067734309625013
