isLong,bias0,bias1,prob
long,10,-10,0.6547783070478941
short,10,-10,0.345221692952106
