isLong,bias0,bias1,prob
long,10,-10,0.3589298935334301
short,10,-10,0.6410701064665137
