isLong,bias0,bias1,prob
long,10,-10,0.0041506025009150245
short,10,-10,0.9958493974990857
