isLong,bias0,bias1,prob
long,10,-10,0.7523858396013691
short,10,-10,0.24761416039863077
