isLong,bias0,bias1,prob
long,2,-2,0.8442596272609553
short,2,-2,0.15574037273904406
