isLong,bias0,bias1,prob
long,10,-10,0.5548387112040136
short,10,-10,0.44516128879598615
