isLong,bias0,bias1,prob
long,2,-2,0.4498751010427632
short,2,-2,0.5501248989572738
