isLong,bias0,bias1,prob
long,2,-2,0.7123995863351671
short,2,-2,0.287600413664833
