isLong,bias0,bias1,prob
long,5,-5,0.21427632655507675
short,5,-5,0.7857236734449231
