isLong,bias0,bias1,prob
long,5,-5,0.46034592046264
short,5,-5,0.5396540795373598
