isLong,bias0,bias1,prob
long,10,-10,0.9999905947368684
short,10,-10,0.000009405263130858952
