isLong,bias0,bias1,prob
long,5,-5,0.8302248424532838
short,5,-5,0.16977515754671632
