isLong,bias0,bias1,prob
long,5,-5,0.3301860361952034
short,5,-5,0.6698139638047969
