isLong,bias0,bias1,prob
long,10,-10,0.9106293521749088
short,10,-10,0.08937064782509099
