isLong,bias0,bias1,prob
long,2,-2,0.9635373833615739
short,2,-2,0.03646261663842687
