isLong,bias0,bias1,prob
long,2,-2,0.974251861544547
short,2,-2,0.02574813845545244
