isLong,bias0,bias1,prob
long,2,-2,0.6588980846079983
short,2,-2,0.3411019153920016
