isLong,bias0,bias1,prob
long,2,-2,0.9172990230190401
short,2,-2,0.08270097698095955
