isLong,bias0,bias1,prob
long,2,-2,0.7195854387830196
short,2,-2,0.2804145612169803
