isLong,bias0,bias1,prob
long,5,-5,0.8995079161219687
short,5,-5,0.10049208387803128
