isLong,bias0,bias1,prob
long,2,-2,0.9003757908844284
short,2,-2,0.09962420911557153
