isLong,bias0,bias1,prob
long,10,-10,0.997867797154007
short,10,-10,0.002132202845993687
