isLong,bias0,bias1,prob
long,2,-2,0.5996733399097107
short,2,-2,0.40032666009028944
