isLong,bias0,bias1,prob
long,5,-5,0.4521133986318995
short,5,-5,0.5478866013681006
