isLong,bias0,bias1,prob
long,5,-5,0.701242142200236
short,5,-5,0.29875785779976366
