isLong,bias0,bias1,prob
long,10,-10,0.9936570143672969
short,10,-10,0.006342985632702894
