isLong,bias0,bias1,prob
long,10,-10,0.9667058239447125
short,10,-10,0.033294176055287526
