isLong,bias0,bias1,prob
long,5,-5,0.6719469128867179
short,5,-5,0.32805308711328185
