isLong,bias0,bias1,prob
long,5,-5,0.8996122991682434
short,5,-5,0.10038770083175654
