isLong,bias0,bias1,prob
long,5,-5,0.9775815688032253
short,5,-5,0.022418431196774884
