isLong,bias0,bias1,prob
long,10,-10,0.968215712313439
short,10,-10,0.0317842876865612
