isLong,bias0,bias1,prob
long,5,-5,0.9072758977283745
short,5,-5,0.09272410227162578
