isLong,bias0,bias1,prob
long,2,-2,0.5788486519109273
short,2,-2,0.4211513480890726
