isLong,bias0,bias1,prob
long,2,-2,0.9154610037661721
short,2,-2,0.08453899623382725
