isLong,bias0,bias1,prob
long,2,-2,0.9604596038864183
short,2,-2,0.03954039611358218
