isLong,bias0,bias1,prob
long,5,-5,0.03368686641024678
short,5,-5,0.9663131335897536
