isLong,bias0,bias1,prob
long,2,-2,0.7640796830880788
short,2,-2,0.23592031691192086
