isLong,bias0,bias1,prob
long,2,-2,0.9453977007533918
short,2,-2,0.05460229924660867
