isLong,bias0,bias1,prob
long,2,-2,0.6337477032422054
short,2,-2,0.36625229675779475
