isLong,bias0,bias1,prob
long,5,-5,0.9135568083952232
short,5,-5,0.08644319160477615
