isLong,bias0,bias1,prob
long,10,-10,0.9989126916262864
short,10,-10,0.0010873083737133902
