isLong,bias0,bias1,prob
long,2,-2,0.7808922531312797
short,2,-2,0.21910774686872034
