isLong,bias0,bias1,prob
long,10,-10,0.9999497512989972
short,10,-10,0.00005024870100323138
