isLong,bias0,bias1,prob
long,5,-5,0.47587311348735967
short,5,-5,0.52412688651264
