isLong,bias0,bias1,prob
long,5,-5,0.9720247076042756
short,5,-5,0.027975292395723796
