isLong,bias0,bias1,prob
long,2,-2,0.6532129843985639
short,2,-2,0.3467870156014357
