isLong,bias0,bias1,prob
long,5,-5,0.9747154484116505
short,5,-5,0.02528455158834915
