isLong,bias0,bias1,prob
long,5,-5,0.9871156432554212
short,5,-5,0.012884356744578506
