isLong,bias0,bias1,prob
long,5,-5,0.587779985393091
short,5,-5,0.41222001460690877
