isLong,bias0,bias1,prob
long,2,-2,0.8742853888769238
short,2,-2,0.1257146111230765
