isLong,bias0,bias1,prob
long,2,-2,0.4832472540733339
short,2,-2,0.516752745926666
