isLong,bias0,bias1,prob
long,5,-5,0.5306406859361129
short,5,-5,0.46935931406388665
