isLong,bias0,bias1,prob
long,10,-10,0.9831483436435792
short,10,-10,0.016851656356420382
