isLong,bias0,bias1,prob
long,2,-2,0.7082953376360872
short,2,-2,0.29170466236391285
