isLong,bias0,bias1,prob
long,2,-2,0.17081421445159575
short,2,-2,0.8291857855484044
