isLong,bias0,bias1,prob
long,5,-5,0.8939596426616856
short,5,-5,0.10604035733831417
