isLong,bias0,bias1,prob
long,2,-2,0.798632686000329
short,2,-2,0.20136731399967073
