isLong,bias0,bias1,prob
long,2,-2,0.6750705128487586
short,2,-2,0.3249294871512409
