isLong,bias0,bias1,prob
long,2,-2,0.9086252103361457
short,2,-2,0.09137478966385415
