isLong,bias0,bias1,prob
long,2,-2,0.6499663345339017
short,2,-2,0.35003366546609804
