isLong,bias0,bias1,prob
long,5,-5,0.4744913244660027
short,5,-5,0.5255086755339973
