isLong,bias0,bias1,prob
long,5,-5,0.6619172368658546
short,5,-5,0.3380827631341452
