isLong,bias0,bias1,prob
long,5,-5,0.2204380678251107
short,5,-5,0.7795619321748896
