isLong,bias0,bias1,prob
long,10,-10,0.9015516785156085
short,10,-10,0.09844832148439117
