isLong,bias0,bias1,prob
long,5,-5,0.3443104380008928
short,5,-5,0.6556895619991077
