isLong,bias0,bias1,prob
long,2,-2,0.7623339033725046
short,2,-2,0.23766609662749572
