isLong,bias0,bias1,prob
long,2,-2,0.9838662128548933
short,2,-2,0.0161337871451067
