isLong,bias0,bias1,prob
long,10,-10,0.8932405502466115
short,10,-10,0.10675944975338836
