isLong,bias0,bias1,prob
long,5,-5,0.6913194854165505
short,5,-5,0.3086805145834155
