isLong,bias0,bias1,prob
long,2,-2,0.9501786815625478
short,2,-2,0.04982131843745182
