isLong,bias0,bias1,prob
long,10,-10,0.43444880249195994
short,10,-10,0.565551197508025
