isLong,bias0,bias1,prob
long,5,-5,0.8609691862181541
short,5,-5,0.13903081378184604
