isLong,bias0,bias1,prob
long,10,-10,0.3301853376702328
short,10,-10,0.6698146623297672
