isLong,bias0,bias1,prob
long,2,-2,0.667511930582906
short,2,-2,0.33248806941709386
