isLong,bias0,bias1,prob
long,10,-10,0.9834581257113696
short,10,-10,0.016541874288630354
