isLong,bias0,bias1,prob
long,2,-2,0.5019968672881565
short,2,-2,0.4980031327118432
