isLong,bias0,bias1,prob
long,10,-10,0.9974514531934158
short,10,-10,0.002548546806584536
