isLong,bias0,bias1,prob
long,2,-2,0.2048714233553927
short,2,-2,0.7951285766446078
