isLong,bias0,bias1,prob
long,2,-2,0.8961133011384345
short,2,-2,0.10388669886156528
