isLong,bias0,bias1,prob
long,10,-10,0.9999116741819251
short,10,-10,0.00008832581807496087
