isLong,bias0,bias1,prob
long,10,-10,0.5128461838398151
short,10,-10,0.48715381616018494
