isLong,bias0,bias1,prob
long,2,-2,0.9025628188997419
short,2,-2,0.09743718110025834
