isLong,bias0,bias1,prob
long,2,-2,0.8683919760068832
short,2,-2,0.13160802399311716
