isLong,bias0,bias1,prob
long,10,-10,0.9837783911740631
short,10,-10,0.016221608825937033
