isLong,bias0,bias1,prob
long,2,-2,0.9039781039836331
short,2,-2,0.09602189601636678
