isLong,bias0,bias1,prob
long,10,-10,0.9712829407459382
short,10,-10,0.028717059254061338
