isLong,bias0,bias1,prob
long,2,-2,0.6924989291501275
short,2,-2,0.3075010708498724
