isLong,bias0,bias1,prob
long,5,-5,0.9965876523539305
short,5,-5,0.003412347646068856
