isLong,bias0,bias1,prob
long,10,-10,0.26302472394683035
short,10,-10,0.7369752760531697
