isLong,bias0,bias1,prob
long,5,-5,0.33310366640018985
short,5,-5,0.6668963335998102
