isLong,bias0,bias1,prob
long,10,-10,0.6677509512884485
short,10,-10,0.3322490487115517
