isLong,bias0,bias1,prob
long,10,-10,0.7311395381615102
short,10,-10,0.2688604618384901
