isLong,bias0,bias1,prob
long,10,-10,0.586589464149772
short,10,-10,0.41341053585022813
