isLong,bias0,bias1,prob
long,2,-2,0.6166950252043651
short,2,-2,0.3833049747956352
