isLong,bias0,bias1,prob
long,10,-10,0.7742726771349717
short,10,-10,0.22572732286502786
