isLong,bias0,bias1,prob
long,2,-2,0.5328061080037035
short,2,-2,0.4671938919962969
