isLong,bias0,bias1,prob
long,2,-2,0.7358133196343676
short,2,-2,0.2641866803656328
