isLong,bias0,bias1,prob
long,5,-5,0.5807642472002682
short,5,-5,0.4192357527997324
