isLong,bias0,bias1,prob
long,5,-5,0.7541672375432982
short,5,-5,0.24583276245670174
