isLong,bias0,bias1,prob
long,10,-10,0.9944732797558624
short,10,-10,0.005526720244138286
