isLong,bias0,bias1,prob
long,10,-10,0.4614773571710194
short,10,-10,0.5385226428289808
