isLong,bias0,bias1,prob
long,5,-5,0.37520514837534313
short,5,-5,0.6247948516246569
