isLong,bias0,bias1,prob
long,10,-10,0.9943631816844347
short,10,-10,0.0056368183155653525
