isLong,bias0,bias1,prob
long,2,-2,0.4240525547989724
short,2,-2,0.5759474452010274
