isLong,bias0,bias1,prob
long,10,-10,0.0007940130048471521
short,10,-10,0.9992059869951526
