isLong,bias0,bias1,prob
long,2,-2,0.4353793213248538
short,2,-2,0.5646206786751459
