isLong,bias0,bias1,prob
long,5,-5,0.016594482920363175
short,5,-5,0.9834055170796369
