isLong,bias0,bias1,prob
long,2,-2,0.5819118520173672
short,2,-2,0.4180881479826333
