isLong,bias0,bias1,prob
long,2,-2,0.765849625367206
short,2,-2,0.2341503746327943
