isLong,bias0,bias1,prob
long,5,-5,0.27817445692368425
short,5,-5,0.7218255430763159
