isLong,bias0,bias1,prob
long,2,-2,0.7396134026165013
short,2,-2,0.2603865973834988
