isLong,bias0,bias1,prob
long,5,-5,0.9882155287914554
short,5,-5,0.011784471208544726
