isLong,bias0,bias1,prob
long,2,-2,0.42168554141930475
short,2,-2,0.5783144585806953
