isLong,bias0,bias1,prob
long,2,-2,0.8076843951181251
short,2,-2,0.1923156048818751
