isLong,bias0,bias1,prob
long,5,-5,0.9862662401251417
short,5,-5,0.013733759874858037
