isLong,bias0,bias1,prob
long,10,-10,0.0002936889291805363
short,10,-10,0.9997063110708193
