isLong,bias0,bias1,prob
long,5,-5,0.6470144114671481
short,5,-5,0.3529855885328517
