isLong,bias0,bias1,prob
long,5,-5,0.9177022814493803
short,5,-5,0.08229771855061942
