isLong,bias0,bias1,prob
long,5,-5,0.2506668031663188
short,5,-5,0.7493331968336815
