isLong,bias0,bias1,prob
long,2,-2,0.948646825772631
short,2,-2,0.05135317422736867
