isLong,bias0,bias1,prob
long,5,-5,0.9170243392461087
short,5,-5,0.0829756607538906
