isLong,bias0,bias1,prob
long,2,-2,0.7920953750374892
short,2,-2,0.20790462496251044
