isLong,bias0,bias1,prob
long,2,-2,0.8835837560502998
short,2,-2,0.1164162439497003
