isLong,bias0,bias1,prob
long,2,-2,0.8498082554584148
short,2,-2,0.150191744541585
