isLong,bias0,bias1,prob
long,5,-5,0.5166268830285096
short,5,-5,0.48337311697149016
