isLong,bias0,bias1,prob
long,2,-2,0.8620079908508805
short,2,-2,0.1379920091491196
