isLong,bias0,bias1,prob
long,2,-2,0.8391033897075428
short,2,-2,0.16089661029245733
