isLong,bias0,bias1,prob
long,5,-5,0.47785500613534493
short,5,-5,0.522144993864655
