isLong,bias0,bias1,prob
long,10,-10,0.7835549499012473
short,10,-10,0.21644505009875217
