isLong,bias0,bias1,prob
long,5,-5,0.6013127134597078
short,5,-5,0.39868728654029195
