isLong,bias0,bias1,prob
long,10,-10,0.9999940686538294
short,10,-10,0.000005931346170969671
