isLong,bias0,bias1,prob
long,2,-2,0.3920111414645042
short,2,-2,0.6079888585354961
