isLong,bias0,bias1,prob
long,5,-5,0.6195094092705402
short,5,-5,0.3804905907294598
