isLong,bias0,bias1,prob
long,10,-10,0.9307756968756654
short,10,-10,0.06922430312433528
