isLong,bias0,bias1,prob
long,5,-5,0.41378375816054835
short,5,-5,0.5862162418394379
