isLong,bias0,bias1,prob
long,5,-5,0.9703257689624653
short,5,-5,0.029674231037534925
