isLong,bias0,bias1,prob
long,2,-2,0.46210315156658094
short,2,-2,0.537896848433419
