isLong,bias0,bias1,prob
long,10,-10,0.8517716854865847
short,10,-10,0.14822831451341523
