isLong,bias0,bias1,prob
long,5,-5,0.5605108299455135
short,5,-5,0.43948917005448623
