isLong,bias0,bias1,prob
long,5,-5,0.437743853599067
short,5,-5,0.5622561464009334
