isLong,bias0,bias1,prob
long,2,-2,0.26474651917750514
short,2,-2,0.7352534808224946
