isLong,bias0,bias1,prob
long,10,-10,0.43414924937248256
short,10,-10,0.5658507506275172
