isLong,bias0,bias1,prob
long,10,-10,0.9972253988009965
short,10,-10,0.002774601199002684
