isLong,bias0,bias1,prob
long,2,-2,0.138568735494758
short,2,-2,0.8614312645052423
