isLong,bias0,bias1,prob
long,10,-10,0.19870046745982595
short,10,-10,0.8012995325401744
