isLong,bias0,bias1,prob
long,10,-10,0.9999984210680792
short,10,-10,0.0000015789319213851458
