isLong,bias0,bias1,prob
long,2,-2,0.8345119311516798
short,2,-2,0.16548806884832032
