isLong,bias0,bias1,prob
long,2,-2,0.505358543241942
short,2,-2,0.4946414567580579
