isLong,bias0,bias1,prob
long,2,-2,0.7071438166263211
short,2,-2,0.2928561833736543
