isLong,bias0,bias1,prob
long,5,-5,0.9929411753484472
short,5,-5,0.007058824651552841
