isLong,bias0,bias1,prob
long,5,-5,0.7251996392228754
short,5,-5,0.2748003607771247
