isLong,bias0,bias1,prob
long,5,-5,0.550518285844596
short,5,-5,0.44948171415540417
