isLong,bias0,bias1,prob
long,10,-10,0.08759856897381556
short,10,-10,0.9124014310261841
