isLong,bias0,bias1,prob
long,5,-5,0.42156755618000125
short,5,-5,0.5784324438199985
