isLong,bias0,bias1,prob
long,2,-2,0.35161369433482026
short,2,-2,0.6483863056651795
