isLong,bias0,bias1,prob
long,10,-10,0.42046921060939907
short,10,-10,0.579530789390601
