isLong,bias0,bias1,prob
long,5,-5,0.29418017848562894
short,5,-5,0.7058198215143712
