isLong,bias0,bias1,prob
long,10,-10,0.9814379074849606
short,10,-10,0.01856209251503998
