isLong,bias0,bias1,prob
long,5,-5,0.873041420785779
short,5,-5,0.1269585792142209
