isLong,bias0,bias1,prob
long,2,-2,0.9677686614891412
short,2,-2,0.032231338510858146
