isLong,bias0,bias1,prob
long,5,-5,0.34025590605182027
short,5,-5,0.6597440939481796
