isLong,bias0,bias1,prob
long,5,-5,0.9600551881054915
short,5,-5,0.0399448118945088
