isLong,bias0,bias1,prob
long,2,-2,0.5397438355321396
short,2,-2,0.4602561644678603
