isLong,bias0,bias1,prob
long,5,-5,0.9983535976373223
short,5,-5,0.001646402362677506
