isLong,bias0,bias1,prob
long,5,-5,0.5965054248084701
short,5,-5,0.4034945751915298
