isLong,bias0,bias1,prob
long,5,-5,0.753181615381861
short,5,-5,0.2468183846181393
