isLong,bias0,bias1,prob
long,10,-10,0.10772682083378579
short,10,-10,0.8922731791662141
