isLong,bias0,bias1,prob
long,5,-5,0.11233072068179488
short,5,-5,0.8876692793182049
