isLong,bias0,bias1,prob
long,2,-2,0.7509759228175128
short,2,-2,0.2490240771824874
