isLong,bias0,bias1,prob
long,5,-5,0.8349541213025915
short,5,-5,0.16504587869740878
