isLong,bias0,bias1,prob
long,10,-10,0.9465739150521582
short,10,-10,0.05342608494784161
