isLong,bias0,bias1,prob
long,5,-5,0.9837215373988448
short,5,-5,0.01627846260115474
