isLong,bias0,bias1,prob
long,10,-10,0.40693515367108146
short,10,-10,0.5930648463289182
