isLong,bias0,bias1,prob
long,5,-5,0.8822011602513821
short,5,-5,0.11779883974861768
