isLong,bias0,bias1,prob
long,2,-2,0.37833362081251726
short,2,-2,0.621666379187483
