isLong,bias0,bias1,prob
long,5,-5,0.44883910096221086
short,5,-5,0.551160899037789
