isLong,bias0,bias1,prob
long,2,-2,0.8512593353862812
short,2,-2,0.14874066461371924
