isLong,bias0,bias1,prob
long,10,-10,0.6547783070488433
short,10,-10,0.3452216929511355
