isLong,bias0,bias1,prob
long,2,-2,0.44211398155032866
short,2,-2,0.5578860184496716
