isLong,bias0,bias1,prob
long,10,-10,0.6136893769919934
short,10,-10,0.3863106230080061
