isLong,bias0,bias1,prob
long,5,-5,0.6139213042375279
short,5,-5,0.3860786957624721
