isLong,bias0,bias1,prob
long,10,-10,0.9966517410354729
short,10,-10,0.003348258964527152
