isLong,bias0,bias1,prob
long,2,-2,0.2819369486239095
short,2,-2,0.7180630513760906
