isLong,bias0,bias1,prob
long,10,-10,0.0003255469073719558
short,10,-10,0.9996744530926279
