isLong,bias0,bias1,prob
long,2,-2,0.6056942255749754
short,2,-2,0.3943057744250248
