isLong,bias0,bias1,prob
long,2,-2,0.27464558448078535
short,2,-2,0.7253544155192149
