isLong,bias0,bias1,prob
long,5,-5,0.36427880118495787
short,5,-5,0.6357211988150422
