isLong,bias0,bias1,prob
long,10,-10,0.9991682019539874
short,10,-10,0.0008317980460126765
