isLong,bias0,bias1,prob
long,2,-2,0.8067871710543724
short,2,-2,0.19321282894562722
