isLong,bias0,bias1,prob
long,10,-10,0.03354124845754744
short,10,-10,0.9664587515424531
