isLong,bias0,bias1,prob
long,5,-5,0.6724529532177299
short,5,-5,0.32754704678227
