isLong,bias0,bias1,prob
long,5,-5,0.3864901995901041
short,5,-5,0.6135098004098961
