isLong,bias0,bias1,prob
long,2,-2,0.5985517112504493
short,2,-2,0.4014482887495505
