isLong,bias0,bias1,prob
long,5,-5,0.8326733150173238
short,5,-5,0.16732668498267655
