isLong,bias0,bias1,prob
long,10,-10,0.9996719835321707
short,10,-10,0.00032801646783027656
