isLong,bias0,bias1,prob
long,2,-2,0.7255619621637744
short,2,-2,0.27443803783622595
