isLong,bias0,bias1,prob
long,2,-2,0.24961941032242507
short,2,-2,0.750380589677575
