isLong,bias0,bias1,prob
long,5,-5,0.6126372231791727
short,5,-5,0.387362776820827
