isLong,bias0,bias1,prob
long,2,-2,0.5422987301018828
short,2,-2,0.4577012698981174
