isLong,bias0,bias1,prob
long,5,-5,0.9900613425256726
short,5,-5,0.009938657474328146
