isLong,bias0,bias1,prob
long,2,-2,0.042812245874681354
short,2,-2,0.9571877541253191
