isLong,bias0,bias1,prob
long,5,-5,0.03324281867741656
short,5,-5,0.9667571813225834
