isLong,bias0,bias1,prob
long,10,-10,0.28968170591277886
short,10,-10,0.7103182940872523
