isLong,bias0,bias1,prob
long,2,-2,0.8530911274745507
short,2,-2,0.14690887252544896
