isLong,bias0,bias1,prob
long,5,-5,0.9452295572400924
short,5,-5,0.0547704427599074
