isLong,bias0,bias1,prob
long,10,-10,0.6956382437873609
short,10,-10,0.30436175621263917
