isLong,bias0,bias1,prob
long,5,-5,0.4894466680484523
short,5,-5,0.5105533319515478
