isLong,bias0,bias1,prob
long,5,-5,0.27733529823909636
short,5,-5,0.7226647017609039
