isLong,bias0,bias1,prob
long,5,-5,0.8429838674702226
short,5,-5,0.15701613252977725
