isLong,bias0,bias1,prob
long,10,-10,0.9955515697145957
short,10,-10,0.0044484302854042
