isLong,bias0,bias1,prob
long,2,-2,0.3199923026522626
short,2,-2,0.6800076973477374
