isLong,bias0,bias1,prob
long,5,-5,0.9654138486917484
short,5,-5,0.03458615130825208
