isLong,bias0,bias1,prob
long,10,-10,0.002086998359517982
short,10,-10,0.9979130016404303
