isLong,bias0,bias1,prob
long,5,-5,0.7585929248587182
short,5,-5,0.24140707514128207
