isLong,bias0,bias1,prob
long,10,-10,0.9953303224150662
short,10,-10,0.004669677584933239
