isLong,bias0,bias1,prob
long,10,-10,0.9959289146712668
short,10,-10,0.004071085328732571
