isLong,bias0,bias1,prob
long,10,-10,0.14665828031108558
short,10,-10,0.8533417196889143
