isLong,bias0,bias1,prob
long,5,-5,0.01423695623215031
short,5,-5,0.9857630437678494
