isLong,bias0,bias1,prob
long,10,-10,0.9908980083360183
short,10,-10,0.009101991663981696
