isLong,bias0,bias1,prob
long,5,-5,0.97680921910506
short,5,-5,0.023190780894940432
