isLong,bias0,bias1,prob
long,2,-2,0.5024708223353722
short,2,-2,0.49752917766462734
