isLong,bias0,bias1,prob
long,2,-2,0.47112130796604007
short,2,-2,0.5288786920339599
