isLong,bias0,bias1,prob
long,5,-5,0.6719201508694639
short,5,-5,0.32807984913053606
