isLong,bias0,bias1,prob
long,10,-10,0.5128461838395194
short,10,-10,0.48715381616043935
