isLong,bias0,bias1,prob
long,5,-5,0.6603526165660154
short,5,-5,0.339647383433985
