isLong,bias0,bias1,prob
long,10,-10,0.9912649299127254
short,10,-10,0.008735070087274376
