isLong,bias0,bias1,prob
long,2,-2,0.6680070929237891
short,2,-2,0.3319929070762105
