isLong,bias0,bias1,prob
long,5,-5,0.9405151879385943
short,5,-5,0.05948481206140524
