isLong,bias0,bias1,prob
long,10,-10,0.5677321287478524
short,10,-10,0.4322678712521475
