isLong,bias0,bias1,prob
long,2,-2,0.3569901909917616
short,2,-2,0.6430098090082383
