isLong,bias0,bias1,prob
long,5,-5,0.4419504595239883
short,5,-5,0.5580495404760117
