isLong,bias0,bias1,prob
long,5,-5,0.9660875906224063
short,5,-5,0.03391240937759312
