isLong,bias0,bias1,prob
long,5,-5,0.3752051483757324
short,5,-5,0.6247948516242147
