isLong,bias0,bias1,prob
long,10,-10,0.9999990435597761
short,10,-10,9.56440223116441e-7
