isLong,bias0,bias1,prob
long,5,-5,0.9916956479643403
short,5,-5,0.00830435203565944
