isLong,bias0,bias1,prob
long,10,-10,0.061173959811974
short,10,-10,0.9388260401880256
