isLong,bias0,bias1,prob
long,10,-10,0.6589212642781
short,10,-10,0.3410787357219002
