isLong,bias0,bias1,prob
long,2,-2,0.7017696292861058
short,2,-2,0.29823037071389413
