isLong,bias0,bias1,prob
long,5,-5,0.6110774127469265
short,5,-5,0.3889225872530734
