isLong,bias0,bias1,prob
long,2,-2,0.9260113243856396
short,2,-2,0.07398867561436062
