isLong,bias0,bias1,prob
long,2,-2,0.09164638631659969
short,2,-2,0.9083536136834007
