isLong,bias0,bias1,prob
long,5,-5,0.5717604603647949
short,5,-5,0.42823953963520556
