isLong,bias0,bias1,prob
long,2,-2,0.21457025234325852
short,2,-2,0.7854297476567413
