isLong,bias0,bias1,prob
long,5,-5,0.4560721986625995
short,5,-5,0.5439278013374006
