isLong,bias0,bias1,prob
long,2,-2,0.7369620399320221
short,2,-2,0.2630379600679777
