isLong,bias0,bias1,prob
long,2,-2,0.5429853931901898
short,2,-2,0.45701460680981015
