isLong,bias0,bias1,prob
long,10,-10,0.9979371196232094
short,10,-10,0.0020628803767921977
