isLong,bias0,bias1,prob
long,2,-2,0.5758963826905402
short,2,-2,0.42410361730946
