isLong,bias0,bias1,prob
long,10,-10,0.5843908514275237
short,10,-10,0.41560914857247655
