isLong,bias0,bias1,prob
long,10,-10,0.46690729256240726
short,10,-10,0.5330927074375926
