isLong,bias0,bias1,prob
long,10,-10,0.9404344581409545
short,10,-10,0.059565541859045536
