isLong,bias0,bias1,prob
long,5,-5,0.8901944903093856
short,5,-5,0.10980550969061359
