isLong,bias0,bias1,prob
long,10,-10,0.2471068035726156
short,10,-10,0.7528931964273846
