isLong,bias0,bias1,prob
long,5,-5,0.6913194854165554
short,5,-5,0.30868051458344453
