isLong,bias0,bias1,prob
long,10,-10,0.9247696088376769
short,10,-10,0.07523039116232288
