isLong,bias0,bias1,prob
long,2,-2,0.3598729535515708
short,2,-2,0.6401270464484295
