isLong,bias0,bias1,prob
long,10,-10,0.14140366546960714
short,10,-10,0.8585963345303937
