isLong,bias0,bias1,prob
long,5,-5,0.9976038780556067
short,5,-5,0.00239612194439403
