isLong,bias0,bias1,prob
long,10,-10,0.9994778724832666
short,10,-10,0.000522127516732705
