isLong,bias0,bias1,prob
long,5,-5,0.9323215253755442
short,5,-5,0.0676784746244557
