isLong,bias0,bias1,prob
long,10,-10,0.1956052140523879
short,10,-10,0.8043947859476123
