isLong,bias0,bias1,prob
long,10,-10,0.1754633250554622
short,10,-10,0.8245366749445381
