isLong,bias0,bias1,prob
long,5,-5,0.9854649758184222
short,5,-5,0.014535024181577212
