isLong,bias0,bias1,prob
long,5,-5,0.30191806297886753
short,5,-5,0.6980819370211325
