isLong,bias0,bias1,prob
long,5,-5,0.8730590902744428
short,5,-5,0.12694090972555672
