isLong,bias0,bias1,prob
long,2,-2,0.4179414696119486
short,2,-2,0.5820585303880518
