isLong,bias0,bias1,prob
long,5,-5,0.06928594248785828
short,5,-5,0.9307140575121415
