isLong,bias0,bias1,prob
long,2,-2,0.03858350178354502
short,2,-2,0.9614164982164553
