isLong,bias0,bias1,prob
long,5,-5,0.014006020711552658
short,5,-5,0.9859939792884476
