isLong,bias0,bias1,prob
long,5,-5,0.5554719081724808
short,5,-5,0.444528091827519
