isLong,bias0,bias1,prob
long,2,-2,0.23074528726152277
short,2,-2,0.7692547127384638
