isLong,bias0,bias1,prob
long,2,-2,0.7477267415196349
short,2,-2,0.2522732584803653
