isLong,bias0,bias1,prob
long,10,-10,0.9363643277962788
short,10,-10,0.06363567220372082
