isLong,bias0,bias1,prob
long,10,-10,0.038224205830315924
short,10,-10,0.9617757941696848
