isLong,bias0,bias1,prob
long,5,-5,0.36479666177682646
short,5,-5,0.6352033382231732
