isLong,bias0,bias1,prob
long,5,-5,0.2053845740820051
short,5,-5,0.7946154259179956
