isLong,bias0,bias1,prob
long,5,-5,0.7900362489763564
short,5,-5,0.209963751023643
