isLong,bias0,bias1,prob
long,5,-5,0.9821405855223507
short,5,-5,0.017859414477648407
