isLong,bias0,bias1,prob
long,2,-2,0.8705852800032006
short,2,-2,0.12941471999679927
