isLong,bias0,bias1,prob
long,5,-5,0.9799444383027793
short,5,-5,0.0200555616972203
