isLong,bias0,bias1,prob
long,10,-10,0.9999986441944618
short,10,-10,0.0000013558055390388505
