isLong,bias0,bias1,prob
long,5,-5,0.9502377174625125
short,5,-5,0.04976228253748713
