isLong,bias0,bias1,prob
long,5,-5,0.006449525405736387
short,5,-5,0.9935504745942638
