isLong,bias0,bias1,prob
long,10,-10,0.5110058339002469
short,10,-10,0.48899416609975344
