isLong,bias0,bias1,prob
long,5,-5,0.5071893286168174
short,5,-5,0.4928106713831835
