isLong,bias0,bias1,prob
long,2,-2,0.03870316873153273
short,2,-2,0.9612968312684671
