isLong,bias0,bias1,prob
long,2,-2,0.13480189006607174
short,2,-2,0.8651981099339285
