isLong,bias0,bias1,prob
long,10,-10,0.004950572647309212
short,10,-10,0.9950494273526909
