isLong,bias0,bias1,prob
long,10,-10,0.8748443352137395
short,10,-10,0.12515566478626103
