isLong,bias0,bias1,prob
long,10,-10,0.9998679242865623
short,10,-10,0.0001320757134371493
