isLong,bias0,bias1,prob
long,2,-2,0.897441061769342
short,2,-2,0.1025589382306583
