isLong,bias0,bias1,prob
long,2,-2,0.760648150065208
short,2,-2,0.23935184993479183
