isLong,bias0,bias1,prob
long,10,-10,0.0020869983595179983
short,10,-10,0.9979130016404817
