isLong,bias0,bias1,prob
long,5,-5,0.09578009965489934
short,5,-5,0.9042199003451004
