isLong,bias0,bias1,prob
long,5,-5,0.32317861677581505
short,5,-5,0.6768213832241851
