isLong,bias0,bias1,prob
long,5,-5,0.9945071311851329
short,5,-5,0.005492868814866554
