isLong,bias0,bias1,prob
long,2,-2,0.5993271150556388
short,2,-2,0.40067288494436104
