isLong,bias0,bias1,prob
long,5,-5,0.956108265390256
short,5,-5,0.043891734609744604
