isLong,bias0,bias1,prob
long,10,-10,0.9999735486015504
short,10,-10,0.000026451398449799516
