isLong,bias0,bias1,prob
long,5,-5,0.9968193391552165
short,5,-5,0.003180660844783383
