isLong,bias0,bias1,prob
long,5,-5,0.9911871479562522
short,5,-5,0.008812852043747573
