isLong,bias0,bias1,prob
long,2,-2,0.2673143492827692
short,2,-2,0.7326856507172306
