isLong,bias0,bias1,prob
long,5,-5,0.028680862526953357
short,5,-5,0.9713191374730463
