isLong,bias0,bias1,prob
long,2,-2,0.1930672510193083
short,2,-2,0.8069327489806919
