isLong,bias0,bias1,prob
long,10,-10,0.13457503823072153
short,10,-10,0.8654249617692793
