isLong,bias0,bias1,prob
false,1,0,0.13
false,1,-1,0.14
true,1,-1,0.10000000000000002
true,5,-1,0.11000000000000001
true,5,5,0.05
true,5,0,0.020000000000000004
true,5,1,0.029999999999999995
true,-5,1,0.029999999999999995
true,-5,-5,0.10000000000000002
true,0,-5,0.029999999999999995
true,-1,-5,0.010000000000000005
true,-1,0,0.04000000000000001
false,-1,0,0.020000000000000004
true,1,0,0.19
