isLong,bias0,bias1,prob
long,2,-2,0.677394221594229
short,2,-2,0.322605778405771
