isLong,bias0,bias1,prob
long,10,-10,0.9999970218361415
short,10,-10,0.0000029781638582555
