isLong,bias0,bias1,prob
long,10,-10,0.4635111760511985
short,10,-10,0.5364888239488023
