isLong,bias0,bias1,prob
long,10,-10,0.998463111929511
short,10,-10,0.0015368880704889891
