isLong,bias0,bias1,prob
long,2,-2,0.938506732422091
short,2,-2,0.061493267577909565
