isLong,bias0,bias1,prob
long,5,-5,0.06928594248786524
short,5,-5,0.9307140575121452
