isLong,bias0,bias1,prob
long,2,-2,0.27523135220531536
short,2,-2,0.7247686477946849
