isLong,bias0,bias1,prob
long,5,-5,0.7497170400475086
short,5,-5,0.25028295995249145
