isLong,bias0,bias1,prob
long,10,-10,0.0006390137669529941
short,10,-10,0.9993609862330467
