isLong,bias0,bias1,prob
long,10,-10,0.00011897102072977561
short,10,-10,0.99988102897927
