isLong,bias0,bias1,prob
long,10,-10,0.00022191662094244246
short,10,-10,0.9997780833790576
