isLong,bias0,bias1,prob
long,2,-2,0.5059676739573604
short,2,-2,0.49403232604264
