isLong,bias0,bias1,prob
long,2,-2,0.193252908085194
short,2,-2,0.8067470919148059
