isLong,bias0,bias1,prob
long,5,-5,0.00539465610677561
short,5,-5,0.9946053438932245
