isLong,bias0,bias1,prob
long,5,-5,0.3303823459217192
short,5,-5,0.6696176540782816
