isLong,bias0,bias1,prob
long,2,-2,0.2591228675504636
short,2,-2,0.740877132449536
