isLong,bias0,bias1,prob
true,1,1,0.04000000000000001
true,-1,1,0.06
false,-1,1,0.020000000000000004
true,-1,5,0.14
false,-1,5,0.06
true,-1,-5,0.04000000000000001
false,-1,-5,0.10000000000000002
false,-1,0,0.07999999999999999
false,5,0,0.06
false,-5,0,0.15
true,5,0,0.020000000000000004
false,1,0,0.12000000000000001
false,1,5,0.04000000000000001
false,1,-5,0.020000000000000004
false,5,-5,0.05
