isLong,bias0,bias1,prob
long,10,-10,0.5523289724352125
short,10,-10,0.44767102756478633
