isLong,bias0,bias1,prob
long,10,-10,0.00038496848211621963
short,10,-10,0.9996150315178841
