isLong,bias0,bias1,prob
long,5,-5,0.9812748878594902
short,5,-5,0.018725112140509377
