isLong,bias0,bias1,prob
long,10,-10,0.0015379217218300391
short,10,-10,0.9984620782781698
