isLong,bias0,bias1,prob
long,2,-2,0.7554368000181764
short,2,-2,0.24456319998182355
