isLong,bias0,bias1,prob
long,5,-5,0.9527863469572381
short,5,-5,0.047213653042761386
