isLong,bias0,bias1,prob
long,10,-10,0.9891909667655457
short,10,-10,0.01080903323445477
