isLong,bias0,bias1,prob
long,10,-10,0.003663791561185907
short,10,-10,0.9963362084388143
