isLong,bias0,bias1,prob
long,10,-10,0.9998197316383864
short,10,-10,0.000180268361614149
