isLong,bias0,bias1,prob
long,10,-10,0.9999731597423108
short,10,-10,0.000026840257689193823
