isLong,bias0,bias1,prob
long,2,-2,0.8607260636027936
short,2,-2,0.13927393639720662
