isLong,bias0,bias1,prob
long,2,-2,0.8138312492299975
short,2,-2,0.18616875077000206
