isLong,bias0,bias1,prob
long,2,-2,0.13462748142105352
short,2,-2,0.865372518578946
