isLong,bias0,bias1,prob
long,5,-5,0.054584284606572164
short,5,-5,0.9454157153934276
