isLong,bias0,bias1,prob
long,2,-2,0.9096650971070669
short,2,-2,0.09033490289293308
