isLong,bias0,bias1,prob
long,2,-2,0.08334607161521854
short,2,-2,0.9166539283847812
