isLong,bias0,bias1,prob
long,2,-2,0.6811131045918817
short,2,-2,0.31888689540811854
