isLong,bias0,bias1,prob
long,10,-10,0.9997932993426193
short,10,-10,0.00020670065738027894
