isLong,bias0,bias1,prob
long,5,-5,0.05451956394106672
short,5,-5,0.9454804360589337
