isLong,bias0,bias1,prob
long,5,-5,0.8804152969071336
short,5,-5,0.1195847030928668
