isLong,bias0,bias1,prob
long,2,-2,0.19987483669026027
short,2,-2,0.8001251633097399
