isLong,bias0,bias1,prob
long,10,-10,0.9979925608712518
short,10,-10,0.002007439128748624
