isLong,bias0,bias1,prob
long,5,-5,0.030569475121384478
short,5,-5,0.9694305248786155
