isLong,bias0,bias1,prob
long,2,-2,0.33547992448895125
short,2,-2,0.6645200755110487
