isLong,bias0,bias1,prob
long,10,-10,0.4390936698215847
short,10,-10,0.5609063301784148
