isLong,bias0,bias1,prob
long,5,-5,0.18564944783872583
short,5,-5,0.8143505521612745
