isLong,bias0,bias1,prob
long,10,-10,0.004950572647310627
short,10,-10,0.995049427352728
