isLong,bias0,bias1,prob
long,10,-10,0.999986400769782
short,10,-10,0.000013599230217691413
