isLong,bias0,bias1,prob
long,2,-2,0.8096806820899133
short,2,-2,0.19031931791008652
