isLong,bias0,bias1,prob
long,5,-5,0.8962475238172549
short,5,-5,0.10375247618274477
