isLong,bias0,bias1,prob
long,2,-2,0.34172970998611685
short,2,-2,0.658270290013883
