isLong,bias0,bias1,prob
long,10,-10,0.0032383550484797585
short,10,-10,0.9967616449515201
