isLong,bias0,bias1,prob
long,10,-10,0.9985894892334516
short,10,-10,0.0014105107665474857
