isLong,bias0,bias1,prob
long,5,-5,0.5225865628694205
short,5,-5,0.4774134371305793
