isLong,bias0,bias1,prob
long,10,-10,0.0010926381914065537
short,10,-10,0.9989073618085932
