isLong,bias0,bias1,prob
long,5,-5,0.9922160595326082
short,5,-5,0.007783940467391926
