isLong,bias0,bias1,prob
long,2,-2,0.512553418385334
short,2,-2,0.48744658161466586
