isLong,bias0,bias1,prob
long,5,-5,0.9981392401505523
short,5,-5,0.0018607598494473003
