isLong,bias0,bias1,prob
long,2,-2,0.08309727808912043
short,2,-2,0.9169027219108797
