isLong,bias0,bias1,prob
long,2,-2,0.8212105137007396
short,2,-2,0.17878948629926
