isLong,bias0,bias1,prob
long,10,-10,0.9807954119023081
short,10,-10,0.019204588097691218
