isLong,bias0,bias1,prob
long,10,-10,0.19093846166058373
short,10,-10,0.8090615383394154
