isLong,bias0,bias1,prob
long,2,-2,0.8280679616059017
short,2,-2,0.17193203839409787
