isLong,bias0,bias1,prob
long,10,-10,0.9999368860968824
short,10,-10,0.00006311390311771661
