isLong,bias0,bias1,prob
long,5,-5,0.9976003129439976
short,5,-5,0.0023996870560029286
