isLong,bias0,bias1,prob
long,5,-5,0.41313291995852985
short,5,-5,0.5868670800414699
