isLong,bias0,bias1,prob
long,5,-5,0.9996504354738358
short,5,-5,0.0003495645261645813
