isLong,bias0,bias1,prob
long,5,-5,0.0579699480855425
short,5,-5,0.9420300519144575
