isLong,bias0,bias1,prob
long,10,-10,0.9749052832737548
short,10,-10,0.025094716726244668
