isLong,bias0,bias1,prob
long,10,-10,0.02753371495592267
short,10,-10,0.9724662850440771
