isLong,bias0,bias1,prob
long,5,-5,0.7022967759977559
short,5,-5,0.2977032240022443
