isLong,bias0,bias1,prob
long,2,-2,0.4964947616426131
short,2,-2,0.5035052383573873
