isLong,bias0,bias1,prob
long,10,-10,0.0721117257395819
short,10,-10,0.9278882742604181
