isLong,bias0,bias1,prob
long,2,-2,0.46837433634575343
short,2,-2,0.5316256636542468
