isLong,bias0,bias1,prob
long,5,-5,0.16459395457976028
short,5,-5,0.8354060454202399
