isLong,bias0,bias1,prob
long,10,-10,0.01293443614906183
short,10,-10,0.9870655638508902
