isLong,bias0,bias1,prob
long,5,-5,0.772495913862443
short,5,-5,0.22750408613755718
