isLong,bias0,bias1,prob
long,5,-5,0.6376953623361535
short,5,-5,0.36230463766384613
