isLong,bias0,bias1,prob
long,5,-5,0.15946316907428632
short,5,-5,0.8405368309257134
