isLong,bias0,bias1,prob
long,10,-10,0.6286215112021178
short,10,-10,0.37137848879788193
