isLong,bias0,bias1,prob
long,2,-2,0.2589061431194215
short,2,-2,0.7410938568805787
