isLong,bias0,bias1,prob
long,2,-2,0.3101933572050754
short,2,-2,0.6898066427949108
