isLong,bias0,bias1,prob
long,5,-5,0.9999291073806988
short,5,-5,0.00007089261930191045
