isLong,bias0,bias1,prob
long,5,-5,0.99230412021655
short,5,-5,0.00769587978344923
