isLong,bias0,bias1,prob
long,5,-5,0.13794483590653941
short,5,-5,0.8620551640934401
