isLong,bias0,bias1,prob
long,10,-10,0.9169841444178033
short,10,-10,0.083015855582195
