isLong,bias0,bias1,prob
long,10,-10,0.9999999981320471
short,10,-10,1.8679526823243e-9
