isLong,bias0,bias1,prob
long,2,-2,0.9913166064526591
short,2,-2,0.008683393547340632
