isLong,bias0,bias1,prob
long,10,-10,0.012934436149062173
short,10,-10,0.9870655638509376
