isLong,bias0,bias1,prob
long,10,-10,0.0004150237336333895
short,10,-10,0.9995849762663664
