isLong,bias0,bias1,prob
long,10,-10,0.9992792791750122
short,10,-10,0.0007207208249871129
