isLong,bias0,bias1,prob
long,2,-2,0.9706550740256887
short,2,-2,0.02934492597431072
