isLong,bias0,bias1,prob
long,10,-10,0.9999962968588142
short,10,-10,0.0000037031411864054843
