isLong,bias0,bias1,prob
long,5,-5,0.03401802993008515
short,5,-5,0.9659819700699146
