isLong,bias0,bias1,prob
long,5,-5,0.9306601963875167
short,5,-5,0.06933980361248288
