isLong,bias0,bias1,prob
long,10,-10,0.7351403837820087
short,10,-10,0.2648596162179919
