isLong,bias0,bias1,prob
long,10,-10,0.0024735700980584594
short,10,-10,0.9975264299019415
