isLong,bias0,bias1,prob
long,5,-5,0.8393388844079376
short,5,-5,0.1606611155920625
