isLong,bias0,bias1,prob
long,5,-5,0.10017455190153768
short,5,-5,0.8998254480984621
