isLong,bias0,bias1,prob
long,2,-2,0.4974145739407038
short,2,-2,0.5025854260592957
