isLong,bias0,bias1,prob
long,5,-5,0.9975321762381136
short,5,-5,0.0024678237618859893
