isLong,bias0,bias1,prob
long,5,-5,0.44726854857501697
short,5,-5,0.5527314514249829
