isLong,bias0,bias1,prob
long,5,-5,0.007788161080791269
short,5,-5,0.9922118389192089
