isLong,bias0,bias1,prob
long,10,-10,0.0011215997177966655
short,10,-10,0.9988784002822032
