isLong,bias0,bias1,prob
long,2,-2,0.5985869634660619
short,2,-2,0.40141303653393845
