isLong,bias0,bias1,prob
long,2,-2,0.19259397677846102
short,2,-2,0.807406023221539
