isLong,bias0,bias1,prob
long,5,-5,0.018432136938112586
short,5,-5,0.9815678630618869
