isLong,bias0,bias1,prob
long,2,-2,0.26934113044202407
short,2,-2,0.7306588695579759
