isLong,bias0,bias1,prob
long,5,-5,0.9994885406985711
short,5,-5,0.0005114593014280996
