isLong,bias0,bias1,prob
long,10,-10,0.9999973014840963
short,10,-10,0.000002698515903266288
