isLong,bias0,bias1,prob
long,5,-5,0.6630316268494411
short,5,-5,0.33696837315055883
