isLong,bias0,bias1,prob
long,10,-10,0.005226675140760705
short,10,-10,0.9947733248592391
