isLong,bias0,bias1,prob
long,2,-2,0.1339738764480152
short,2,-2,0.8660261235519846
