isLong,bias0,bias1,prob
long,10,-10,0.9996224815646685
short,10,-10,0.00037751843533211674
