isLong,bias0,bias1,prob
long,10,-10,0.027468471879486575
short,10,-10,0.9725315281205048
