isLong,bias0,bias1,prob
long,2,-2,0.5903194669489427
short,2,-2,0.409680533051057
