isLong,bias0,bias1,prob
long,5,-5,0.9735699316114506
short,5,-5,0.026430068388549093
