isLong,bias0,bias1,prob
long,5,-5,0.9999741320711578
short,5,-5,0.00002586792884269074
