isLong,bias0,bias1,prob
long,2,-2,0.3323607500072979
short,2,-2,0.6676392499927016
