isLong,bias0,bias1,prob
long,2,-2,0.8791705314923091
short,2,-2,0.12082946850769116
