isLong,bias0,bias1,prob
long,10,-10,0.7814926324557314
short,10,-10,0.21850736754426936
