isLong,bias0,bias1,prob
long,2,-2,0.6846924432552512
short,2,-2,0.31530755674474886
