isLong,bias0,bias1,prob
long,2,-2,0.8268242418928654
short,2,-2,0.17317575810713465
