isLong,bias0,bias1,prob
long,2,-2,0.588752976888256
short,2,-2,0.41124702311174377
