isLong,bias0,bias1,prob
long,5,-5,0.8800289650574736
short,5,-5,0.1199710349425267
