isLong,bias0,bias1,prob
long,2,-2,0.9199695463976075
short,2,-2,0.08003045360239228
