isLong,bias0,bias1,prob
long,10,-10,0.9999639696171634
short,10,-10,0.00003603038283717307
