isLong,bias0,bias1,prob
long,2,-2,0.9264090771633192
short,2,-2,0.07359092283668084
