isLong,bias0,bias1,prob
long,10,-10,0.999999859800048
short,10,-10,1.4019995166897149e-7
