isLong,bias0,bias1,prob
long,2,-2,0.41189044246466605
short,2,-2,0.5881095575353339
