isLong,bias0,bias1,prob
long,10,-10,0.21319741933049557
short,10,-10,0.786802580669504
