isLong,bias0,bias1,prob
long,2,-2,0.03878032017320481
short,2,-2,0.9612196798267952
