isLong,bias0,bias1,prob
long,10,-10,0.9531191354487732
short,10,-10,0.046880864551227176
