isLong,bias0,bias1,prob
long,10,-10,0.027870775522078266
short,10,-10,0.9721292244779217
