isLong,bias0,bias1,prob
long,10,-10,0.009653345249324654
short,10,-10,0.9903466547506753
