isLong,bias0,bias1,prob
long,2,-2,0.3316182823383268
short,2,-2,0.6683817176616734
