isLong,bias0,bias1,prob
long,2,-2,0.597791326773401
short,2,-2,0.40220867322659887
