isLong,bias0,bias1,prob
long,2,-2,0.5260807996512493
short,2,-2,0.47391920034875135
