isLong,bias0,bias1,prob
long,5,-5,0.7148261587419735
short,5,-5,0.28517384125802586
