isLong,bias0,bias1,prob
long,5,-5,0.1001745519015713
short,5,-5,0.8998254480984789
