isLong,bias0,bias1,prob
long,5,-5,0.86486948250293
short,5,-5,0.13513051749707042
