isLong,bias0,bias1,prob
long,10,-10,0.8040941619317303
short,10,-10,0.1959058380682693
