isLong,bias0,bias1,prob
long,2,-2,0.3101933572050571
short,2,-2,0.689806642794943
