isLong,bias0,bias1,prob
long,10,-10,0.9999999995213038
short,10,-10,4.786946344678458e-10
