isLong,bias0,bias1,prob
long,10,-10,0.9612481243032449
short,10,-10,0.03875187569675424
