isLong,bias0,bias1,prob
long,2,-2,0.6845742423470802
short,2,-2,0.31542575765292014
