isLong,bias0,bias1,prob
long,10,-10,0.2710230282764733
short,10,-10,0.7289769717235272
