isLong,bias0,bias1,prob
long,10,-10,0.9971366327443092
short,10,-10,0.0028633672556914796
