isLong,bias0,bias1,prob
long,2,-2,0.763953560064886
short,2,-2,0.23604643993511382
