isLong,bias0,bias1,prob
long,2,-2,0.8829890663619433
short,2,-2,0.11701093363805633
