isLong,bias0,bias1,prob
long,10,-10,0.6814851829410256
short,10,-10,0.318514817058975
