isLong,bias0,bias1,prob
long,10,-10,0.011667104861177386
short,10,-10,0.9883328951388228
