isLong,bias0,bias1,prob
false,5,5,0.07999999999999999
false,1,5,0.07999999999999999
false,1,1,0.010000000000000005
false,5,1,0.07999999999999999
false,-5,1,0.07999999999999999
false,-5,5,0.10000000000000002
true,-5,5,0.12000000000000001
false,5,0,0.11000000000000001
true,5,0,0.06
true,5,5,0.05
true,5,-1,0.07
true,-5,-1,0.14
false,-5,-1,0.020000000000000004
