isLong,bias0,bias1,prob
long,2,-2,0.9582508608200618
short,2,-2,0.04174913917993801
