isLong,bias0,bias1,prob
long,2,-2,0.2693411304420195
short,2,-2,0.7306588695579515
