isLong,bias0,bias1,prob
long,5,-5,0.999309995584336
short,5,-5,0.000690004415664368
