isLong,bias0,bias1,prob
long,5,-5,0.09672506630623307
short,5,-5,0.9032749336937667
