isLong,bias0,bias1,prob
long,10,-10,0.9821246180581614
short,10,-10,0.01787538194183916
