isLong,bias0,bias1,prob
long,5,-5,0.9785352648327658
short,5,-5,0.021464735167234204
