isLong,bias0,bias1,prob
long,5,-5,0.991196075735549
short,5,-5,0.008803924264450638
