isLong,bias0,bias1,prob
long,5,-5,0.26012286694407627
short,5,-5,0.7398771330559233
