isLong,bias0,bias1,prob
long,2,-2,0.690874368115348
short,2,-2,0.3091256318846521
