isLong,bias0,bias1,prob
long,2,-2,0.9798226879233916
short,2,-2,0.020177312076608632
