isLong,bias0,bias1,prob
long,10,-10,0.9999999467378743
short,10,-10,5.3262126677354134e-8
