isLong,bias0,bias1,prob
long,2,-2,0.08304818019641862
short,2,-2,0.916951819803581
