isLong,bias0,bias1,prob
long,2,-2,0.4060752848139174
short,2,-2,0.5939247151860831
