isLong,bias0,bias1,prob
long,10,-10,0.9935228193988457
short,10,-10,0.006477180601154259
