isLong,bias0,bias1,prob
long,5,-5,0.62521849515299
short,5,-5,0.3747815048470099
