isLong,bias0,bias1,prob
long,2,-2,0.7615434515306251
short,2,-2,0.23845654846937475
