isLong,bias0,bias1,prob
long,10,-10,0.9999998656353403
short,10,-10,1.3436466024531478e-7
