isLong,bias0,bias1,prob
long,2,-2,0.950433124676514
short,2,-2,0.049566875323486366
