isLong,bias0,bias1,prob
long,5,-5,0.947040376882885
short,5,-5,0.05295962311711534
