isLong,bias0,bias1,prob
long,5,-5,0.6744300074105731
short,5,-5,0.32556999258942715
