isLong,bias0,bias1,prob
long,2,-2,0.49100192848573243
short,2,-2,0.508998071514268
