isLong,bias0,bias1,prob
long,10,-10,0.13576601538380645
short,10,-10,0.8642339846161933
