isLong,bias0,bias1,prob
long,10,-10,0.5670398907302399
short,10,-10,0.43296010926976003
