isLong,bias0,bias1,prob
long,10,-10,0.9999998056907178
short,10,-10,1.9430928230565177e-7
