isLong,bias0,bias1,prob
long,5,-5,0.9898273617701095
short,5,-5,0.010172638229890433
