isLong,bias0,bias1,prob
long,5,-5,0.9586783978047326
short,5,-5,0.041321602195267586
