isLong,bias0,bias1,prob
long,2,-2,0.2556095098960589
short,2,-2,0.7443904901039412
