isLong,bias0,bias1,prob
long,5,-5,0.968248364052895
short,5,-5,0.03175163594710474
