isLong,bias0,bias1,prob
long,5,-5,0.9999468678862106
short,5,-5,0.00005313211379016562
