isLong,bias0,bias1,prob
long,2,-2,0.40715414466888855
short,2,-2,0.5928458553311117
