isLong,bias0,bias1,prob
long,5,-5,0.3966345747917229
short,5,-5,0.6033654252082774
