isLong,bias0,bias1,prob
long,2,-2,0.3665750606368362
short,2,-2,0.6334249393631797
