isLong,bias0,bias1,prob
long,10,-10,0.197906735682865
short,10,-10,0.802093264317135
