isLong,bias0,bias1,prob
long,10,-10,0.04042786083732318
short,10,-10,0.959572139162677
