isLong,bias0,bias1,prob
long,2,-2,0.19007951600174772
short,2,-2,0.809920483998252
