isLong,bias0,bias1,prob
long,2,-2,0.930909844075476
short,2,-2,0.06909015592452447
