isLong,bias0,bias1,prob
long,10,-10,0.07130277154785075
short,10,-10,0.9286972284521258
