isLong,bias0,bias1,prob
long,2,-2,0.13179534063911025
short,2,-2,0.8682046593608896
