isLong,bias0,bias1,prob
long,2,-2,0.40516981984724565
short,2,-2,0.5948301801527547
