isLong,bias0,bias1,prob
long,5,-5,0.11557877778265553
short,5,-5,0.8844212222173443
