isLong,bias0,bias1,prob
long,2,-2,0.07489842697585591
short,2,-2,0.9251015730241529
