isLong,bias0,bias1,prob
long,10,-10,0.9037129629123433
short,10,-10,0.09628703708765662
