isLong,bias0,bias1,prob
long,10,-10,0.9869189484179042
short,10,-10,0.013081051582095864
