isLong,bias0,bias1,prob
long,5,-5,0.261325685832997
short,5,-5,0.738674314167003
