isLong,bias0,bias1,prob
long,10,-10,0.23794998318841393
short,10,-10,0.7620500168115864
