isLong,bias0,bias1,prob
long,2,-2,0.07489842697585239
short,2,-2,0.925101573024148
