isLong,bias0,bias1,prob
long,5,-5,0.9152018870621289
short,5,-5,0.08479811293787091
