isLong,bias0,bias1,prob
false,-1,-5,0.020000000000000004
false,5,-5,0.07
true,5,-5,0.39
true,5,1,0.09000000000000002
false,5,1,0.04000000000000001
true,-5,-5,0.020000000000000004
true,-5,-1,0.11000000000000001
true,-5,0,0.05
true,-5,1,0.029999999999999995
true,1,-5,0.06
true,0,-5,0.029999999999999995
true,5,-1,0.07
true,1,-1,0.020000000000000004
