isLong,bias0,bias1,prob
long,2,-2,0.9633070849917186
short,2,-2,0.03669291500828104
