isLong,bias0,bias1,prob
long,2,-2,0.18823631183678946
short,2,-2,0.8117636881632108
