isLong,bias0,bias1,prob
long,2,-2,0.6811230058734736
short,2,-2,0.3188769941265262
