isLong,bias0,bias1,prob
long,10,-10,0.000027722579636175683
short,10,-10,0.999972277420364
