isLong,bias0,bias1,prob
long,10,-10,0.0737473318794969
short,10,-10,0.9262526681205308
