isLong,bias0,bias1,prob
long,5,-5,0.5720315029378709
short,5,-5,0.42796849706212925
