isLong,bias0,bias1,prob
long,10,-10,0.999999998015717
short,10,-10,1.9842834133904915e-9
