isLong,bias0,bias1,prob
long,2,-2,0.491122916038588
short,2,-2,0.5088770839614115
