isLong,bias0,bias1,prob
long,5,-5,0.9995034974636723
short,5,-5,0.0004965025363270613
