isLong,bias0,bias1,prob
long,2,-2,0.7612939690799759
short,2,-2,0.23870603092002426
