isLong,bias0,bias1,prob
long,2,-2,0.5835070855772253
short,2,-2,0.4164929144227749
