isLong,bias0,bias1,prob
long,2,-2,0.8248632192878853
short,2,-2,0.17513678071211497
