isLong,bias0,bias1,prob
long,2,-2,0.984565496897335
short,2,-2,0.015434503102665323
