isLong,bias0,bias1,prob
false,1,-1,0.029999999999999995
true,1,-1,0.010000000000000005
true,-5,-1,0.19
false,-5,-1,0.020000000000000004
false,-5,5,0.09000000000000002
false,-5,-5,0.09000000000000002
true,-5,-5,0.10000000000000002
true,1,-5,0.05
true,-1,-5,0.07
true,-5,5,0.14
true,1,5,0.029999999999999995
true,-5,1,0.12000000000000001
true,5,-1,0.06
