isLong,bias0,bias1,prob
long,10,-10,0.8622812136440912
short,10,-10,0.13771878635590906
