isLong,bias0,bias1,prob
long,2,-2,0.03885705558502757
short,2,-2,0.9611429444149724
