isLong,bias0,bias1,prob
long,5,-5,0.7679485826314556
short,5,-5,0.23205141736854484
