isLong,bias0,bias1,prob
long,5,-5,0.10595775229796098
short,5,-5,0.8940422477020387
