isLong,bias0,bias1,prob
long,10,-10,0.0009209944350795424
short,10,-10,0.9990790055649209
