isLong,bias0,bias1,prob
long,2,-2,0.1329062019235198
short,2,-2,0.8670937980764805
