isLong,bias0,bias1,prob
long,10,-10,0.998137147446858
short,10,-10,0.001862852553142389
