isLong,bias0,bias1,prob
long,5,-5,0.04765725116754199
short,5,-5,0.9523427488324584
