isLong,bias0,bias1,prob
long,10,-10,0.004136492909552938
short,10,-10,0.9958635070904469
