isLong,bias0,bias1,prob
long,10,-10,0.9999934445150012
short,10,-10,0.00000655548499838882
