isLong,bias0,bias1,prob
long,10,-10,0.000027722579636175486
short,10,-10,0.9999722774204137
