isLong,bias0,bias1,prob
long,10,-10,0.08624359932428832
short,10,-10,0.9137564006757118
