isLong,bias0,bias1,prob
long,5,-5,0.02736169779958195
short,5,-5,0.9726383022004178
