isLong,bias0,bias1,prob
long,2,-2,0.8300505324585836
short,2,-2,0.16994946754141632
