isLong,bias0,bias1,prob
false,-5,5,0.029999999999999995
false,1,5,0.029999999999999995
false,1,-5,0.06
true,1,-5,0.06
true,1,1,0.029999999999999995
false,1,1,0.10000000000000002
false,-5,1,0.31
true,-5,1,0.05
false,5,1,0.09000000000000002
false,-5,-5,0.21000000000000002
false,-5,0,0.029999999999999995
