isLong,bias0,bias1,prob
long,5,-5,0.26580557719561526
short,5,-5,0.7341944228043948
