isLong,bias0,bias1,prob
long,5,-5,0.5897127769119653
short,5,-5,0.4102872230880343
