isLong,bias0,bias1,prob
long,2,-2,0.08233879840692146
short,2,-2,0.917661201593079
