isLong,bias0,bias1,prob
long,10,-10,0.23657853510925334
short,10,-10,0.7634214648907465
