isLong,bias0,bias1,prob
long,2,-2,0.8850973903510707
short,2,-2,0.11490260964892914
