isLong,bias0,bias1,prob
long,5,-5,0.8028635396107058
short,5,-5,0.19713646038929428
