isLong,bias0,bias1,prob
long,5,-5,0.023130175481962473
short,5,-5,0.9768698245180376
