isLong,bias0,bias1,prob
long,2,-2,0.6733473818718648
short,2,-2,0.326652618128135
