isLong,bias0,bias1,prob
long,5,-5,0.9999985998031453
short,5,-5,0.0000014001968547941533
