isLong,bias0,bias1,prob
long,2,-2,0.5822264000427904
short,2,-2,0.4177735999572092
