isLong,bias0,bias1,prob
long,5,-5,0.16496233081999195
short,5,-5,0.8350376691800077
