isLong,bias0,bias1,prob
long,10,-10,0.030198043358145944
short,10,-10,0.9698019566418543
