isLong,bias0,bias1,prob
long,2,-2,0.5788157337175405
short,2,-2,0.4211842662824591
