isLong,bias0,bias1,prob
long,2,-2,0.08271056614250041
short,2,-2,0.9172894338574996
