isLong,bias0,bias1,prob
long,2,-2,0.49455002559904554
short,2,-2,0.5054499744009546
