isLong,bias0,bias1,prob
long,10,-10,0.019797407509612626
short,10,-10,0.980202592490387
