isLong,bias0,bias1,prob
long,10,-10,0.002385390618832197
short,10,-10,0.9976146093811681
