isLong,bias0,bias1,prob
long,2,-2,0.25270798466051425
short,2,-2,0.747292015339486
