isLong,bias0,bias1,prob
long,10,-10,0.4981768607018599
short,10,-10,0.5018231392981398
