isLong,bias0,bias1,prob
long,5,-5,0.20484725778008708
short,5,-5,0.795152742219913
