isLong,bias0,bias1,prob
long,10,-10,0.00835148036932478
short,10,-10,0.9916485196306755
