isLong,bias0,bias1,prob
long,5,-5,0.2552906302272429
short,5,-5,0.7447093697727568
