isLong,bias0,bias1,prob
long,5,-5,0.2048472577801031
short,5,-5,0.7951527422198869
