isLong,bias0,bias1,prob
long,2,-2,0.3254323412938024
short,2,-2,0.6745676587061972
