isLong,bias0,bias1,prob
long,10,-10,0.01576389454960877
short,10,-10,0.984236105450391
