isLong,bias0,bias1,prob
long,5,-5,0.997340862788022
short,5,-5,0.0026591372119774293
