isLong,bias0,bias1,prob
long,10,-10,0.9970990961080449
short,10,-10,0.002900903891955315
