isLong,bias0,bias1,prob
long,10,-10,0.13576601538382513
short,10,-10,0.8642339846161184
