isLong,bias0,bias1,prob
long,2,-2,0.5863483671896784
short,2,-2,0.4136516328103217
