isLong,bias0,bias1,prob
long,2,-2,0.8867274151029453
short,2,-2,0.11327258489705454
