isLong,bias0,bias1,prob
long,2,-2,0.41224354411743513
short,2,-2,0.587756455882509
