isLong,bias0,bias1,prob
long,5,-5,0.18641350146562863
short,5,-5,0.8135864985343367
