isLong,bias0,bias1,prob
long,10,-10,0.9985997404021043
short,10,-10,0.001400259597896246
