isLong,bias0,bias1,prob
long,10,-10,0.009804725612781465
short,10,-10,0.9901952743872189
