isLong,bias0,bias1,prob
long,2,-2,0.3235815513486967
short,2,-2,0.6764184486512672
