isLong,bias0,bias1,prob
long,5,-5,0.07542308790255867
short,5,-5,0.9245769120974416
