isLong,bias0,bias1,prob
long,2,-2,0.328117618948075
short,2,-2,0.6718823810519248
