isLong,bias0,bias1,prob
long,10,-10,0.11349754216738848
short,10,-10,0.8865024578326113
