isLong,bias0,bias1,prob
long,10,-10,0.9999999999988116
short,10,-10,1.1893217770390826e-12
