isLong,bias0,bias1,prob
long,5,-5,0.06689453771334958
short,5,-5,0.9331054622866509
