isLong,bias0,bias1,prob
long,5,-5,0.579868350915046
short,5,-5,0.420131649084954
