isLong,bias0,bias1,prob
long,5,-5,0.041178383365702675
short,5,-5,0.9588216166342973
