isLong,bias0,bias1,prob
long,10,-10,0.9998852594367542
short,10,-10,0.00011474056324569156
