isLong,bias0,bias1,prob
long,10,-10,0.48576207146364553
short,10,-10,0.5142379285363541
