isLong,bias0,bias1,prob
long,5,-5,0.010055485972664232
short,5,-5,0.9899445140273355
