isLong,bias0,bias1,prob
long,5,-5,0.5858083445770869
short,5,-5,0.4141916554229135
