isLong,bias0,bias1,prob
long,5,-5,0.38953191214761246
short,5,-5,0.6104680878523876
