isLong,bias0,bias1,prob
long,5,-5,0.39140237123166854
short,5,-5,0.6085976287683313
