isLong,bias0,bias1,prob
long,2,-2,0.996350542114411
short,2,-2,0.003649457885589768
