isLong,bias0,bias1,prob
long,5,-5,0.17416532903287446
short,5,-5,0.8258346709671256
