isLong,bias0,bias1,prob
long,10,-10,0.6302322548431653
short,10,-10,0.36976774515683486
