isLong,bias0,bias1,prob
long,2,-2,0.3665750606367423
short,2,-2,0.6334249393632576
