isLong,bias0,bias1,prob
long,10,-10,0.5623623185367042
short,10,-10,0.4376376814632956
