isLong,bias0,bias1,prob
long,10,-10,0.07374733187948047
short,10,-10,0.9262526681205197
