isLong,bias0,bias1,prob
long,2,-2,0.5746370969782092
short,2,-2,0.4253629030217904
