isLong,bias0,bias1,prob
long,10,-10,0.9999999999987441
short,10,-10,1.2568648675126892e-12
