isLong,bias0,bias1,prob
long,5,-5,0.562310606869095
short,5,-5,0.4376893931309051
