isLong,bias0,bias1,prob
long,10,-10,0.9999999999982201
short,10,-10,1.7801593528932215e-12
