isLong,bias0,bias1,prob
long,10,-10,0.864735526217949
short,10,-10,0.1352644737820506
