isLong,bias0,bias1,prob
long,2,-2,0.24843814543309967
short,2,-2,0.7515618545669004
