isLong,bias0,bias1,prob
long,5,-5,0.9969080921097746
short,5,-5,0.003091907890225621
