isLong,bias0,bias1,prob
long,10,-10,0.9999999971530595
short,10,-10,2.8469410004965363e-9
