isLong,bias0,bias1,prob
long,2,-2,0.3151072583299408
short,2,-2,0.684892741670059
