isLong,bias0,bias1,prob
long,2,-2,0.9979378289352479
short,2,-2,0.00206217106475181
