isLong,bias0,bias1,prob
long,5,-5,0.08502551750294789
short,5,-5,0.914974482497052
