isLong,bias0,bias1,prob
long,5,-5,0.7561234930015924
short,5,-5,0.24387650699840752
