isLong,bias0,bias1,prob
long,2,-2,0.24376168497920428
short,2,-2,0.7562383150207961
