isLong,bias0,bias1,prob
long,10,-10,0.9999994334335962
short,10,-10,5.665664034937829e-7
