isLong,bias0,bias1,prob
long,10,-10,0.9999884170444512
short,10,-10,0.000011582955548350202
