isLong,bias0,bias1,prob
long,2,-2,0.3990569836290332
short,2,-2,0.6009430163709664
