isLong,bias0,bias1,prob
long,10,-10,0.8677366181993518
short,10,-10,0.13226338180064806
