isLong,bias0,bias1,prob
long,5,-5,0.34199574864071425
short,5,-5,0.6580042513592858
