isLong,bias0,bias1,prob
long,2,-2,0.9652838888052822
short,2,-2,0.03471611119471788
