isLong,bias0,bias1,prob
long,10,-10,0.14813301925962977
short,10,-10,0.8518669807403705
