isLong,bias0,bias1,prob
long,2,-2,0.9877117988411439
short,2,-2,0.012288201158855861
