isLong,bias0,bias1,prob
long,10,-10,0.9999996619811305
short,10,-10,3.3801886998278197e-7
