isLong,bias0,bias1,prob
long,5,-5,0.12654153810485058
short,5,-5,0.8734584618951491
