isLong,bias0,bias1,prob
long,10,-10,0.14804437974736734
short,10,-10,0.8519556202526329
