isLong,bias0,bias1,prob
long,5,-5,0.9874009887397738
short,5,-5,0.012599011260225843
