isLong,bias0,bias1,prob
long,5,-5,0.39516014269461824
short,5,-5,0.6048398573053819
