isLong,bias0,bias1,prob
long,2,-2,0.31332921333444513
short,2,-2,0.6866707866655545
