isLong,bias0,bias1,prob
long,5,-5,0.2785420911216804
short,5,-5,0.7214579088783196
