isLong,bias0,bias1,prob
long,10,-10,0.23731736830990935
short,10,-10,0.7626826316900904
