isLong,bias0,bias1,prob
long,5,-5,0.999949279952017
short,5,-5,0.00005072004798305195
