isLong,bias0,bias1,prob
long,2,-2,0.41224354411744063
short,2,-2,0.5877564558825594
