isLong,bias0,bias1,prob
long,5,-5,0.9532028253300926
short,5,-5,0.04679717466990731
