isLong,bias0,bias1,prob
long,2,-2,0.9866727581493037
short,2,-2,0.013327241850696451
