isLong,bias0,bias1,prob
long,5,-5,0.9993778014606441
short,5,-5,0.0006221985393559123
