isLong,bias0,bias1,prob
long,5,-5,0.3419957486406731
short,5,-5,0.6580042513593545
