isLong,bias0,bias1,prob
long,10,-10,0.5462247733373687
short,10,-10,0.45377522666263087
