isLong,bias0,bias1,prob
long,5,-5,0.5495098821124079
short,5,-5,0.4504901178875925
