isLong,bias0,bias1,prob
long,2,-2,0.9312622269022041
short,2,-2,0.06873777309779606
