isLong,bias0,bias1,prob
long,5,-5,0.26580557719566206
short,5,-5,0.7341944228043378
