isLong,bias0,bias1,prob
long,5,-5,0.7472609412860013
short,5,-5,0.25273905871399877
