isLong,bias0,bias1,prob
long,5,-5,0.9999990735128492
short,5,-5,9.264871510088033e-7
