isLong,bias0,bias1,prob
long,10,-10,0.0457264550922843
short,10,-10,0.9542735449077154
