isLong,bias0,bias1,prob
long,10,-10,0.33076596593401636
short,10,-10,0.6692340340659838
