isLong,bias0,bias1,prob
long,5,-5,0.19294934826483315
short,5,-5,0.807050651735167
