isLong,bias0,bias1,prob
long,5,-5,0.2674516523537997
short,5,-5,0.7325483476462
