isLong,bias0,bias1,prob
long,5,-5,0.9999454896594018
short,5,-5,0.00005451034059852186
