isLong,bias0,bias1,prob
long,5,-5,0.1840458323829343
short,5,-5,0.8159541676170656
