isLong,bias0,bias1,prob
long,10,-10,0.29628629297662923
short,10,-10,0.7037137070233708
