isLong,bias0,bias1,prob
long,2,-2,0.9317919618991277
short,2,-2,0.06820803810087211
