isLong,bias0,bias1,prob
long,5,-5,0.19327001081571615
short,5,-5,0.8067299891842835
