isLong,bias0,bias1,prob
long,5,-5,0.05499913871905169
short,5,-5,0.9450008612809486
