isLong,bias0,bias1,prob
long,2,-2,0.1853509496352879
short,2,-2,0.8146490503647125
