isLong,bias0,bias1,prob
long,10,-10,0.08226061812283605
short,10,-10,0.9177393818771643
