isLong,bias0,bias1,prob
long,5,-5,0.26589509019330226
short,5,-5,0.734104909806698
