isLong,bias0,bias1,prob
long,10,-10,0.9998157669970209
short,10,-10,0.00018423300297900933
