isLong,bias0,bias1,prob
long,10,-10,0.9961740561340928
short,10,-10,0.0038259438659070115
