isLong,bias0,bias1,prob
long,10,-10,0.9999962450502341
short,10,-10,0.000003754949766229865
