isLong,bias0,bias1,prob
long,2,-2,0.6638069982188586
short,2,-2,0.3361930017811416
