isLong,bias0,bias1,prob
long,2,-2,0.4614585353746759
short,2,-2,0.5385414646253479
