isLong,bias0,bias1,prob
long,2,-2,0.997468488623946
short,2,-2,0.0025315113760538766
