isLong,bias0,bias1,prob
long,10,-10,0.9997831934126734
short,10,-10,0.00021680658732621137
