isLong,bias0,bias1,prob
long,10,-10,0.004984581389712181
short,10,-10,0.9950154186102879
