isLong,bias0,bias1,prob
long,2,-2,0.31953481805776135
short,2,-2,0.6804651819422385
