isLong,bias0,bias1,prob
long,10,-10,0.03629493006981663
short,10,-10,0.9637050699301838
