isLong,bias0,bias1,prob
long,2,-2,0.4017667192889915
short,2,-2,0.5982332807110087
