isLong,bias0,bias1,prob
long,5,-5,0.9999990042618131
short,5,-5,9.957381864276308e-7
