isLong,bias0,bias1,prob
long,2,-2,0.4614585353746339
short,2,-2,0.5385414646253663
