isLong,bias0,bias1,prob
long,5,-5,0.8848819767972542
short,5,-5,0.11511802320274551
