isLong,bias0,bias1,prob
long,2,-2,0.4866589118817679
short,2,-2,0.5133410881182318
