isLong,bias0,bias1,prob
long,10,-10,0.9999792305022794
short,10,-10,0.00002076949772026528
