isLong,bias0,bias1,prob
long,2,-2,0.8229931638584065
short,2,-2,0.17700683614159385
