isLong,bias0,bias1,prob
long,10,-10,0.10772368124208562
short,10,-10,0.8922763187579139
