isLong,bias0,bias1,prob
long,10,-10,0.9999999952126064
short,10,-10,4.787392886300946e-9
