isLong,bias0,bias1,prob
long,2,-2,0.751955366923142
short,2,-2,0.24804463307685837
