isLong,bias0,bias1,prob
long,2,-2,0.966164705542656
short,2,-2,0.033835294457344324
