isLong,bias0,bias1,prob
long,2,-2,0.567618389887155
short,2,-2,0.4323816101128451
