isLong,bias0,bias1,prob
long,5,-5,0.09371651717893682
short,5,-5,0.9062834828210633
