isLong,bias0,bias1,prob
long,10,-10,0.06332816099204673
short,10,-10,0.9366718390079529
