isLong,bias0,bias1,prob
long,5,-5,0.9994544112993049
short,5,-5,0.0005455887006949156
