isLong,bias0,bias1,prob
long,5,-5,0.13630488096360024
short,5,-5,0.8636951190364001
