isLong,bias0,bias1,prob
long,10,-10,0.2373173683098905
short,10,-10,0.7626826316900962
