isLong,bias0,bias1,prob
true,-1,5,0.010000000000000005
true,5,5,0.13
false,5,5,0.020000000000000004
false,-5,5,0.010000000000000005
true,-5,5,0.020000000000000004
true,-5,-1,0.07
false,-5,-1,0.05
false,-5,0,0.06
true,-5,0,0.05
false,0,0,0.07
false,5,0,0.029999999999999995
true,5,0,0.029999999999999995
false,5,-1,0.23
true,5,-1,0.029999999999999995
false,5,-5,0.010000000000000005
false,-1,-5,0.11000000000000001
false,-1,-1,0.05
true,-1,-1,0.020000000000000004
