isLong,bias0,bias1,prob
long,2,-2,0.13031528437040474
short,2,-2,0.8696847156295955
