isLong,bias0,bias1,prob
long,10,-10,0.9755166135227005
short,10,-10,0.02448338647729973
