isLong,bias0,bias1,prob
long,2,-2,0.478600953357154
short,2,-2,0.5213990466428461
