isLong,bias0,bias1,prob
long,2,-2,0.39381545888953956
short,2,-2,0.6061845411104606
