isLong,bias0,bias1,prob
long,2,-2,0.1824779899483405
short,2,-2,0.8175220100516591
