isLong,bias0,bias1,prob
long,5,-5,0.9962194876302364
short,5,-5,0.0037805123697637138
