isLong,bias0,bias1,prob
long,5,-5,0.39525325589140614
short,5,-5,0.6047467441085936
