isLong,bias0,bias1,prob
long,2,-2,0.6692996692759399
short,2,-2,0.33070033072405985
