isLong,bias0,bias1,prob
long,10,-10,0.02505261111117906
short,10,-10,0.9749473888888207
