isLong,bias0,bias1,prob
long,5,-5,0.999937280213505
short,5,-5,0.00006271978649521618
