isLong,bias0,bias1,prob
long,10,-10,0.9939693900167242
short,10,-10,0.006030609983276038
