isLong,bias0,bias1,prob
long,2,-2,0.8832271686882441
short,2,-2,0.11677283131175542
