isLong,bias0,bias1,prob
long,5,-5,0.146324553708686
short,5,-5,0.8536754462913143
