isLong,bias0,bias1,prob
long,10,-10,0.7209538682919038
short,10,-10,0.2790461317080967
