isLong,bias0,bias1,prob
long,5,-5,0.4136683383233487
short,5,-5,0.5863316616766512
