isLong,bias0,bias1,prob
long,2,-2,0.9879581192379432
short,2,-2,0.012041880762056794
