isLong,bias0,bias1,prob
long,10,-10,0.08521201959926053
short,10,-10,0.9147879804007392
