isLong,bias0,bias1,prob
long,5,-5,0.8513600359548761
short,5,-5,0.14863996404512428
