isLong,bias0,bias1,prob
long,2,-2,0.46741079142889475
short,2,-2,0.5325892085711053
