isLong,bias0,bias1,prob
long,2,-2,0.5058554070482476
short,2,-2,0.49414459295178825
