isLong,bias0,bias1,prob
long,5,-5,0.524625573141372
short,5,-5,0.475374426858628
