isLong,bias0,bias1,prob
true,1,-1,0.09000000000000002
true,-5,-1,0.029999999999999995
true,5,-1,0.2
false,1,-1,0.07999999999999999
false,5,-1,0.07
false,-5,-1,0.05
false,-1,-1,0.010000000000000005
true,5,0,0.05
false,5,0,0.04000000000000001
false,-1,0,0.010000000000000005
true,-1,0,0.06
true,0,0,0.020000000000000004
true,-1,-1,0.11000000000000001
true,-1,-5,0.17999999999999997
