isLong,bias0,bias1,prob
long,5,-5,0.20793968630045118
short,5,-5,0.7920603136995484
