isLong,bias0,bias1,prob
long,5,-5,0.49093504558463175
short,5,-5,0.5090649544153248
