isLong,bias0,bias1,prob
long,5,-5,0.9436421047532303
short,5,-5,0.05635789524676938
