isLong,bias0,bias1,prob
long,5,-5,0.49093504558467316
short,5,-5,0.509064954415327
