isLong,bias0,bias1,prob
long,10,-10,0.8382792048066944
short,10,-10,0.161720795193306
