isLong,bias0,bias1,prob
long,2,-2,0.5530241461931188
short,2,-2,0.44697585380688115
