isLong,bias0,bias1,prob
long,2,-2,0.8181792914531159
short,2,-2,0.18182070854688376
