isLong,bias0,bias1,prob
long,5,-5,0.9999291048795473
short,5,-5,0.00007089512045239063
