isLong,bias0,bias1,prob
long,10,-10,0.08521207549463769
short,10,-10,0.9147879245053625
