isLong,bias0,bias1,prob
long,2,-2,0.041742145495808805
short,2,-2,0.9582578545041908
