isLong,bias0,bias1,prob
long,5,-5,0.9992506851454533
short,5,-5,0.0007493148545462689
