isLong,bias0,bias1,prob
long,5,-5,0.9999990160485721
short,5,-5,9.839514280542544e-7
