isLong,bias0,bias1,prob
long,2,-2,0.307720601538867
short,2,-2,0.6922793984611331
