isLong,bias0,bias1,prob
long,2,-2,0.7369212222397248
short,2,-2,0.26307877776027533
