isLong,bias0,bias1,prob
long,5,-5,0.871153572747119
short,5,-5,0.12884642725288087
