isLong,bias0,bias1,prob
long,10,-10,0.9999990963988715
short,10,-10,9.036011286953238e-7
