isLong,bias0,bias1,prob
long,2,-2,0.8213596720401091
short,2,-2,0.17864032795989082
