isLong,bias0,bias1,prob
long,2,-2,0.9981401507569044
short,2,-2,0.0018598492430957595
