isLong,bias0,bias1,prob
long,10,-10,0.999999989674512
short,10,-10,1.0325488454651e-8
