isLong,bias0,bias1,prob
long,2,-2,0.74060717659397
short,2,-2,0.25939282340602987
