isLong,bias0,bias1,prob
long,10,-10,0.23376667808151053
short,10,-10,0.7662333219184893
