isLong,bias0,bias1,prob
long,5,-5,0.9826946544534615
short,5,-5,0.017305345546538235
