isLong,bias0,bias1,prob
long,10,-10,0.45010324998047957
short,10,-10,0.5498967500195204
