isLong,bias0,bias1,prob
long,5,-5,0.3903846828097459
short,5,-5,0.6096153171902545
