isLong,bias0,bias1,prob
long,2,-2,0.9671929782627772
short,2,-2,0.032807021737223045
