isLong,bias0,bias1,prob
long,10,-10,0.9431648088912268
short,10,-10,0.056835191108773046
