isLong,bias0,bias1,prob
long,10,-10,0.14740610088497366
short,10,-10,0.8525938991150263
