isLong,bias0,bias1,prob
long,10,-10,0.4501032499804746
short,10,-10,0.5498967500195219
