isLong,bias0,bias1,prob
long,5,-5,0.983652104145825
short,5,-5,0.016347895854174864
