isLong,bias0,bias1,prob
long,10,-10,0.8171335883488524
short,10,-10,0.18286641165114742
