isLong,bias0,bias1,prob
long,2,-2,0.6609820992080364
short,2,-2,0.33901790079196326
