isLong,bias0,bias1,prob
long,10,-10,0.0008730352152881211
short,10,-10,0.9991269647847117
