isLong,bias0,bias1,prob
long,2,-2,0.555894145217305
short,2,-2,0.4441058547826951
