isLong,bias0,bias1,prob
long,5,-5,0.9501488544668116
short,5,-5,0.04985114553318824
