isLong,bias0,bias1,prob
long,5,-5,0.41366833832336125
short,5,-5,0.5863316616766432
