isLong,bias0,bias1,prob
long,10,-10,0.35163833712504033
short,10,-10,0.6483616628749598
