isLong,bias0,bias1,prob
long,10,-10,0.999970953258694
short,10,-10,0.000029046741306076768
