isLong,bias0,bias1,prob
long,5,-5,0.14628296925071235
short,5,-5,0.8537170307492876
