isLong,bias0,bias1,prob
long,2,-2,0.8832108081107474
short,2,-2,0.11678919188925226
