isLong,bias0,bias1,prob
long,5,-5,0.011903180402229444
short,5,-5,0.9880968195977701
