isLong,bias0,bias1,prob
long,10,-10,0.9995270080241841
short,10,-10,0.000472991975815995
