isLong,bias0,bias1,prob
long,2,-2,0.23883825620175442
short,2,-2,0.7611617437982452
