isLong,bias0,bias1,prob
long,5,-5,0.7323846898410087
short,5,-5,0.2676153101589916
