isLong,bias0,bias1,prob
long,2,-2,0.9882792030930664
short,2,-2,0.011720796906933242
