isLong,bias0,bias1,prob
long,10,-10,0.8167523307474829
short,10,-10,0.18324766925251668
