isLong,bias0,bias1,prob
long,5,-5,0.9956849589019875
short,5,-5,0.004315041098012288
