isLong,bias0,bias1,prob
long,2,-2,0.23799914744887551
short,2,-2,0.7620008525511249
