isLong,bias0,bias1,prob
long,10,-10,0.9430356086445011
short,10,-10,0.056964391355499064
