isLong,bias0,bias1,prob
long,10,-10,0.9999727960368076
short,10,-10,0.00002720396319251638
