isLong,bias0,bias1,prob
long,10,-10,0.9960920301968053
short,10,-10,0.003907969803194779
