isLong,bias0,bias1,prob
long,2,-2,0.38387364112884803
short,2,-2,0.6161263588711516
