isLong,bias0,bias1,prob
long,2,-2,0.658512924648884
short,2,-2,0.3414870753511162
