isLong,bias0,bias1,prob
long,2,-2,0.9325900596029865
short,2,-2,0.06740994039701344
