isLong,bias0,bias1,prob
long,2,-2,0.5058554070482367
short,2,-2,0.4941445929517635
