isLong,bias0,bias1,prob
true,1,1,0.010000000000000005
true,5,1,0.07
true,5,-5,0.029999999999999995
false,5,-5,0.15999999999999998
false,0,-5,0.04000000000000001
true,0,-5,0.07
false,0,5,0.05
true,0,5,0.029999999999999995
true,0,1,0.06
true,-5,1,0.14
false,-5,1,0.020000000000000004
false,-1,1,0.10000000000000002
true,-1,1,0.020000000000000004
false,5,1,0.17
true,5,5,0.020000000000000004
false,5,5,0.010000000000000005
