isLong,bias0,bias1,prob
long,2,-2,0.6473815563885021
short,2,-2,0.35261844361149763
