isLong,bias0,bias1,prob
long,5,-5,0.7309836882381266
short,5,-5,0.2690163117618736
