isLong,bias0,bias1,prob
long,10,-10,0.999999999997101
short,10,-10,2.8986249567818944e-12
