isLong,bias0,bias1,prob
long,5,-5,0.6889301580099106
short,5,-5,0.31106984199008914
