isLong,bias0,bias1,prob
long,2,-2,0.7456731560327592
short,2,-2,0.25432684396724053
