isLong,bias0,bias1,prob
long,10,-10,0.9999906289028654
short,10,-10,0.000009371097134673674
