isLong,bias0,bias1,prob
long,5,-5,0.9957312297407315
short,5,-5,0.004268770259268553
