isLong,bias0,bias1,prob
long,10,-10,0.5334607137639928
short,10,-10,0.4665392862360075
