isLong,bias0,bias1,prob
long,5,-5,0.2868559895191172
short,5,-5,0.7131440104808828
