isLong,bias0,bias1,prob
long,10,-10,0.9996144984430171
short,10,-10,0.0003855015569827136
