isLong,bias0,bias1,prob
long,2,-2,0.9311925604802199
short,2,-2,0.06880743951978013
