isLong,bias0,bias1,prob
long,5,-5,0.8534425833737627
short,5,-5,0.14655741662623722
