isLong,bias0,bias1,prob
long,10,-10,0.11824587890396965
short,10,-10,0.8817541210960305
