isLong,bias0,bias1,prob
long,2,-2,0.6011811390057751
short,2,-2,0.3988188609942251
