isLong,bias0,bias1,prob
long,10,-10,0.21624410481105374
short,10,-10,0.7837558951889465
