isLong,bias0,bias1,prob
long,2,-2,0.36530563824712864
short,2,-2,0.6346943617528711
