isLong,bias0,bias1,prob
long,2,-2,0.2720303610733808
short,2,-2,0.7279696389266184
