isLong,bias0,bias1,prob
long,2,-2,0.09108363610510245
short,2,-2,0.9089163638948972
