isLong,bias0,bias1,prob
long,2,-2,0.3018931998099517
short,2,-2,0.698106800190048
