isLong,bias0,bias1,prob
long,5,-5,0.18298373331269452
short,5,-5,0.8170162666873059
