isLong,bias0,bias1,prob
long,10,-10,0.9999999999950226
short,10,-10,4.977279080401907e-12
