isLong,bias0,bias1,prob
long,2,-2,0.2953563763728703
short,2,-2,0.7046436236271294
