isLong,bias0,bias1,prob
long,10,-10,0.12599327675514066
short,10,-10,0.8740067232448594
