isLong,bias0,bias1,prob
long,10,-10,0.38313685053182467
short,10,-10,0.6168631494681756
