isLong,bias0,bias1,prob
long,2,-2,0.7292786911066681
short,2,-2,0.27072130889333207
