isLong,bias0,bias1,prob
long,10,-10,0.291532639856399
short,10,-10,0.7084673601436011
