isLong,bias0,bias1,prob
long,5,-5,0.9071599075604927
short,5,-5,0.0928400924395072
