isLong,bias0,bias1,prob
true,-5,-5,0.14
true,5,-5,0.15999999999999998
false,5,-5,0.07
false,1,-5,0.04000000000000001
true,-1,-5,0.020000000000000004
false,-1,-5,0.05
true,-1,5,0.24
true,-1,0,0.029999999999999995
true,-1,-1,0.020000000000000004
false,-1,5,0.09000000000000002
false,-5,5,0.029999999999999995
false,1,5,0.020000000000000004
true,1,5,0.06
true,1,1,0.029999999999999995
