isLong,bias0,bias1,prob
long,5,-5,0.3878751626846775
short,5,-5,0.6121248373153222
