isLong,bias0,bias1,prob
long,5,-5,0.5653314580691055
short,5,-5,0.43466854193088633
