isLong,bias0,bias1,prob
true,5,0,0.10000000000000002
true,5,-5,0.09000000000000002
true,5,5,0.020000000000000004
true,-1,5,0.010000000000000005
false,-1,5,0.010000000000000005
false,5,5,0.24
false,5,1,0.04000000000000001
false,5,-5,0.05
false,0,-5,0.010000000000000005
false,-5,-5,0.010000000000000005
false,-5,1,0.010000000000000005
false,-5,0,0.020000000000000004
false,-5,5,0.12000000000000001
false,-5,-1,0.06
false,1,5,0.13
true,1,5,0.05
false,0,5,0.029999999999999995
