isLong,bias0,bias1,prob
long,10,-10,0.033043206753396184
short,10,-10,0.9669567932466037
