isLong,bias0,bias1,prob
false,-1,-1,0.05
true,-1,-1,0.010000000000000005
true,-5,-1,0.010000000000000005
true,-5,1,0.10000000000000002
true,-1,1,0.04000000000000001
true,5,1,0.15
false,5,1,0.020000000000000004
false,5,5,0.07
false,5,-1,0.07
true,5,-1,0.24
true,5,-5,0.11000000000000001
true,-1,-5,0.04000000000000001
false,-1,-5,0.010000000000000005
false,5,-5,0.04000000000000001
true,1,-1,0.04000000000000001
