isLong,bias0,bias1,prob
long,10,-10,0.99999999996278
short,10,-10,3.722010339999579e-11
