isLong,bias0,bias1,prob
long,2,-2,0.44324086890259373
short,2,-2,0.5567591310974065
