isLong,bias0,bias1,prob
long,5,-5,0.0935486528938449
short,5,-5,0.9064513471061546
