isLong,bias0,bias1,prob
long,2,-2,0.9677618695751891
short,2,-2,0.03223813042481093
