isLong,bias0,bias1,prob
long,5,-5,0.6163481821313032
short,5,-5,0.3836518178686965
