isLong,bias0,bias1,prob
long,2,-2,0.2072618292506423
short,2,-2,0.7927381707493575
