isLong,bias0,bias1,prob
long,10,-10,0.49424649223936395
short,10,-10,0.5057535077606358
