isLong,bias0,bias1,prob
long,10,-10,0.3675115680160567
short,10,-10,0.6324884319839437
