isLong,bias0,bias1,prob
long,10,-10,0.999923180521551
short,10,-10,0.00007681947844866689
