isLong,bias0,bias1,prob
long,5,-5,0.9287464446421927
short,5,-5,0.07125355535780727
