isLong,bias0,bias1,prob
long,2,-2,0.23571528357519408
short,2,-2,0.764284716424806
