isLong,bias0,bias1,prob
long,5,-5,0.9786967240291756
short,5,-5,0.02130327597082432
