isLong,bias0,bias1,prob
long,5,-5,0.9721800384275123
short,5,-5,0.027819961572487943
