isLong,bias0,bias1,prob
long,10,-10,0.9999999999961515
short,10,-10,3.84899577180871e-12
