isLong,bias0,bias1,prob
long,5,-5,0.23410138930083424
short,5,-5,0.765898610699166
