isLong,bias0,bias1,prob
long,5,-5,0.6454299032426828
short,5,-5,0.3545700967573171
