isLong,bias0,bias1,prob
long,5,-5,0.9992084539174491
short,5,-5,0.0007915460825505603
