isLong,bias0,bias1,prob
long,2,-2,0.9318924230516035
short,2,-2,0.06810757694839696
