isLong,bias0,bias1,prob
long,5,-5,0.7658581093496227
short,5,-5,0.23414189065037727
