isLong,bias0,bias1,prob
long,2,-2,0.998386140635045
short,2,-2,0.0016138593649550267
