isLong,bias0,bias1,prob
long,5,-5,0.9067892847335713
short,5,-5,0.093210715266429
