isLong,bias0,bias1,prob
long,5,-5,0.8201824618423248
short,5,-5,0.17981753815767493
