isLong,bias0,bias1,prob
long,10,-10,0.9699438806246942
short,10,-10,0.03005611937530548
