isLong,bias0,bias1,prob
long,10,-10,0.5527073243315577
short,10,-10,0.4472926756684421
