isLong,bias0,bias1,prob
long,10,-10,0.891395106198448
short,10,-10,0.10860489380155187
