isLong,bias0,bias1,prob
long,5,-5,0.8201012955114892
short,5,-5,0.17989870448851103
