isLong,bias0,bias1,prob
long,5,-5,0.3026985886470336
short,5,-5,0.6973014113529666
