isLong,bias0,bias1,prob
long,5,-5,0.6562014651803341
short,5,-5,0.3437985348196656
