isLong,bias0,bias1,prob
long,5,-5,0.565331458069054
short,5,-5,0.4346685419309462
