isLong,bias0,bias1,prob
long,5,-5,0.9937956794644182
short,5,-5,0.006204320535581476
