isLong,bias0,bias1,prob
long,5,-5,0.040430195491180446
short,5,-5,0.9595698045088199
