isLong,bias0,bias1,prob
long,5,-5,0.9999989516927276
short,5,-5,0.0000010483072723651776
