isLong,bias0,bias1,prob
long,2,-2,0.9669437215573464
short,2,-2,0.03305627844265376
