isLong,bias0,bias1,prob
long,10,-10,0.006919908800241363
short,10,-10,0.9930800911997588
