isLong,bias0,bias1,prob
long,2,-2,0.45706931568706644
short,2,-2,0.5429306843129336
