isLong,bias0,bias1,prob
long,5,-5,0.9999988557742991
short,5,-5,0.0000011442257010367817
