isLong,bias0,bias1,prob
long,2,-2,0.9983199300386929
short,2,-2,0.0016800699613068162
