isLong,bias0,bias1,prob
long,10,-10,0.9999988990047365
short,10,-10,0.0000011009952632551312
