isLong,bias0,bias1,prob
long,10,-10,0.6541250733180602
short,10,-10,0.3458749266819398
