isLong,bias0,bias1,prob
long,10,-10,0.9999999906106369
short,10,-10,9.389363251028132e-9
