isLong,bias0,bias1,prob
long,10,-10,0.6725516368667018
short,10,-10,0.32744836313329784
