isLong,bias0,bias1,prob
long,10,-10,0.9999999863330739
short,10,-10,1.3666926258980112e-8
