isLong,bias0,bias1,prob
long,5,-5,0.9999340138915805
short,5,-5,0.00006598610841979556
