isLong,bias0,bias1,prob
long,5,-5,0.29459132244708636
short,5,-5,0.7054086775529135
