isLong,bias0,bias1,prob
long,10,-10,0.9999595639235651
short,10,-10,0.00004043607643478197
