isLong,bias0,bias1,prob
long,2,-2,0.5283789818498309
short,2,-2,0.4716210181501694
