isLong,bias0,bias1,prob
long,10,-10,0.8913371881926242
short,10,-10,0.10866281180737603
