isLong,bias0,bias1,prob
long,2,-2,0.8020457244891293
short,2,-2,0.1979542755108709
