isLong,bias0,bias1,prob
long,2,-2,0.6375067905417552
short,2,-2,0.3624932094582449
