isLong,bias0,bias1,prob
long,10,-10,0.4997678030158992
short,10,-10,0.5002321969841013
