isLong,bias0,bias1,prob
long,10,-10,0.5527073243315349
short,10,-10,0.44729267566850367
