isLong,bias0,bias1,prob
long,5,-5,0.9999236928912506
short,5,-5,0.00007630710874931309
