isLong,bias0,bias1,prob
long,2,-2,0.5451614827962965
short,2,-2,0.45483851720370366
