isLong,bias0,bias1,prob
long,2,-2,0.8793987366823416
short,2,-2,0.12060126331765884
