isLong,bias0,bias1,prob
long,5,-5,0.9951060764330512
short,5,-5,0.004893923566948787
