isLong,bias0,bias1,prob
long,2,-2,0.8114324929354504
short,2,-2,0.18856750706454964
