isLong,bias0,bias1,prob
long,10,-10,0.26335105158411937
short,10,-10,0.7366489484158805
