isLong,bias0,bias1,prob
long,10,-10,0.18180190198281074
short,10,-10,0.818198098017189
