isLong,bias0,bias1,prob
long,10,-10,0.999152842260771
short,10,-10,0.0008471577392288575
