isLong,bias0,bias1,prob
long,10,-10,0.9999981862037286
short,10,-10,0.0000018137962712401733
