isLong,bias0,bias1,prob
long,10,-10,0.9699495882604388
short,10,-10,0.030050411739561512
