isLong,bias0,bias1,prob
long,10,-10,0.9872680344482828
short,10,-10,0.012731965551717336
