isLong,bias0,bias1,prob
long,5,-5,0.16099164739996363
short,5,-5,0.8390083526000367
