isLong,bias0,bias1,prob
long,2,-2,0.6196365450197077
short,2,-2,0.3803634549802927
