isLong,bias0,bias1,prob
long,2,-2,0.7118572344667371
short,2,-2,0.28814276553326257
