isLong,bias0,bias1,prob
long,2,-2,0.657465724817287
short,2,-2,0.3425342751827128
