isLong,bias0,bias1,prob
long,5,-5,0.4886070130511038
short,5,-5,0.5113929869488959
