isLong,bias0,bias1,prob
long,2,-2,0.928817170970222
short,2,-2,0.07118282902977766
