isLong,bias0,bias1,prob
long,2,-2,0.8735905636411888
short,2,-2,0.1264094363588113
