isLong,bias0,bias1,prob
long,2,-2,0.14637395453756546
short,2,-2,0.8536260454624348
