isLong,bias0,bias1,prob
long,2,-2,0.3756378204324745
short,2,-2,0.6243621795675257
