isLong,bias0,bias1,prob
long,5,-5,0.3860338374393357
short,5,-5,0.6139661625606645
