isLong,bias0,bias1,prob
long,5,-5,0.5067499351082951
short,5,-5,0.493250064891705
