isLong,bias0,bias1,prob
long,5,-5,0.22082797724628753
short,5,-5,0.7791720227537129
