isLong,bias0,bias1,prob
long,10,-10,0.9979722162962134
short,10,-10,0.0020277837037863625
