isLong,bias0,bias1,prob
long,10,-10,0.799841583475855
short,10,-10,0.20015841652414468
