isLong,bias0,bias1,prob
long,2,-2,0.7303011139406435
short,2,-2,0.26969888605935644
