isLong,bias0,bias1,prob
long,5,-5,0.9990435176627563
short,5,-5,0.0009564823372432523
