isLong,bias0,bias1,prob
true,-5,-1,0.21000000000000002
true,1,-1,0.04000000000000001
true,0,-1,0.020000000000000004
false,-5,-1,0.029999999999999995
false,-5,1,0.11000000000000001
true,-5,1,0.27
true,-1,1,0.04000000000000001
false,-1,1,0.07
false,1,1,0.029999999999999995
true,1,1,0.17999999999999997
