isLong,bias0,bias1,prob
long,2,-2,0.8001275543255315
short,2,-2,0.1998724456744687
