isLong,bias0,bias1,prob
long,2,-2,0.9889550481477574
short,2,-2,0.011044951852242309
