isLong,bias0,bias1,prob
long,2,-2,0.9889687770970047
short,2,-2,0.01103122290299519
