firstJ0,firstJ1
-0.2113090936672069,-0.26644269508390855
