firstJ0,firstJ1
-0.6466271649250523,-1.5539092460589
