firstJ0,firstJ1
-0.10008345855698265,-0.11734703463112592
