firstJ0,firstJ1
-0.6466271649250523,-2.0149974902140673
