firstJ0,firstJ1
-0.4795730802618862,-0.8856221491601209
