firstJ0,firstJ1
-0.33647223662121273,-0.49372784229974653
