firstJ0,firstJ1
-0.33647223662121273,-0.5023910909816123
