firstJ0,firstJ1
-0.33647223662121273,-0.5032034876800223
