firstJ0,firstJ1
-0.2113090936672069,-0.29259851906411016
