numExp,stick1,stick2,agentBias,p_isLong_1_J0,p_isLong_2_J0,p_isLong_1_J1,p_isLong_2_J1,delta_J0,delta_J1
0,0.525,0.025,2.0,0.5144478844169246,0.21568627450980402,0.4215840762391172,0.21457025234325847,-0.29876160990712053,-0.20701382389585873
1,0.525,0.025,5.0,0.5144478844169246,0.21568627450980402,0.3082282204329447,0.13865017292300622,-0.29876160990712053,-0.16957804750993846
2,0.525,0.025,10.0,0.5144478844169246,0.21568627450980402,0.146658280311083,0.04422630520416138,-0.29876160990712053,-0.10243197510692162
3,0.525,0.075,2.0,0.5144478844169246,0.24754901960784315,0.4215840762391172,0.24961941032242407,-0.2668988648090814,-0.17196466591669313
4,0.525,0.075,5.0,0.5144478844169246,0.24754901960784315,0.3082282204329447,0.17263788229784363,-0.2668988648090814,-0.13559033813510105
