firstJ0,secondJ0,firstJ1,secondJ1
-0.2927300387490859,-0.4307829160924544,-0.29288428935500305,-0.42423242026573055
