firstJ0,secondJ0,firstJ1,secondJ1
-0.21113139486620633,-0.35667494393873245,-0.2936890107055719,-0.08658028574735058
