firstJ0,secondJ0,firstJ1,secondJ1
-0.2927300387490859,-0.5978370007556206,-0.31219557472460485,-0.544672228930759
