firstJ0,secondJ0,firstJ1,secondJ1
-0.21113139486620633,-0.35667494393873245,-0.2112114463691104,-0.3504928231992911
