firstJ0,secondJ0,firstJ1,secondJ1
-0.2927300387490859,-0.3566749439387321,-1.0879140312422622,-0.0001361805801390145
