firstJ0,secondJ0,firstJ1,secondJ1
-0.1461265645572104,-0.5978370007556204,-0.18755562378879131,-0.6764315046381579
