firstJ0,secondJ0,firstJ1,secondJ1
-0.21113139486620633,-0.5978370007556204,-0.7475960317929139,-1.003356182311889
