firstJ0,secondJ0,firstJ1,secondJ1
-0.21113139486620633,-0.4307829160924542,-0.20603250609291168,-5.883157815095458e-7
