firstJ0,secondJ0,firstJ1,secondJ1
-0.21113139486620633,-0.7985076962177716,-0.22119627773115047,-0.8136317464176983
