firstJ0,secondJ0,firstJ1,secondJ1
-0.1461265645572104,-0.5978370007556204,-0.14616651582437046,-0.5976295105486502
