firstJ0,secondJ0,firstJ1,secondJ1
-0.6036213441112374,-0.916290731874155,-1.4727495075193642,-1.4286183752844506
