firstJ0,secondJ0,firstJ1,secondJ1
-0.6036213441112374,-0.916290731874155,-0.6042535193190637,-0.9117264993305431
