firstJ0,secondJ0,firstJ1,secondJ1
-0.21113139486620633,-0.1053605156578264,-0.2936890107055719,-0.000054333907001097915
