firstJ0,secondJ0,firstJ1,secondJ1
-0.1461265645572104,-0.4307829160924542,-0.4586829969010351,-0.5761398714246637
