firstJ0,secondJ0,firstJ1,secondJ1
-0.21113139486620633,-0.2231435513142097,-0.7475960317929139,-5.3973389659795644e-8
