firstJ0,secondJ0,firstJ1,secondJ1
-0.2927300387490859,-0.4307829160924544,-0.31219557472460485,-0.3099556074129839
