firstJ0,secondJ0,firstJ1,secondJ1
-0.1461265645572104,-0.4307829160924542,-0.29413916604887813,-0.037322575693207516
