firstJ0,secondJ0,firstJ1,secondJ1
-0.1461265645572104,-0.4307829160924542,-0.18755562378879131,-0.3877520107204471
