firstJ0,secondJ0,firstJ1,secondJ1
-0.6036213441112374,-1.2039728043259361,-3.4883988868348634,-13.21482607790713
