firstJ0,secondJ0,firstJ1,secondJ1
-0.1461265645572104,-0.2876820724517809,-0.18755562378879131,-0.11119326992548874
