firstJ0,secondJ0,firstJ1,secondJ1
-0.6036213441112374,-0.916290731874155,-0.21040062819398747,-Infinity
