firstJ0,secondJ0,firstJ1,secondJ1
-0.21113139486620633,-0.4307829160924542,-0.22119627773115047,-0.35400451329190374
