firstJ0,secondJ0,firstJ1,secondJ1
-0.21113139486620633,-0.4307829160924542,-0.2936890107055719,-0.26798345347899455
