firstJ0,secondJ0,firstJ1,secondJ1
-0.6036213441112374,-1.2039728043259361,-0.6868097548643851,-1.2678111710523416
