firstJ0,secondJ0,firstJ1,secondJ1
-0.1461265645572104,-0.2231435513142097,-0.15114817113206572,-0.1072316443633543
