firstJ0,secondJ0,firstJ1,secondJ1
-0.21113139486620633,-0.1053605156578264,-0.7475960317929139,-1.1102230246251571e-15
