firstJ0,secondJ0,firstJ1,secondJ1
-0.2927300387490859,-0.2231435513142097,-0.4534644657458756,-0.002677574077983572
