firstJ0,secondJ0,firstJ1,secondJ1
-0.1461265645572104,-0.1053605156578264,-0.18755562378879131,-0.0001115672959811332
