firstJ0,secondJ0,firstJ1,secondJ1
-0.21113139486620633,-0.5978370007556204,-0.2112114463691104,-0.5962972684283764
