firstJ0,secondJ0,firstJ1,secondJ1
-0.21113139486620633,-0.1053605156578264,-0.22119627773115047,-0.02021786550015954
