firstJ0,secondJ0,firstJ1,secondJ1
-0.6036213441112374,-1.2039728043259361,-0.21040062819398747,-Infinity
