firstJ0,secondJ0,firstJ1,secondJ1
-0.1461265645572104,-0.2876820724517809,-0.29413916604887813,-0.00003044593804540609
