firstJ0,secondJ0,firstJ1,secondJ1
-0.21113139486620633,-0.5978370007556204,-0.20603250609291168,-0.010826022675836388
