firstJ0,secondJ0,firstJ1,secondJ1
-0.1461265645572104,-0.1053605156578264,-0.15114817113206572,-0.022285275300918582
