firstJ0,secondJ0,firstJ1,secondJ1
-0.21113139486620633,-0.7985076962177716,-0.20603250609291168,-0.29343473845981916
