firstJ0,secondJ0,firstJ1,secondJ1
-0.21113139486620633,-0.4307829160924542,-0.7475960317929139,-0.33473393968246246
