firstJ0,secondJ0,firstJ1,secondJ1
-0.1461265645572104,-0.2876820724517809,-0.4586829969010351,-0.18066077795061258
