firstJ0,secondJ0,firstJ1,secondJ1
-0.1461265645572104,-0.5978370007556204,-0.4586829969010351,-1.171119794277581
