firstJ0,secondJ0,firstJ1,secondJ1
-0.2927300387490859,-0.5978370007556206,-0.29288428935500305,-0.594427804690441
