firstJ0,secondJ0,firstJ1,secondJ1
-0.2927300387490859,-0.5978370007556206,-0.11395415895780965,-4.860190029391881e-10
