firstJ0,secondJ0,firstJ1,secondJ1
-0.21113139486620633,-0.35667494393873245,-0.7475960317929139,-0.00481031240085543
