firstJ0,secondJ0,firstJ1,secondJ1
-0.2927300387490859,-0.2231435513142097,-1.0879140312422622,-1.2166239134654545e-9
