firstJ0,secondJ0,firstJ1,secondJ1
-0.2927300387490859,-0.4307829160924544,-1.0879140312422622,-0.32338256393520565
