firstJ0,secondJ0,firstJ1,secondJ1
-0.1461265645572104,-0.2231435513142097,-0.14616651582437046,-0.21669532658891644
