firstJ0,secondJ0,firstJ1,secondJ1
-0.21113139486620633,-0.7985076962177716,-0.7475960317929139,-1.615079983037158
