firstJ0,secondJ0,firstJ1,secondJ1
-0.1461265645572104,-0.5978370007556204,-0.29413916604887813,-0.3781464355816552
