firstJ0,secondJ0,firstJ1,secondJ1
-0.6036213441112374,-1.2039728043259361,-0.6042535193190637,-1.2018305286461601
