firstJ0,secondJ0,firstJ1,secondJ1
-0.1461265645572104,-0.5978370007556204,-0.15114817113206572,-0.6038869244486889
