firstJ0,secondJ0,firstJ1,secondJ1
-0.2927300387490859,-0.2231435513142097,-0.31219557472460485,-0.0801730757208909
