firstJ0,secondJ0,firstJ1,secondJ1
-0.6036213441112374,-0.916290731874155,-0.6868097548643851,-0.9020605768895401
