firstJ0,secondJ0,firstJ1,secondJ1
-0.2927300387490859,-0.4307829160924544,-0.4534644657458756,-0.1890962511660735
