firstJ0,secondJ0,firstJ1,secondJ1
-0.6036213441112374,-0.916290731874155,-3.4883988868348634,-9.2456872334009
