firstJ0,secondJ0,firstJ1,secondJ1
-0.21113139486620633,-0.1053605156578264,-0.20603250609291168,0
