firstJ0,secondJ0,firstJ1,secondJ1
-0.21113139486620633,-0.35667494393873245,-0.22119627773115047,-0.237021700625456
