firstJ0,secondJ0,firstJ1,secondJ1
-0.2927300387490859,-0.5978370007556206,-1.0879140312422622,-0.8005003015855132
