firstJ0,secondJ0,firstJ1,secondJ1
-0.6036213441112374,-2.302585092994046,-0.6868097548643851,-2.4664344506477542
