firstJ0,secondJ0,firstJ1,secondJ1
-0.21113139486620633,-0.7985076962177716,-0.2112114463691104,-0.798257219539706
