firstJ0,secondJ0,firstJ1,secondJ1
-0.2927300387490859,-0.2231435513142097,-0.29288428935500305,-0.21465306929115038
