firstJ0,secondJ0,firstJ1,secondJ1
-0.2927300387490859,-0.3566749439387321,-0.4534644657458756,-0.042486495676422716
