firstJ0,secondJ0,firstJ1,secondJ1
-0.21113139486620633,-0.5978370007556204,-0.22119627773115047,-0.5784639122563525
