firstJ0,secondJ0,firstJ1,secondJ1
-0.1461265645572104,-0.2876820724517809,-0.15114817113206572,-0.19977929651152226
