firstJ0,secondJ0,firstJ1,secondJ1
-0.1461265645572104,-0.1053605156578264,-0.4586829969010351,-4.485301019485733e-14
