firstJ0,secondJ0,firstJ1,secondJ1
-0.6036213441112374,-1.2039728043259361,-1.4727495075193642,-2.1900599836562975
