firstJ0,secondJ0,firstJ1,secondJ1
-0.21113139486620633,-0.2231435513142097,-0.2936890107055719,-0.005060541537404483
