firstJ0,secondJ0,firstJ1,secondJ1
-0.21113139486620633,-0.7985076962177716,-0.2936890107055719,-0.9579268435905901
