firstJ0,secondJ0,firstJ1,secondJ1
-0.2927300387490859,-0.3566749439387321,-0.29288428935500305,-0.34831829243175333
