firstJ0,secondJ0,firstJ1,secondJ1
-0.21113139486620633,-0.4307829160924542,-0.2112114463691104,-0.4267094459242058
