firstJ0,secondJ0,firstJ1,secondJ1
-0.1461265645572104,-0.2231435513142097,-0.18755562378879131,-0.012376366123948544
