firstJ0,secondJ0,firstJ1,secondJ1
-0.21113139486620633,-0.2231435513142097,-0.22119627773115047,-0.09008006686472968
