firstJ0,secondJ0,firstJ1,secondJ1
-0.6036213441112374,-2.302585092994046,-1.4727495075193642,-3.9376309092907147
