firstJ0,secondJ0,firstJ1,secondJ1
-0.6036213441112374,-0.6931471805599453,-0.21040062819398747,-740.9743360185815
