firstJ0,secondJ0,firstJ1,secondJ1
-0.6036213441112374,-0.6931471805599453,-0.6042535193190637,-0.6854257309714034
