firstJ0,secondJ0,firstJ1,secondJ1
-0.6036213441112374,-0.6931471805599453,-0.6868097548643851,-0.5882026807801403
