firstJ0,secondJ0,firstJ1,secondJ1
-0.6036213441112374,-0.661398482245365,-3.4883988868348634,-0.034187312727673634
