firstJ0,secondJ0,firstJ1,secondJ1
-0.6036213441112374,-0.661398482245365,-1.4727495075193642,-0.395567501568421
