firstJ0,secondJ0,firstJ1,secondJ1
-0.6036213441112374,-0.661398482245365,-0.21040062819398747,0
