firstJ0,secondJ0,firstJ1,secondJ1
-0.6036213441112374,-0.6931471805599453,-1.4727495075193642,-0.7248416931887643
