firstJ0,secondJ0,firstJ1,secondJ1
-0.6036213441112374,-0.6931471805599453,-3.4883988868348634,-5.879601970896544
