firstJ0,secondJ0,firstJ1,secondJ1
-0.6036213441112374,-0.661398482245365,-0.6868097548643851,-0.5186186068046248
