firstJ0,secondJ0,firstJ1,secondJ1
-0.48891239633527556,-1.203972804325936,-2.274176789324564,-10.558524062400545
