firstJ0,secondJ0,firstJ1,secondJ1
-0.48891239633527556,-1.6094379124341003,-0.547338638336373,-Infinity
