firstJ0,secondJ0,firstJ1,secondJ1
-0.48891239633527556,-1.203972804325936,-1.0394126417330962,-2.064168450738983
