firstJ0,secondJ0,firstJ1,secondJ1
-0.48891239633527556,-1.6094379124341003,-2.274176789324564,-13.366744930599312
