firstJ0,secondJ0,firstJ1,secondJ1
-0.6036213441112374,-2.302585092994046,-3.4883988868348634,-19.424707033631023
