firstJ0,secondJ0,firstJ1,secondJ1
-0.48891239633527556,-1.6094379124341003,-1.0394126417330962,-2.7562634262143346
