firstJ0,secondJ0,firstJ1,secondJ1
-0.48891239633527556,-1.203972804325936,-0.5477732963398214,-1.2738842570386704
