firstJ0,secondJ0,firstJ1,secondJ1
-0.48891239633527556,-0.7985076962177716,-0.48936721800538024,-0.7940775040283351
