firstJ0,secondJ0,firstJ1,secondJ1
-0.48891239633527556,-1.0033021088637848,-0.5477732963398214,-1.0319040028114963
