firstJ0,secondJ0,firstJ1,secondJ1
-0.48891239633527556,-0.7985076962177716,-0.5477732963398214,-0.753879534937609
