firstJ0,secondJ0,firstJ1,secondJ1
-0.48891239633527556,-0.7985076962177716,-2.274176789324564,-0.4250093073726429
