firstJ0,secondJ0,firstJ1,secondJ1
-0.48891239633527556,-1.0033021088637848,-0.48936721800538024,-1.001043686082754
