firstJ0,secondJ0,firstJ1,secondJ1
-0.48891239633527556,-1.0033021088637848,-2.274176789324564,-8.014554251997412
