firstJ0,secondJ0,firstJ1,secondJ1
-0.48891239633527556,-0.7985076962177716,-1.0394126417330962,-0.8966430640148497
