firstJ0,secondJ0,firstJ1,secondJ1
-0.48891239633527556,-0.5108256237659907,-2.274176789324564,-0.0004539463197725128
