firstJ0,secondJ0,firstJ1,secondJ1
-0.48891239633527556,-0.5108256237659907,-0.547338638336373,0
