firstJ0,secondJ0,firstJ1,secondJ1
-0.6036213441112374,-1.6094379124341,-0.6042535193190637,-1.6089237717461229
