firstJ0,secondJ0,firstJ1,secondJ1
-0.48891239633527556,-0.5978370007556206,-0.48936721800538024,-0.5903119396215626
