firstJ0,secondJ0,firstJ1,secondJ1
-0.48891239633527556,-0.5978370007556206,-2.274176789324564,-0.15083899730117228
