firstJ0,secondJ0,firstJ1,secondJ1
-0.48891239633527556,-0.5108256237659907,-1.0394126417330962,-0.12518154748099836
