firstJ0,secondJ0,firstJ1,secondJ1
-0.48891239633527556,-0.5978370007556206,-1.0394126417330962,-0.3791399725819668
