firstJ0,secondJ0,firstJ1,secondJ1
-0.48891239633527556,-0.5978370007556206,-0.5477732963398214,-0.47200147849609664
