firstJ0,secondJ0,firstJ1,secondJ1
-0.39047232352202316,-1.0498221244986776,-0.3907624674961757,-1.0487940607335382
