firstJ0,secondJ0,firstJ1,secondJ1
-0.39047232352202316,-1.0498221244986776,-0.7089921211043001,-1.433392151008205
