firstJ0,secondJ0,firstJ1,secondJ1
-0.39047232352202316,-1.0498221244986776,-0.8077573607840854,-0.000016464632859171094
