firstJ0,secondJ0,firstJ1,secondJ1
-0.39047232352202316,-1.0498221244986776,-1.495472924175159,-1.2691811645338744
