firstJ0,secondJ0,firstJ1,secondJ1
-0.39047232352202316,-1.203972804325936,-0.4274687383187459,-1.2740466396459977
