firstJ0,secondJ0,firstJ1,secondJ1
-0.39047232352202316,-1.0498221244986776,-0.4274687383187459,-1.0828065449299553
