firstJ0,secondJ0,firstJ1,secondJ1
-0.39047232352202316,-1.203972804325936,-0.7089921211043001,-1.9318216622591577
