firstJ0,secondJ0,firstJ1,secondJ1
-0.39047232352202316,-1.203972804325936,-1.495472924175159,-8.348205132934645
