firstJ0,secondJ0,firstJ1,secondJ1
-0.6036213441112374,-1.6094379124341,-0.6868097548643851,-1.7313263053444712
