firstJ0,secondJ0,firstJ1,secondJ1
-0.39047232352202316,-1.203972804325936,-0.3907624674961757,-1.2036882808324678
