firstJ0,secondJ0,firstJ1,secondJ1
-0.39047232352202316,-0.8754687373539001,-0.3907624674961757,-0.8733019157010236
