firstJ0,secondJ0,firstJ1,secondJ1
-0.6036213441112374,-1.6094379124341,-1.4727495075193642,-2.967560657927023
