firstJ0,secondJ0,firstJ1,secondJ1
-0.39047232352202316,-0.8754687373539001,-0.8077573607840854,-8.881784197001256e-16
