firstJ0,secondJ0,firstJ1,secondJ1
-0.39047232352202316,-0.5978370007556204,-0.3907624674961757,-0.5920552516214934
