firstJ0,secondJ0,firstJ1,secondJ1
-0.39047232352202316,-0.8754687373539001,-0.4274687383187459,-0.8722632213849119
