firstJ0,secondJ0,firstJ1,secondJ1
-0.39047232352202316,-0.5978370007556204,-1.495472924175159,-0.41929030634499814
