firstJ0,secondJ0,firstJ1,secondJ1
-0.39047232352202316,-0.8754687373539001,-0.7089921211043001,-1.0811127759544177
