firstJ0,secondJ0,firstJ1,secondJ1
-0.39047232352202316,-0.5978370007556204,-0.4274687383187459,-0.5007588446612539
