firstJ0,secondJ0,firstJ1,secondJ1
-0.39047232352202316,-0.5978370007556204,-0.8077573607840854,0
