firstJ0,secondJ0,firstJ1,secondJ1
-0.39047232352202316,-0.8754687373539001,-1.495472924175159,-0.994149312036374
