firstJ0,secondJ0,firstJ1,secondJ1
-0.39047232352202316,-0.3566749439387321,-0.4274687383187459,-0.18259660840547914
