firstJ0,secondJ0,firstJ1,secondJ1
-0.39047232352202316,-0.5108256237659905,-0.8077573607840854,0
