firstJ0,secondJ0,firstJ1,secondJ1
-0.39047232352202316,-0.5108256237659905,-0.4274687383187459,-0.36370491868593735
