firstJ0,secondJ0,firstJ1,secondJ1
-0.6036213441112374,-1.6094379124341,-3.4883988868348634,-16.608906066459856
