firstJ0,secondJ0,firstJ1,secondJ1
-0.39047232352202316,-0.5108256237659905,-0.3907624674961757,-0.5029072212211005
