firstJ0,secondJ0,firstJ1,secondJ1
-0.39047232352202316,-0.3566749439387321,-1.495472924175159,-9.345071391174144e-7
