firstJ0,secondJ0,firstJ1,secondJ1
-0.39047232352202316,-0.3566749439387321,-0.3907624674961757,-0.34716867394464246
