firstJ0,secondJ0,firstJ1,secondJ1
-0.39047232352202316,-0.5108256237659905,-0.7089921211043001,-0.17343282753568207
