firstJ0,secondJ0,firstJ1,secondJ1
-0.39047232352202316,-0.5108256237659905,-1.495472924175159,-0.009666597134380148
