firstJ0,secondJ0,firstJ1,secondJ1
-0.2927300387490859,-1.0498221244986776,-0.4534644657458756,-1.3698275853638633
