firstJ0,secondJ0,firstJ1,secondJ1
-0.2927300387490859,-0.7985076962177716,-0.31219557472460485,-0.7982916220192249
