firstJ0,secondJ0,firstJ1,secondJ1
-0.2927300387490859,-1.0498221244986776,-1.0879140312422622,-1.7795502858485757
