firstJ0,secondJ0,firstJ1,secondJ1
-0.2927300387490859,-1.0498221244986776,-0.29288428935500305,-1.0496492876056291
