firstJ0,secondJ0,firstJ1,secondJ1
-0.2927300387490859,-1.0498221244986776,-0.11395415895780965,-0.18105673157976795
