firstJ0,secondJ0,firstJ1,secondJ1
-0.2927300387490859,-1.0498221244986776,-0.31219557472460485,-1.085534809076068
