firstJ0,secondJ0,firstJ1,secondJ1
-0.2927300387490859,-0.7985076962177716,-1.0879140312422622,-1.4001828734935753
