firstJ0,secondJ0,firstJ1,secondJ1
-0.47144946240062957,-0.9175169735973991,-0.7851041516002496,-1.019399901575854
