firstJ0,secondJ0,firstJ1,secondJ1
-0.4277708656224624,-0.42214760806810064,-0.6914175891028073,-0.20429645827740955
