firstJ0,secondJ0,firstJ1,secondJ1
-0.4277708656224624,-0.4700036292457356,-0.559332849929643,-0.37500202691595785
