firstJ0,secondJ0,firstJ1,secondJ1
-0.6646610224888734,-0.8932733619874069,-0.8637360522995985,-0.8349945956383007
