firstJ0,secondJ0,firstJ1,secondJ1
-0.47144946240062957,-0.5223294482474755,-0.7851041516002496,-0.3251862763454132
