firstJ0,secondJ0,firstJ1,secondJ1
-0.4277708656224624,-0.9267620317414501,-0.559332849929643,-0.8818062691833795
