firstJ0,secondJ0,firstJ1,secondJ1
-0.47144946240062957,-0.7616149798374063,-1.0246281922015141,-0.798298418659709
