firstJ0,secondJ0,firstJ1,secondJ1
-0.3851617866573704,-0.7642431022436758,-0.6677793153408964,-0.8663840231550356
