firstJ0,secondJ0,firstJ1,secondJ1
-0.47144946240062957,-0.626772111615073,-0.7851041516002496,-0.4788273895366952
