firstJ0,secondJ0,firstJ1,secondJ1
-0.47144946240062957,-0.47393290738562527,-0.6166606306211474,-0.3831956722322556
