firstJ0,secondJ0,firstJ1,secondJ1
-0.4277708656224624,-0.7616149798374066,-0.559332849929643,-0.6891613997717216
