firstJ0,secondJ0,firstJ1,secondJ1
-0.4277708656224624,-0.8407831793660103,-0.8336771720769987,-1.0923295492203453
