firstJ0,secondJ0,firstJ1,secondJ1
-0.3851617866573704,-0.5666873008778732,-0.6005409611494501,-0.3975759402600285
