firstJ0,secondJ0,firstJ1,secondJ1
-0.6646610224888734,-0.974314571990532,-0.8637360522995985,-0.9222476567079665
