firstJ0,secondJ0,firstJ1,secondJ1
-0.3851617866573704,-0.5140989491109595,-0.5029849976568824,-0.4171864080206019
