firstJ0,secondJ0,firstJ1,secondJ1
-0.47144946240062957,-0.47393290738562527,-1.0246281922015141,-0.10363791295060076
