firstJ0,secondJ0,firstJ1,secondJ1
-0.4277708656224624,-0.520265464026624,-0.6914175891028073,-0.32130829758794666
