firstJ0,secondJ0,firstJ1,secondJ1
-0.3851617866573704,-0.7642431022436758,-0.6005409611494501,-0.7763250276001172
