firstJ0,secondJ0,firstJ1,secondJ1
-0.4277708656224624,-0.7616149798374066,-0.6914175891028073,-0.7426040285902274
