firstJ0,secondJ0,firstJ1,secondJ1
-0.47144946240062957,-0.5731878654809668,-1.0246281922015141,-0.2421241743269999
