firstJ0,secondJ0,firstJ1,secondJ1
-0.3851617866573704,-0.6290683238754229,-0.6005409611494501,-0.5086401578710777
