firstJ0,secondJ0,firstJ1,secondJ1
-0.5171233627362766,-0.9114007465799634,-0.8824117648993726,-0.9795985194109718
