firstJ0,secondJ0,firstJ1,secondJ1
-0.47144946240062957,-0.8379462980308099,-0.6166606306211474,-0.7719671410327009
