firstJ0,secondJ0,firstJ1,secondJ1
-0.3851617866573704,-0.5666873008778732,-0.6677793153408964,-0.27122870538586114
