firstJ0,secondJ0,firstJ1,secondJ1
-0.6646610224888734,-1.0660596856303615,-1.1769147949636847,-1.1729448573221752
