firstJ0,secondJ0,firstJ1,secondJ1
-0.3851617866573704,-0.6931471805599453,-0.6677793153408964,-0.6430102913023925
