firstJ0,secondJ0,firstJ1,secondJ1
-0.3851617866573704,-0.9360933591703349,-0.6005409611494501,-1.1080990373206472
