firstJ0,secondJ0,firstJ1,secondJ1
-0.3851617866573704,-0.6931471805599453,-0.6005409611494501,-0.6336701611075346
