firstJ0,secondJ0,firstJ1,secondJ1
-0.4277708656224624,-1.0242417459470397,-0.6914175891028073,-1.244886813869177
