firstJ0,secondJ0,firstJ1,secondJ1
-0.5171233627362766,-0.8322965654886911,-0.6761470924973954,-0.7631490198115789
