firstJ0,secondJ0,firstJ1,secondJ1
-0.6646610224888734,-1.533930359925955,-1.1769147949636847,-1.9758012597303147
