firstJ0,secondJ0,firstJ1,secondJ1
-0.5171233627362766,-0.5775451708499219,-1.238972524586968,-0.2558311713940759
