firstJ0,secondJ0,firstJ1,secondJ1
-0.5171233627362766,-0.8322965654886911,-1.238972524586968,-1.0233359919066072
