firstJ0,secondJ0,firstJ1,secondJ1
-0.47144946240062957,-0.8379462980308099,-0.7851041516002496,-0.8637752387483577
