firstJ0,secondJ0,firstJ1,secondJ1
-0.4277708656224624,-0.7616149798374066,-0.8336771720769987,-0.8343669114359029
