firstJ0,secondJ0,firstJ1,secondJ1
-0.47144946240062957,-0.9175169735973991,-0.6166606306211474,-0.8634954052312089
