firstJ0,secondJ0,firstJ1,secondJ1
-0.47144946240062957,-1.010682216161407,-0.6166606306211474,-0.9719788778781548
