firstJ0,secondJ0,firstJ1,secondJ1
-0.3851617866573704,-0.8464812004806477,-0.6677793153408964,-1.1081011528725844
