firstJ0,secondJ0,firstJ1,secondJ1
-0.4277708656224624,-0.6931471805599451,-0.559332849929643,-0.6114701668846283
