firstJ0,secondJ0,firstJ1,secondJ1
-0.5171233627362766,-0.5775451708499219,-0.8824117648993726,-0.40362921114345085
