firstJ0,secondJ0,firstJ1,secondJ1
-0.47144946240062957,-0.9175169735973991,-1.0246281922015141,-1.335507243820396
