firstJ0,secondJ0,firstJ1,secondJ1
-0.47144946240062957,-0.47393290738562527,-0.7851041516002496,-0.26809072446832344
