firstJ0,secondJ0,firstJ1,secondJ1
-0.3851617866573704,-0.8464812004806477,-0.5029849976568824,-0.795721103051009
