firstJ0,secondJ0,firstJ1,secondJ1
-0.47144946240062957,-0.6931471805599454,-1.0246281922015141,-0.5661055758184361
