firstJ0,secondJ0,firstJ1,secondJ1
-0.4277708656224624,-0.6931471805599451,-0.8336771720769987,-0.6028774603345236
