firstJ0,secondJ0,firstJ1,secondJ1
-0.4277708656224624,-0.6290683238754227,-0.559332849929643,-0.5413321638240538
