firstJ0,secondJ0,firstJ1,secondJ1
-0.4277708656224624,-0.4700036292457356,-0.6914175891028073,-0.25597777535717375
