firstJ0,secondJ0,firstJ1,secondJ1
-0.4277708656224624,-0.9267620317414501,-0.8336771720769987,-1.3487250273128022
