firstJ0,secondJ0,firstJ1,secondJ1
-0.47144946240062957,-1.113427374453251,-0.7851041516002496,-1.3836306991540752
