firstJ0,secondJ0,firstJ1,secondJ1
-0.4277708656224624,-0.5710163119674585,-0.6914175891028073,-0.396346621801633
