firstJ0,secondJ0,firstJ1,secondJ1
-0.3851617866573704,-0.8464812004806477,-0.6005409611494501,-0.9397258152261131
