firstJ0,secondJ0,firstJ1,secondJ1
-0.3851617866573704,-0.5666873008778732,-0.5029849976568824,-0.4731772420630908
