firstJ0,secondJ0,firstJ1,secondJ1
-0.47144946240062957,-0.7616149798374063,-0.7851041516002496,-0.714479774840107
