firstJ0,secondJ0,firstJ1,secondJ1
-0.3851617866573704,-0.6290683238754229,-0.6677793153408964,-0.4428955051180288
