firstJ0,secondJ0,firstJ1,secondJ1
-0.5171233627362766,-0.5775451708499219,-0.6761470924973954,-0.4906421928449023
