firstJ0,secondJ0,firstJ1,secondJ1
-0.6646610224888734,-0.974314571990532,-1.1769147949636847,-1.0098357672043792
