firstJ0,secondJ0,firstJ1,secondJ1
-0.5171233627362766,-0.6931471805599456,-0.8824117648993726,-0.5789067147199027
