firstJ0,secondJ0,firstJ1,secondJ1
-0.4277708656224624,-0.5710163119674585,-0.559332849929643,-0.47914225521852477
