firstJ0,secondJ0,firstJ1,secondJ1
-0.5171233627362766,-0.631369820863702,-0.8824117648993726,-0.4823186521755352
