firstJ0,secondJ0,firstJ1,secondJ1
-0.3851617866573704,-0.6931471805599453,-0.5029849976568824,-0.6143937343988342
