firstJ0,secondJ0,firstJ1,secondJ1
-0.5171233627362766,-0.8322965654886911,-0.8824117648993726,-0.8261213488078072
