firstJ0,secondJ0,firstJ1,secondJ1
-0.4277708656224624,-0.5710163119674585,-0.8336771720769987,-0.2513207964188965
