firstJ0,secondJ0,firstJ1,secondJ1
-0.47144946240062957,-0.626772111615073,-0.6166606306211474,-0.5397424163240298
