firstJ0,secondJ0,firstJ1,secondJ1
-0.47144946240062957,-1.010682216161407,-1.0246281922015141,-1.61595677683616
