firstJ0,secondJ0,firstJ1,secondJ1
-0.4277708656224624,-0.4700036292457356,-0.8336771720769987,-0.09329964544112956
