firstJ0,secondJ0,firstJ1,secondJ1
-0.5171233627362766,-0.7642431022436758,-0.8824117648993726,-0.6999791234968342
