firstJ0,secondJ0,firstJ1,secondJ1
-0.6646610224888734,-0.8932733619874069,-1.1769147949636847,-0.8694937606302235
