firstJ0,secondJ0,firstJ1,secondJ1
-0.47144946240062957,-1.113427374453251,-1.0246281922015141,-1.8835118586106931
