firstJ0,secondJ0,firstJ1,secondJ1
-0.5171233627362766,-0.631369820863702,-1.238972524586968,-0.36944968158808883
