firstJ0,secondJ0,firstJ1,secondJ1
-0.47144946240062957,-0.6931471805599454,-0.7851041516002496,-0.5899642227238211
