firstJ0,secondJ0,firstJ1,secondJ1
-0.47144946240062957,-0.8379462980308099,-1.0246281922015141,-1.0703929091906557
