firstJ0,secondJ0,firstJ1,secondJ1
-0.4277708656224624,-0.42214760806810064,-0.559332849929643,-0.32908001226471795
