firstJ0,secondJ0,firstJ1,secondJ1
-0.47144946240062957,-1.010682216161407,-0.7851041516002496,-1.197599613059252
