firstJ0,secondJ0,firstJ1,secondJ1
-0.5171233627362766,-0.5264702409135069,-0.8824117648993726,-0.3386168722649715
