firstJ0,secondJ0,firstJ1,secondJ1
-0.3851617866573704,-0.6290683238754229,-0.5029849976568824,-0.5414362997363094
