firstJ0,secondJ0,firstJ1,secondJ1
-0.4277708656224624,-0.520265464026624,-0.8336771720769987,-0.1574409593565287
