firstJ0,secondJ0,firstJ1,secondJ1
-0.3851617866573704,-0.7642431022436758,-0.5029849976568824,-0.6975686512489743
