firstJ0,secondJ0,firstJ1,secondJ1
-0.5171233627362766,-0.7642431022436758,-0.6761470924973954,-0.6882177057389782
