firstJ0,secondJ0,firstJ1,secondJ1
-0.3851617866573704,-0.5140989491109595,-0.6005409611494501,-0.31469444476318914
