firstJ0,secondJ0,firstJ1,secondJ1
-0.4277708656224624,-0.6290683238754227,-0.6914175891028073,-0.49253162939597017
