firstJ0,secondJ0,firstJ1,secondJ1
-0.6646610224888734,-1.1631508098056809,-1.1769147949636847,-1.3501636944998352
