firstJ0,secondJ0,firstJ1,secondJ1
-0.4277708656224624,-1.0242417459470397,-0.8336771720769987,-1.5995961752932177
