firstJ0,secondJ0,firstJ1,secondJ1
-0.4277708656224624,-1.0242417459470397,-0.559332849929643,-0.9965302079581402
