firstJ0,secondJ0,firstJ1,secondJ1
-0.6646610224888734,-0.974314571990532,-1.9196500220699226,-1.3935243227768135
