firstJ0,secondJ0,firstJ1,secondJ1
-0.47144946240062957,-0.5223294482474755,-0.6166606306211474,-0.4308347104585236
