firstJ0,secondJ0,firstJ1,secondJ1
-0.47144946240062957,-1.113427374453251,-0.6166606306211474,-1.0915805957349485
