firstJ0,secondJ0,firstJ1,secondJ1
-0.6646610224888734,-1.0660596856303615,-0.8637360522995985,-1.0220042166194359
