firstJ0,secondJ0,firstJ1,secondJ1
-0.5171233627362766,-0.6931471805599456,-0.6761470924973954,-0.611938266827183
