firstJ0,secondJ0,firstJ1,secondJ1
-0.47144946240062957,-0.7616149798374063,-0.6166606306211474,-0.6855901619958797
