firstJ0,secondJ0,firstJ1,secondJ1
-0.4277708656224624,-0.9267620317414501,-0.6914175891028073,-1.0662115925102331
