firstJ0,secondJ0,firstJ1,secondJ1
-0.5171233627362766,-0.6931471805599456,-1.238972524586968,-0.537185253869607
