firstJ0,secondJ0,firstJ1,secondJ1
-0.47144946240062957,-0.5731878654809668,-0.6166606306211474,-0.483380663817353
