firstJ0,secondJ0,firstJ1,secondJ1
-0.6646610224888734,-1.0660596856303615,-1.9196500220699226,-1.7403252319572917
