firstJ0,secondJ0,firstJ1,secondJ1
-0.3851617866573704,-0.9360933591703349,-0.5029849976568824,-0.9030484651496092
