firstJ0,secondJ0,firstJ1,secondJ1
-0.5171233627362766,-0.5264702409135069,-0.6761470924973954,-0.43940221459425205
