firstJ0,secondJ0,firstJ1,secondJ1
-0.3851617866573704,-0.9360933591703349,-0.6677793153408964,-1.3381238377508509
