firstJ0,secondJ0,firstJ1,secondJ1
-0.47144946240062957,-0.5731878654809668,-0.7851041516002496,-0.39682312799387437
