firstJ0,secondJ0,firstJ1,secondJ1
-0.4277708656224624,-0.520265464026624,-0.559332849929643,-0.42585203994719817
