firstJ0,secondJ0,firstJ1,secondJ1
-0.4277708656224624,-0.42214760806810064,-0.8336771720769987,-0.05490621835263952
