firstJ0,secondJ0,firstJ1,secondJ1
-0.47144946240062957,-0.6931471805599454,-0.6166606306211474,-0.6106728596122457
