firstJ0,secondJ0,firstJ1,secondJ1
-0.5171233627362766,-0.9114007465799634,-1.238972524586968,-1.312771398881974
