firstJ0,secondJ0,firstJ1,secondJ1
-0.4277708656224624,-0.6290683238754227,-0.8336771720769987,-0.403840002375411
