firstJ0,secondJ0,firstJ1,secondJ1
-0.5171233627362766,-0.631369820863702,-0.6761470924973954,-0.5467142312422808
