firstJ0,secondJ0,firstJ1,secondJ1
-0.6646610224888734,-1.1631508098056809,-1.9196500220699226,-2.092631273856679
