firstJ0,secondJ0,firstJ1,secondJ1
-0.47144946240062957,-0.626772111615073,-1.0246281922015141,-0.3676267413558202
