firstJ0,secondJ0,firstJ1,secondJ1
-0.5171233627362766,-0.7642431022436758,-1.238972524586968,-0.7733222897943133
