firstJ0,secondJ0,firstJ1,secondJ1
-0.47144946240062957,-0.5223294482474755,-1.0246281922015141,-0.15691989006508658
