firstJ0,secondJ0,firstJ1,secondJ1
-0.5171233627362766,-0.5264702409135069,-1.238972524586968,-0.18049940298795933
