firstJ0,secondJ0,firstJ1,secondJ1
-0.6646610224888734,-0.6931471805599454,-1.9196500220699226,-0.4835233735736828
