firstJ0,secondJ0,firstJ1,secondJ1
-0.30468161452084425,-0.503905180921417,-0.3960470282922556,-0.4061171848478208
