firstJ0,secondJ0,firstJ1,secondJ1
-0.30468161452084425,-0.6931471805599454,-0.438012740023792,-0.7011272446932997
