firstJ0,secondJ0,firstJ1,secondJ1
-0.30468161452084425,-0.622195444587661,-0.3960470282922556,-0.5432437154429749
