firstJ0,secondJ0,firstJ1,secondJ1
-0.3446583866827406,-0.46024745430037106,-0.5334300834767092,-0.10235023526472961
