firstJ0,secondJ0,firstJ1,secondJ1
-0.3851617866573704,-0.37469344944141036,-0.6677793153408964,-0.02732114894122874
