firstJ0,secondJ0,firstJ1,secondJ1
-0.6646610224888734,-0.6931471805599454,-1.1769147949636847,-0.559035150899343
