firstJ0,secondJ0,firstJ1,secondJ1
-0.2672523527198354,-0.3981390680160917,-0.3465212156303319,-0.2947179162788186
