firstJ0,secondJ0,firstJ1,secondJ1
-0.2672523527198354,-0.5538115865178275,-0.33896759617481104,-0.41715122919260533
