firstJ0,secondJ0,firstJ1,secondJ1
-0.30468161452084425,-0.7721691675160964,-0.438012740023792,-0.8529241437254084
