firstJ0,secondJ0,firstJ1,secondJ1
-0.2672523527198354,-0.6199149418889355,-0.33896759617481104,-0.589077817914318
