firstJ0,secondJ0,firstJ1,secondJ1
-0.2672523527198354,-0.2795453310587191,-0.3691532097992587,-0.06756265404308022
