firstJ0,secondJ0,firstJ1,secondJ1
-0.3851617866573704,-0.46608972992459924,-0.6005409611494501,-0.24852420531704925
