firstJ0,secondJ0,firstJ1,secondJ1
-0.3446583866827406,-0.4128452154057868,-0.44916410574629545,-0.31127792765052203
