firstJ0,secondJ0,firstJ1,secondJ1
-0.3446583866827406,-0.7695201593445196,-0.44916410574629545,-0.7119353589182942
