firstJ0,secondJ0,firstJ1,secondJ1
-0.6646610224888734,-0.8155363966312261,-1.1769147949636847,-0.7455119446272199
