firstJ0,secondJ0,firstJ1,secondJ1
-0.30468161452084425,-0.5602287208384612,-0.42345856316055197,-0.3629255184455315
