firstJ0,secondJ0,firstJ1,secondJ1
-0.3851617866573704,-0.41841626045524216,-0.5029849976568824,-0.32080880415210455
