firstJ0,secondJ0,firstJ1,secondJ1
-0.3446583866827406,-0.32938953513601044,-0.5166669430874113,-0.10590742504998545
