firstJ0,secondJ0,firstJ1,secondJ1
-0.30468161452084425,-0.7721691675160964,-0.42345856316055197,-0.9177701956120096
