firstJ0,secondJ0,firstJ1,secondJ1
-0.3446583866827406,-0.626772111615073,-0.44916410574629545,-0.5418305399806753
