firstJ0,secondJ0,firstJ1,secondJ1
-0.2672523527198354,-0.6931471805599454,-0.3465212156303319,-0.6436256466535357
