firstJ0,secondJ0,firstJ1,secondJ1
-0.2672523527198354,-0.444832890899184,-0.33896759617481104,-0.15561565485881898
