firstJ0,secondJ0,firstJ1,secondJ1
-0.3446583866827406,-0.626772111615073,-0.5334300834767092,-0.4882151777312743
