firstJ0,secondJ0,firstJ1,secondJ1
-0.3851617866573704,-0.41841626045524216,-0.6677793153408964,-0.05213153169946176
