firstJ0,secondJ0,firstJ1,secondJ1
-0.6646610224888734,-0.748576985499276,-1.9196500220699226,-0.6277508606569581
