firstJ0,secondJ0,firstJ1,secondJ1
-0.2672523527198354,-0.4978384282391796,-0.3691532097992587,-0.35490202762657097
