firstJ0,secondJ0,firstJ1,secondJ1
-0.30468161452084425,-0.5602287208384612,-0.3960470282922556,-0.4697148728290628
