firstJ0,secondJ0,firstJ1,secondJ1
-0.30468161452084425,-0.622195444587661,-0.42345856316055197,-0.5350503700658793
