firstJ0,secondJ0,firstJ1,secondJ1
-0.6646610224888734,-0.6931471805599454,-0.8637360522995985,-0.6234922770755406
