firstJ0,secondJ0,firstJ1,secondJ1
-0.3851617866573704,-0.41841626045524216,-0.6005409611494501,-0.1938436277191733
