firstJ0,secondJ0,firstJ1,secondJ1
-0.30468161452084425,-0.6931471805599454,-0.42345856316055197,-0.7264312758689302
