firstJ0,secondJ0,firstJ1,secondJ1
-0.6646610224888734,-0.8155363966312261,-1.9196500220699226,-0.81959675544124
