firstJ0,secondJ0,firstJ1,secondJ1
-0.3446583866827406,-0.7695201593445196,-0.5166669430874113,-0.8165574857110668
