firstJ0,secondJ0,firstJ1,secondJ1
-0.3446583866827406,-0.46024745430037106,-0.44916410574629545,-0.35912086743681215
