firstJ0,secondJ0,firstJ1,secondJ1
-0.2672523527198354,-0.3981390680160917,-0.33896759617481104,-0.07821064402001175
