firstJ0,secondJ0,firstJ1,secondJ1
-0.2672523527198354,-0.35702514530809687,-0.3691532097992587,-0.13774196646862139
