firstJ0,secondJ0,firstJ1,secondJ1
-0.3446583866827406,-0.6931471805599454,-0.5166669430874113,-0.6645546515384408
