firstJ0,secondJ0,firstJ1,secondJ1
-0.2672523527198354,-0.5538115865178275,-0.3465212156303319,-0.47059929978463005
