firstJ0,secondJ0,firstJ1,secondJ1
-0.2672523527198354,-0.24294617861038934,-0.3465212156303319,-0.15017114223805633
