firstJ0,secondJ0,firstJ1,secondJ1
-0.30468161452084425,-0.503905180921417,-0.438012740023792,-0.33151207464969606
