firstJ0,secondJ0,firstJ1,secondJ1
-0.3851617866573704,-0.37469344944141036,-0.6005409611494501,-0.14969656355933816
