firstJ0,secondJ0,firstJ1,secondJ1
-0.2672523527198354,-0.6199149418889355,-0.3465212156303319,-0.5518275256308606
