firstJ0,secondJ0,firstJ1,secondJ1
-0.6646610224888734,-0.8932733619874069,-1.9196500220699226,-1.0805779587985371
