firstJ0,secondJ0,firstJ1,secondJ1
-0.2672523527198354,-0.24294617861038934,-0.33896759617481104,-0.0024517622830973057
