firstJ0,secondJ0,firstJ1,secondJ1
-0.30468161452084425,-0.4525104717982181,-0.438012740023792,-0.24802126524365586
