firstJ0,secondJ0,firstJ1,secondJ1
-0.3446583866827406,-0.510008963859435,-0.5166669430874113,-0.3195196879501924
