firstJ0,secondJ0,firstJ1,secondJ1
-0.6646610224888734,-0.8155363966312261,-0.8637360522995985,-0.7526396640590484
