firstJ0,secondJ0,firstJ1,secondJ1
-0.3446583866827406,-0.8550895750172478,-0.5334300834767092,-1.1137352054645093
