firstJ0,secondJ0,firstJ1,secondJ1
-0.30468161452084425,-0.4054651081081643,-0.42345856316055197,-0.05961762017398049
