firstJ0,secondJ0,firstJ1,secondJ1
-0.3851617866573704,-0.46608972992459924,-0.5029849976568824,-0.36744858727544644
