firstJ0,secondJ0,firstJ1,secondJ1
-0.6646610224888734,-0.748576985499276,-0.8637360522995985,-0.6818891134872255
