firstJ0,secondJ0,firstJ1,secondJ1
-0.30468161452084425,-0.4525104717982181,-0.3960470282922556,-0.3504753481523664
