firstJ0,secondJ0,firstJ1,secondJ1
-0.2672523527198354,-0.3981390680160917,-0.3691532097992587,-0.18944124200833934
