firstJ0,secondJ0,firstJ1,secondJ1
-0.30468161452084425,-0.3640550512363551,-0.42345856316055197,-0.029325736817281928
