firstJ0,secondJ0,firstJ1,secondJ1
-0.2672523527198354,-0.6931471805599454,-0.3691532097992587,-0.7384479269507666
