firstJ0,secondJ0,firstJ1,secondJ1
-0.3446583866827406,-0.626772111615073,-0.5166669430874113,-0.5314025756058017
