firstJ0,secondJ0,firstJ1,secondJ1
-0.3446583866827406,-0.6931471805599454,-0.5334300834767092,-0.6844980180698236
