firstJ0,secondJ0,firstJ1,secondJ1
-0.3446583866827406,-0.5645298027378516,-0.44916410574629545,-0.47118041612770295
