firstJ0,secondJ0,firstJ1,secondJ1
-0.3446583866827406,-0.32938953513601044,-0.5334300834767092,-0.013381742861404715
