firstJ0,secondJ0,firstJ1,secondJ1
-0.3446583866827406,-0.8550895750172478,-0.5166669430874113,-0.9800774451512926
