firstJ0,secondJ0,firstJ1,secondJ1
-0.2672523527198354,-0.31753503560146196,-0.3691532097992587,-0.0973086879909105
