firstJ0,secondJ0,firstJ1,secondJ1
-0.30468161452084425,-0.4525104717982181,-0.42345856316055197,-0.12133078539038389
