firstJ0,secondJ0,firstJ1,secondJ1
-0.3446583866827406,-0.46024745430037106,-0.5166669430874113,-0.2454827760734862
