firstJ0,secondJ0,firstJ1,secondJ1
-0.3446583866827406,-0.510008963859435,-0.44916410574629545,-0.41176554124180553
