firstJ0,secondJ0,firstJ1,secondJ1
-0.30468161452084425,-0.6931471805599454,-0.3960470282922556,-0.6295976958507513
