firstJ0,secondJ0,firstJ1,secondJ1
-0.2672523527198354,-0.444832890899184,-0.3691532097992587,-0.26140750260655365
