firstJ0,secondJ0,firstJ1,secondJ1
-0.30468161452084425,-0.32429181806434176,-0.42345856316055197,-0.013847905997642471
