firstJ0,secondJ0,firstJ1,secondJ1
-0.3446583866827406,-0.510008963859435,-0.5334300834767092,-0.18563473040744577
