firstJ0,secondJ0,firstJ1,secondJ1
-0.2672523527198354,-0.24294617861038934,-0.3691532097992587,-0.045394900300404294
