firstJ0,secondJ0,firstJ1,secondJ1
-0.2672523527198354,-0.31753503560146196,-0.33896759617481104,-0.016354619515444757
