firstJ0,secondJ0,firstJ1,secondJ1
-0.30468161452084425,-0.503905180921417,-0.42345856316055197,-0.2222363143814331
