firstJ0,secondJ0,firstJ1,secondJ1
-0.30468161452084425,-0.32429181806434176,-0.3960470282922556,-0.2238481506627902
