firstJ0,secondJ0,firstJ1,secondJ1
-0.3446583866827406,-0.4128452154057868,-0.5166669430874113,-0.18570426022454162
