firstJ0,secondJ0,firstJ1,secondJ1
-0.3851617866573704,-0.46608972992459924,-0.6677793153408964,-0.0936193227168032
