firstJ0,secondJ0,firstJ1,secondJ1
-0.3446583866827406,-0.5645298027378516,-0.5166669430874113,-0.41261475070085946
