firstJ0,secondJ0,firstJ1,secondJ1
-0.30468161452084425,-0.7721691675160964,-0.3960470282922556,-0.7272268431171153
