firstJ0,secondJ0,firstJ1,secondJ1
-0.3446583866827406,-0.6931471805599454,-0.44916410574629545,-0.6200064737322291
