firstJ0,secondJ0,firstJ1,secondJ1
-0.30468161452084425,-0.4054651081081643,-0.438012740023792,-0.1831138925882834
