firstJ0,secondJ0,firstJ1,secondJ1
-0.6646610224888734,-0.748576985499276,-1.1769147949636847,-0.6422899504796504
