firstJ0,secondJ0,firstJ1,secondJ1
-0.2672523527198354,-0.4978384282391796,-0.33896759617481104,-0.27229082702529733
