firstJ0,secondJ0,firstJ1,secondJ1
-0.2672523527198354,-0.6931471805599454,-0.33896759617481104,-0.7616245580173333
