firstJ0,secondJ0,firstJ1,secondJ1
-0.2672523527198354,-0.444832890899184,-0.3465212156303319,-0.3448941287148064
