firstJ0,secondJ0,firstJ1,secondJ1
-0.2672523527198354,-0.2795453310587191,-0.33896759617481104,-0.006573818802077855
