firstJ0,secondJ0,firstJ1,secondJ1
-0.2672523527198354,-0.4978384282391796,-0.3465212156303319,-0.404198015335018
