firstJ0,secondJ0,firstJ1,secondJ1
-0.30468161452084425,-0.3640550512363551,-0.3960470282922556,-0.2605278622743529
