firstJ0,secondJ0,firstJ1,secondJ1
-0.30468161452084425,-0.28441942681696425,-0.3960470282922556,-0.18853313942076508
