firstJ0,secondJ0,firstJ1,secondJ1
-0.3446583866827406,-0.3711347268244166,-0.44916410574629545,-0.2713706258719465
