firstJ0,secondJ0,firstJ1,secondJ1
-0.2672523527198354,-0.6199149418889355,-0.3691532097992587,-0.5968951065779783
