firstJ0,secondJ0,firstJ1,secondJ1
-0.30468161452084425,-0.32429181806434176,-0.438012740023792,-0.09994295783604042
