firstJ0,secondJ0,firstJ1,secondJ1
-0.3446583866827406,-0.3711347268244166,-0.5166669430874113,-0.14272757655095542
