firstJ0,secondJ0,firstJ1,secondJ1
-0.3446583866827406,-0.7695201593445196,-0.5334300834767092,-0.8991014338230076
