firstJ0,secondJ0,firstJ1,secondJ1
-0.30468161452084425,-0.5602287208384612,-0.438012740023792,-0.43538671043696053
