firstJ0,secondJ0,firstJ1,secondJ1
-0.3446583866827406,-0.8550895750172478,-0.44916410574629545,-0.8161875533382532
