firstJ0,secondJ0,firstJ1,secondJ1
-0.2672523527198354,-0.5538115865178275,-0.3691532097992587,-0.46466095301687116
