firstJ0,secondJ0,firstJ1,secondJ1
-0.30468161452084425,-0.4054651081081643,-0.3960470282922556,-0.3016276581940632
