firstJ0,secondJ0,firstJ1,secondJ1
-0.3851617866573704,-0.37469344944141036,-0.5029849976568824,-0.2794023047552442
