firstJ0,secondJ0,firstJ1,secondJ1
-0.30468161452084425,-0.622195444587661,-0.438012740023792,-0.559317830551808
