firstJ0,secondJ0,firstJ1,secondJ1
-0.3851617866573704,-0.5140989491109595,-0.6677793153408964,-0.1604367628454821
