firstJ0,secondJ0,firstJ1,secondJ1
-0.6646610224888734,-1.533930359925955,-1.9196500220699226,-3.118435526558636
