firstJ0,secondJ0,firstJ1,secondJ1
-0.3446583866827406,-0.32938953513601044,-0.44916410574629545,-0.23307347139084922
