firstJ0,secondJ0,firstJ1,secondJ1
-0.2672523527198354,-0.35702514530809687,-0.33896759617481104,-0.037700288559236496
