firstJ0,secondJ0,firstJ1,secondJ1
-0.30468161452084425,-0.28441942681696425,-0.438012740023792,-0.07007753948142562
