firstJ0,secondJ0,firstJ1,secondJ1
-0.6128663492991422,-1.1710248662365867,-0.798785287980457,-1.1394583376893532
