firstJ0,secondJ0,firstJ1,secondJ1
-0.6128663492991422,-1.2838793556918209,-1.0780572796237815,-1.602122856797109
