firstJ0,secondJ0,firstJ1,secondJ1
-0.6128663492991422,-1.4111095302396146,-1.0780572796237815,-1.8142396890736436
