firstJ0,secondJ0,firstJ1,secondJ1
-0.6128663492991422,-1.1710248662365867,-1.0780572796237815,-1.4023996527659341
