firstJ0,secondJ0,firstJ1,secondJ1
-0.6128663492991422,-1.2838793556918209,-1.6897569970155728,-2.476580620821147
