firstJ0,secondJ0,firstJ1,secondJ1
-0.6128663492991422,-1.2838793556918209,-0.798785287980457,-1.2660718194832414
