firstJ0,secondJ0,firstJ1,secondJ1
-0.6128663492991422,-1.1710248662365867,-1.6897569970155728,-2.1454752258782097
