firstJ0,secondJ0,firstJ1,secondJ1
-0.6128663492991422,-1.0732025731427417,-0.798785287980457,-1.0300469737935294
