firstJ0,secondJ0,firstJ1,secondJ1
-0.6646610224888734,-1.3961466575629022,-0.8637360522995985,-1.3878178797956209
