firstJ0,secondJ0,firstJ1,secondJ1
-0.6128663492991422,-1.4111095302396146,-1.6897569970155728,-2.7940336732802025
