firstJ0,secondJ0,firstJ1,secondJ1
-0.6128663492991422,-1.4111095302396146,-0.798785287980457,-1.4081042494056466
