firstJ0,secondJ0,firstJ1,secondJ1
-0.6128663492991422,-0.9808292530117265,-1.0780572796237815,-1.0556371696125602
