firstJ0,secondJ0,firstJ1,secondJ1
-0.6646610224888734,-1.3961466575629022,-1.1769147949636847,-1.7565590441263033
