firstJ0,secondJ0,firstJ1,secondJ1
-0.6128663492991422,-0.8992793860476187,-1.0780572796237815,-0.907638267909169
