firstJ0,secondJ0,firstJ1,secondJ1
-0.6128663492991422,-0.8992793860476187,-0.798785287980457,-0.8388247597275207
