firstJ0,secondJ0,firstJ1,secondJ1
-0.6128663492991422,-0.9808292530117265,-0.798785287980457,-0.9281309362068928
