firstJ0,secondJ0,firstJ1,secondJ1
-0.6128663492991422,-0.8238813685634068,-1.0780572796237815,-0.7757770711043408
