firstJ0,secondJ0,firstJ1,secondJ1
-0.6128663492991422,-0.8238813685634068,-0.798785287980457,-0.7574053114861662
