firstJ0,secondJ0,firstJ1,secondJ1
-0.6128663492991422,-1.0732025731427417,-1.0780572796237815,-1.223562847368608
