firstJ0,secondJ0,firstJ1,secondJ1
-0.6128663492991422,-1.0732025731427417,-1.6897569970155728,-1.82489327067523
