firstJ0,secondJ0,firstJ1,secondJ1
-0.6128663492991422,-0.9808292530117265,-1.6897569970155728,-1.500661678514904
