firstJ0,secondJ0,firstJ1,secondJ1
-0.6128663492991422,-0.8992793860476187,-1.6897569970155728,-1.1945734222685958
