firstJ0,secondJ0,firstJ1,secondJ1
-0.6128663492991422,-0.6406291462764989,-0.798785287980457,-0.5636375215773571
