firstJ0,secondJ0,firstJ1,secondJ1
-0.6128663492991422,-0.7537718023763804,-0.798785287980457,-0.6824871150103373
