firstJ0,secondJ0,firstJ1,secondJ1
-0.6128663492991422,-0.6931471805599453,-1.6897569970155728,-0.5128990504300711
