firstJ0,secondJ0,firstJ1,secondJ1
-0.6128663492991422,-0.6931471805599453,-0.798785287980457,-0.6185579744973666
