firstJ0,secondJ0,firstJ1,secondJ1
-0.6128663492991422,-0.6406291462764989,-1.0780572796237815,-0.48998232381243967
