firstJ0,secondJ0,firstJ1,secondJ1
-0.6128663492991422,-0.6931471805599453,-1.0780572796237815,-0.5674260856855629
