firstJ0,secondJ0,firstJ1,secondJ1
-0.6128663492991422,-0.6406291462764989,-1.6897569970155728,-0.3908776149300719
