firstJ0,secondJ0,firstJ1,secondJ1
-0.6128663492991422,-0.7537718023763804,-1.0780572796237815,-0.6604343612916338
