firstJ0,secondJ0,firstJ1,secondJ1
-0.6646610224888734,-1.3961466575629022,-1.9196500220699226,-2.7942926908511407
