firstJ0,secondJ0,firstJ1,secondJ1
-0.6128663492991422,-0.7537718023763804,-1.6897569970155728,-0.6737367808181799
