firstJ0,secondJ0,firstJ1,secondJ1
-0.6128663492991422,-0.8238813685634068,-1.6897569970155728,-0.908833681044823
