firstJ0,secondJ0,firstJ1,secondJ1
-0.5640761851297105,-1.0840134892469568,-1.462888726477986,-1.8839098135156318
