firstJ0,secondJ0,firstJ1,secondJ1
-0.5640761851297105,-1.301736973091828,-0.7367034789887865,-1.292273796217752
