firstJ0,secondJ0,firstJ1,secondJ1
-0.5640761851297105,-0.9873866535578855,-0.7367034789887865,-0.9364650174922494
