firstJ0,secondJ0,firstJ1,secondJ1
-0.5640761851297105,-1.0840134892469568,-0.9802823402615306,-1.279506819223253
