firstJ0,secondJ0,firstJ1,secondJ1
-0.5640761851297105,-1.301736973091828,-0.9802823402615306,-1.6656648221941381
