firstJ0,secondJ0,firstJ1,secondJ1
-0.5640761851297105,-1.301736973091828,-1.462888726477986,-2.482856236048282
