firstJ0,secondJ0,firstJ1,secondJ1
-0.6646610224888734,-1.2706923514098678,-0.8637360522995985,-1.2483263197608698
