firstJ0,secondJ0,firstJ1,secondJ1
-0.5640761851297105,-1.0840134892469568,-0.7367034789887865,-1.045222165309517
