firstJ0,secondJ0,firstJ1,secondJ1
-0.5640761851297105,-1.1869614584994,-0.7367034789887865,-1.1624406465415142
