firstJ0,secondJ0,firstJ1,secondJ1
-0.5640761851297105,-1.1869614584994,-0.9802823402615306,-1.4686265872681001
