firstJ0,secondJ0,firstJ1,secondJ1
-0.5640761851297105,-0.8294836241120768,-1.462888726477986,-0.9767511031528442
