firstJ0,secondJ0,firstJ1,secondJ1
-0.5640761851297105,-0.8294836241120768,-0.7367034789887865,-0.7606415228828796
