firstJ0,secondJ0,firstJ1,secondJ1
-0.5640761851297105,-0.9873866535578855,-0.9802823402615306,-1.0993015269376758
