firstJ0,secondJ0,firstJ1,secondJ1
-0.6646610224888734,-1.2706923514098678,-1.1769147949636847,-1.54048885131645
