firstJ0,secondJ0,firstJ1,secondJ1
-0.5640761851297105,-0.902295979587044,-0.9802823402615306,-0.9365445271085211
