firstJ0,secondJ0,firstJ1,secondJ1
-0.5640761851297105,-0.902295979587044,-0.7367034789887865,-0.841063017326428
