firstJ0,secondJ0,firstJ1,secondJ1
-0.5640761851297105,-0.9873866535578855,-1.462888726477986,-1.5647807082756757
