firstJ0,secondJ0,firstJ1,secondJ1
-0.5640761851297105,-0.902295979587044,-1.462888726477986,-1.2511201770302156
