firstJ0,secondJ0,firstJ1,secondJ1
-0.5640761851297105,-0.7589937463575315,-0.7367034789887865,-0.6846515966189957
