firstJ0,secondJ0,firstJ1,secondJ1
-0.5640761851297105,-0.8294836241120768,-0.9802823402615306,-0.8010908052125878
