firstJ0,secondJ0,firstJ1,secondJ1
-0.5640761851297105,-0.7589937463575315,-0.9802823402615306,-0.6787732200809178
