firstJ0,secondJ0,firstJ1,secondJ1
-0.5640761851297105,-0.6359887667199969,-0.7367034789887865,-0.5548758478400373
