firstJ0,secondJ0,firstJ1,secondJ1
-0.5640761851297105,-0.5841169360131566,-0.7367034789887865,-0.5013799985143877
