firstJ0,secondJ0,firstJ1,secondJ1
-0.5640761851297105,-0.5841169360131566,-1.462888726477986,-0.2845060020388922
