firstJ0,secondJ0,firstJ1,secondJ1
-0.6646610224888734,-1.2706923514098678,-1.9196500220699226,-2.434990617088587
