firstJ0,secondJ0,firstJ1,secondJ1
-0.5640761851297105,-0.5841169360131566,-0.9802823402615306,-0.41498131910748126
