firstJ0,secondJ0,firstJ1,secondJ1
-0.5640761851297105,-0.6359887667199969,-0.9802823402615306,-0.48788852804359795
