firstJ0,secondJ0,firstJ1,secondJ1
-0.5640761851297105,-0.6359887667199969,-1.462888726477986,-0.3872116467974496
