firstJ0,secondJ0,firstJ1,secondJ1
-0.5640761851297105,-0.7589937463575315,-1.462888726477986,-0.7215673280250778
