firstJ0,secondJ0,firstJ1,secondJ1
-0.5640761851297105,-0.6931471805599453,-0.7367034789887865,-0.6147779051523099
