firstJ0,secondJ0,firstJ1,secondJ1
-0.5640761851297105,-0.6931471805599453,-0.9802823402615306,-0.5734915203503146
