firstJ0,secondJ0,firstJ1,secondJ1
-0.5640761851297105,-0.6931471805599453,-1.462888726477986,-0.5236592032384871
