firstJ0,secondJ0,firstJ1,secondJ1
-0.5171233627362766,-1.09861228866811,-0.8824117648993726,-1.3345864759895825
