firstJ0,secondJ0,firstJ1,secondJ1
-0.5171233627362766,-1.2031561444193803,-0.6761470924973954,-1.1872721585772665
