firstJ0,secondJ0,firstJ1,secondJ1
-0.5171233627362766,-1.09861228866811,-1.238972524586968,-1.904928451530192
