firstJ0,secondJ0,firstJ1,secondJ1
-0.5171233627362766,-0.9973040902152313,-0.6761470924973954,-0.9506438261757628
