firstJ0,secondJ0,firstJ1,secondJ1
-0.5171233627362766,-1.2031561444193803,-0.8824117648993726,-1.5206932567839544
