firstJ0,secondJ0,firstJ1,secondJ1
-0.5171233627362766,-0.9973040902152313,-0.8824117648993726,-1.1454837873922035
