firstJ0,secondJ0,firstJ1,secondJ1
-0.5171233627362766,-1.2031561444193803,-1.238972524586968,-2.1741383812407764
