firstJ0,secondJ0,firstJ1,secondJ1
-0.5171233627362766,-0.9114007465799634,-0.6761470924973954,-0.8523908750409683
