firstJ0,secondJ0,firstJ1,secondJ1
-0.5171233627362766,-1.09861228866811,-0.6761470924973954,-1.0668921649693943
