firstJ0,secondJ0,firstJ1,secondJ1
-0.6646610224888734,-1.1631508098056809,-0.8637360522995985,-1.129215309330604
