isLong,bias0,bias1,prob
long,100,-100,0.00009712240382479676
short,100,-100,0.9999028775961752
