isLong,bias0,bias1,prob
long,3,-3,0.4111837242059786
short,3,-3,0.5888162757940216
