isLong,bias0,bias1,prob
long,100,-100,0.008590257605174335
short,100,-100,0.9914097423948259
