isLong,bias0,bias1,prob
long,3,-3,0.4415444842983226
short,3,-3,0.5584555157016773
