isLong,bias0,bias1,prob
long,3,-3,0.5428368358303881
short,3,-3,0.457163164169612
