isLong,bias0,bias1,prob
long,100,-100,0.2869206590710607
short,100,-100,0.7130793409289395
