isLong,bias0,bias1,prob
long,100,-100,0.43198332372824955
short,100,-100,0.5680166762717507
