isLong,bias0,bias1,prob
long,3,-3,0.5798632030998667
short,3,-3,0.4201367969001331
