isLong,bias0,bias1,prob
long,-20,100,0.07142857142857674
long,-50,100,0.07142857142857674
long,-100,100,0.07142857142857674
long,100,100,0.07142857142857674
long,50,100,0.07142857142857674
long,20,100,0.07142857142857674
long,0,100,0.07142857142857674
short,-20,100,0.07142857142857674
short,-50,100,0.07142857142857674
short,-100,100,0.07142857142857674
short,100,100,0.07142857142857674
short,50,100,0.07142857142857674
short,20,100,0.07142857142857674
short,0,100,0.07142857142857674
